block,arm,family,seed,readout,readout_family,arm_set,task,shape,pr_auc,n_test,n_test_pos,pooling,roc_auc,r2,rmse,spearman,log_target,pool_cache,subset_cache
v1,features,features,-1,mean,linear,features_only,pulsating,detection,0.7885316083142139,2021,216.0,,,,,,,C:\git_repo\Stellar-World-Model\experiments\exp08_menu_channel\mu_cache,C:\git_repo\Stellar-World-Model\experiments\exp08_menu_channel\subset_mu_cache
v1,features,features,-1,mean,linear,features_only,eb,detection,0.7415706666682151,2021,196.0,,,,,,,C:\git_repo\Stellar-World-Model\experiments\exp08_menu_channel\mu_cache,C:\git_repo\Stellar-World-Model\experiments\exp08_menu_channel\subset_mu_cache
v1,features,features,-1,mean,linear,features_only,rotation,detection,0.5399058270366012,2021,180.0,,,,,,,C:\git_repo\Stellar-World-Model\experiments\exp08_menu_channel\mu_cache,C:\git_repo\Stellar-World-Model\experiments\exp08_menu_channel\subset_mu_cache
v1,features,features,-1,mean,linear,features_only,transit,detection,0.19009745679945578,2021,122.0,,,,,,,C:\git_repo\Stellar-World-Model\experiments\exp08_menu_channel\mu_cache,C:\git_repo\Stellar-World-Model\experiments\exp08_menu_channel\subset_mu_cache
v1,hann0p3_fbwd_s0,hann0p3_fbwd,0,mean,linear,mu,pulsating,detection,0.8078347046895418,2021,216.0,,,,,,,C:\git_repo\Stellar-World-Model\experiments\exp08_menu_channel\mu_cache,C:\git_repo\Stellar-World-Model\experiments\exp08_menu_channel\subset_mu_cache
v1,hann0p3_fbwd_s0,hann0p3_fbwd,0,mean,linear,mu,eb,detection,0.769204351079843,2021,196.0,,,,,,,C:\git_repo\Stellar-World-Model\experiments\exp08_menu_channel\mu_cache,C:\git_repo\Stellar-World-Model\experiments\exp08_menu_channel\subset_mu_cache
v1,hann0p3_fbwd_s0,hann0p3_fbwd,0,mean,linear,mu,rotation,detection,0.5780582005767756,2021,180.0,,,,,,,C:\git_repo\Stellar-World-Model\experiments\exp08_menu_channel\mu_cache,C:\git_repo\Stellar-World-Model\experiments\exp08_menu_channel\subset_mu_cache
v1,hann0p3_fbwd_s0,hann0p3_fbwd,0,mean,linear,mu,transit,detection,0.13794670485170285,2021,122.0,,,,,,,C:\git_repo\Stellar-World-Model\experiments\exp08_menu_channel\mu_cache,C:\git_repo\Stellar-World-Model\experiments\exp08_menu_channel\subset_mu_cache
v1,hann0p3_fbwd_s0,hann0p3_fbwd,0,mean,linear,features_plus_mu,pulsating,detection,0.8454183095271697,2021,216.0,,,,,,,C:\git_repo\Stellar-World-Model\experiments\exp08_menu_channel\mu_cache,C:\git_repo\Stellar-World-Model\experiments\exp08_menu_channel\subset_mu_cache
v1,hann0p3_fbwd_s0,hann0p3_fbwd,0,mean,linear,features_plus_mu,eb,detection,0.7807345735026034,2021,196.0,,,,,,,C:\git_repo\Stellar-World-Model\experiments\exp08_menu_channel\mu_cache,C:\git_repo\Stellar-World-Model\experiments\exp08_menu_channel\subset_mu_cache
v1,hann0p3_fbwd_s0,hann0p3_fbwd,0,mean,linear,features_plus_mu,rotation,detection,0.5774477450709657,2021,180.0,,,,,,,C:\git_repo\Stellar-World-Model\experiments\exp08_menu_channel\mu_cache,C:\git_repo\Stellar-World-Model\experiments\exp08_menu_channel\subset_mu_cache
v1,hann0p3_fbwd_s0,hann0p3_fbwd,0,mean,linear,features_plus_mu,transit,detection,0.21805152884168405,2021,122.0,,,,,,,C:\git_repo\Stellar-World-Model\experiments\exp08_menu_channel\mu_cache,C:\git_repo\Stellar-World-Model\experiments\exp08_menu_channel\subset_mu_cache
v1,hann0p3_fbwd_s0,hann0p3_fbwd,0,mean,linear,mu_perp_full,pulsating,detection,0.3968683814376276,2021,216.0,,,,,,,C:\git_repo\Stellar-World-Model\experiments\exp08_menu_channel\mu_cache,C:\git_repo\Stellar-World-Model\experiments\exp08_menu_channel\subset_mu_cache
v1,hann0p3_fbwd_s0,hann0p3_fbwd,0,mean,linear,mu_perp_full,eb,detection,0.29292426897840346,2021,196.0,,,,,,,C:\git_repo\Stellar-World-Model\experiments\exp08_menu_channel\mu_cache,C:\git_repo\Stellar-World-Model\experiments\exp08_menu_channel\subset_mu_cache
v1,hann0p3_fbwd_s0,hann0p3_fbwd,0,mean,linear,mu_perp_full,rotation,detection,0.25257643864539325,2021,180.0,,,,,,,C:\git_repo\Stellar-World-Model\experiments\exp08_menu_channel\mu_cache,C:\git_repo\Stellar-World-Model\experiments\exp08_menu_channel\subset_mu_cache
v1,hann0p3_fbwd_s0,hann0p3_fbwd,0,mean,linear,mu_perp_full,transit,detection,0.12617484580043095,2021,122.0,,,,,,,C:\git_repo\Stellar-World-Model\experiments\exp08_menu_channel\mu_cache,C:\git_repo\Stellar-World-Model\experiments\exp08_menu_channel\subset_mu_cache
menu,features,features,-1,mean,linear,features_only,osc_giant,detection,0.9204155602510234,3429,1313.0,mean,0.9625462691681411,,,,,C:\git_repo\Stellar-World-Model\experiments\exp08_menu_channel\mu_cache,C:\git_repo\Stellar-World-Model\experiments\exp08_menu_channel\subset_mu_cache
menu,features,features,-1,mean,linear,features_only,solar_like_osc,detection,0.31974740513257766,3429,417.0,mean,0.8111733720593246,,,,,C:\git_repo\Stellar-World-Model\experiments\exp08_menu_channel\mu_cache,C:\git_repo\Stellar-World-Model\experiments\exp08_menu_channel\subset_mu_cache
menu,features,features,-1,mean,linear,features_only,flare,detection,0.47375755839475675,3429,304.0,mean,0.8891084210526317,,,,,C:\git_repo\Stellar-World-Model\experiments\exp08_menu_channel\mu_cache,C:\git_repo\Stellar-World-Model\experiments\exp08_menu_channel\subset_mu_cache
menu,features,features,-1,mean,linear,features_only,rgb_vs_heb,contrastive,0.8657910538657709,161,113.0,mean,0.758296460176991,,,,,C:\git_repo\Stellar-World-Model\experiments\exp08_menu_channel\mu_cache,C:\git_repo\Stellar-World-Model\experiments\exp08_menu_channel\subset_mu_cache
menu,features,features,-1,mean,linear,features_only,numax_hon,regression,,1313,,mean,,0.8308724422696793,0.08538053192313412,0.8882023658848648,True,C:\git_repo\Stellar-World-Model\experiments\exp08_menu_channel\mu_cache,C:\git_repo\Stellar-World-Model\experiments\exp08_menu_channel\subset_mu_cache
menu,features,features,-1,mean,linear,features_only,numax_hatt,regression,,417,,mean,,0.8704233129283345,0.15459260612345269,0.9282181396570135,True,C:\git_repo\Stellar-World-Model\experiments\exp08_menu_channel\mu_cache,C:\git_repo\Stellar-World-Model\experiments\exp08_menu_channel\subset_mu_cache
menu,features,features,-1,mean,linear,features_only,dnu_hatt,regression,,417,,mean,,0.861274478126558,0.12806231535770868,0.923085165873621,True,C:\git_repo\Stellar-World-Model\experiments\exp08_menu_channel\mu_cache,C:\git_repo\Stellar-World-Model\experiments\exp08_menu_channel\subset_mu_cache
menu,features,features,-1,mean,linear,features_only,prot_kounkel,regression,,138,,mean,,0.5181869528447065,1.0484389682441904,0.8202772447227132,False,C:\git_repo\Stellar-World-Model\experiments\exp08_menu_channel\mu_cache,C:\git_repo\Stellar-World-Model\experiments\exp08_menu_channel\subset_mu_cache
menu,features,features,-1,mean,linear,features_only,rotation_period,regression,,150,,mean,,0.7033665761576867,0.5922647668540745,0.7202257878127917,False,C:\git_repo\Stellar-World-Model\experiments\exp08_menu_channel\mu_cache,C:\git_repo\Stellar-World-Model\experiments\exp08_menu_channel\subset_mu_cache
menu,features,features,-1,mean,linear,features_only,ijspeert,detection,0.5083851396314705,2021,93.0,mean,0.8646377102574399,,,,,C:\git_repo\Stellar-World-Model\experiments\exp08_menu_channel\mu_cache,C:\git_repo\Stellar-World-Model\experiments\exp08_menu_channel\subset_mu_cache
menu,features,features,-1,mean,linear,features_only,ijspeert_excl_villanova,detection,0.30654555028872466,1825,19.0,mean,0.7858308562102931,,,,,C:\git_repo\Stellar-World-Model\experiments\exp08_menu_channel\mu_cache,C:\git_repo\Stellar-World-Model\experiments\exp08_menu_channel\subset_mu_cache
menu,hann0p3_fbwd_s0,hann0p3_fbwd,0,mean,linear,mu,osc_giant,detection,0.858393372752053,3429,1313.0,mean,0.9393342998688411,,,,,C:\git_repo\Stellar-World-Model\experiments\exp08_menu_channel\mu_cache,C:\git_repo\Stellar-World-Model\experiments\exp08_menu_channel\subset_mu_cache
menu,hann0p3_fbwd_s0,hann0p3_fbwd,0,mean,linear,mu,solar_like_osc,detection,0.33331041229362857,3429,417.0,mean,0.8170738309750606,,,,,C:\git_repo\Stellar-World-Model\experiments\exp08_menu_channel\mu_cache,C:\git_repo\Stellar-World-Model\experiments\exp08_menu_channel\subset_mu_cache
menu,hann0p3_fbwd_s0,hann0p3_fbwd,0,mean,linear,mu,flare,detection,0.44259998245412446,3429,304.0,mean,0.8735073684210526,,,,,C:\git_repo\Stellar-World-Model\experiments\exp08_menu_channel\mu_cache,C:\git_repo\Stellar-World-Model\experiments\exp08_menu_channel\subset_mu_cache
menu,hann0p3_fbwd_s0,hann0p3_fbwd,0,mean,linear,mu,rgb_vs_heb,contrastive,0.8383319995427334,161,113.0,mean,0.6699852507374632,,,,,C:\git_repo\Stellar-World-Model\experiments\exp08_menu_channel\mu_cache,C:\git_repo\Stellar-World-Model\experiments\exp08_menu_channel\subset_mu_cache
menu,hann0p3_fbwd_s0,hann0p3_fbwd,0,mean,linear,mu,numax_hon,regression,,1313,,mean,,0.7988630265684362,0.09311027789158002,0.8453336910721724,True,C:\git_repo\Stellar-World-Model\experiments\exp08_menu_channel\mu_cache,C:\git_repo\Stellar-World-Model\experiments\exp08_menu_channel\subset_mu_cache
menu,hann0p3_fbwd_s0,hann0p3_fbwd,0,mean,linear,mu,numax_hatt,regression,,417,,mean,,0.8202224648536935,0.18209289200016246,0.8993450011469055,True,C:\git_repo\Stellar-World-Model\experiments\exp08_menu_channel\mu_cache,C:\git_repo\Stellar-World-Model\experiments\exp08_menu_channel\subset_mu_cache
menu,hann0p3_fbwd_s0,hann0p3_fbwd,0,mean,linear,mu,dnu_hatt,regression,,417,,mean,,0.8126911254733296,0.1488066511451437,0.8942968810025762,True,C:\git_repo\Stellar-World-Model\experiments\exp08_menu_channel\mu_cache,C:\git_repo\Stellar-World-Model\experiments\exp08_menu_channel\subset_mu_cache
menu,hann0p3_fbwd_s0,hann0p3_fbwd,0,mean,linear,mu,prot_kounkel,regression,,138,,mean,,0.38477441236968735,1.1847345972792598,0.751163557947787,False,C:\git_repo\Stellar-World-Model\experiments\exp08_menu_channel\mu_cache,C:\git_repo\Stellar-World-Model\experiments\exp08_menu_channel\subset_mu_cache
menu,hann0p3_fbwd_s0,hann0p3_fbwd,0,mean,linear,mu,rotation_period,regression,,150,,mean,,0.6803020237429429,0.6148593746218511,0.8221787635006,False,C:\git_repo\Stellar-World-Model\experiments\exp08_menu_channel\mu_cache,C:\git_repo\Stellar-World-Model\experiments\exp08_menu_channel\subset_mu_cache
menu,hann0p3_fbwd_s0,hann0p3_fbwd,0,mean,linear,mu,ijspeert,detection,0.4433266347385776,2021,93.0,mean,0.871876812564137,,,,,C:\git_repo\Stellar-World-Model\experiments\exp08_menu_channel\mu_cache,C:\git_repo\Stellar-World-Model\experiments\exp08_menu_channel\subset_mu_cache
menu,hann0p3_fbwd_s0,hann0p3_fbwd,0,mean,linear,mu,ijspeert_excl_villanova,detection,0.3023268982893033,1825,19.0,mean,0.7633618931048551,,,,,C:\git_repo\Stellar-World-Model\experiments\exp08_menu_channel\mu_cache,C:\git_repo\Stellar-World-Model\experiments\exp08_menu_channel\subset_mu_cache
menu,hann0p3_fbwd_s0,hann0p3_fbwd,0,mean,linear,features_plus_mu,osc_giant,detection,0.9165449726382452,3429,1313.0,mean,0.962437209985358,,,,,C:\git_repo\Stellar-World-Model\experiments\exp08_menu_channel\mu_cache,C:\git_repo\Stellar-World-Model\experiments\exp08_menu_channel\subset_mu_cache
menu,hann0p3_fbwd_s0,hann0p3_fbwd,0,mean,linear,features_plus_mu,solar_like_osc,detection,0.3857875136642284,3429,417.0,mean,0.8343365148518634,,,,,C:\git_repo\Stellar-World-Model\experiments\exp08_menu_channel\mu_cache,C:\git_repo\Stellar-World-Model\experiments\exp08_menu_channel\subset_mu_cache
menu,hann0p3_fbwd_s0,hann0p3_fbwd,0,mean,linear,features_plus_mu,flare,detection,0.5246544067929642,3429,304.0,mean,0.9017736842105263,,,,,C:\git_repo\Stellar-World-Model\experiments\exp08_menu_channel\mu_cache,C:\git_repo\Stellar-World-Model\experiments\exp08_menu_channel\subset_mu_cache
menu,hann0p3_fbwd_s0,hann0p3_fbwd,0,mean,linear,features_plus_mu,rgb_vs_heb,contrastive,0.8630736182450204,161,113.0,mean,0.7275073746312684,,,,,C:\git_repo\Stellar-World-Model\experiments\exp08_menu_channel\mu_cache,C:\git_repo\Stellar-World-Model\experiments\exp08_menu_channel\subset_mu_cache
menu,hann0p3_fbwd_s0,hann0p3_fbwd,0,mean,linear,features_plus_mu,numax_hon,regression,,1313,,mean,,0.8646235053384046,0.07638767640880237,0.893356467139412,True,C:\git_repo\Stellar-World-Model\experiments\exp08_menu_channel\mu_cache,C:\git_repo\Stellar-World-Model\experiments\exp08_menu_channel\subset_mu_cache
menu,hann0p3_fbwd_s0,hann0p3_fbwd,0,mean,linear,features_plus_mu,numax_hatt,regression,,417,,mean,,0.8771374746561849,0.15053413848126532,0.9362950356187894,True,C:\git_repo\Stellar-World-Model\experiments\exp08_menu_channel\mu_cache,C:\git_repo\Stellar-World-Model\experiments\exp08_menu_channel\subset_mu_cache
menu,hann0p3_fbwd_s0,hann0p3_fbwd,0,mean,linear,features_plus_mu,dnu_hatt,regression,,417,,mean,,0.8671039172719064,0.12534276068108013,0.931558368419085,True,C:\git_repo\Stellar-World-Model\experiments\exp08_menu_channel\mu_cache,C:\git_repo\Stellar-World-Model\experiments\exp08_menu_channel\subset_mu_cache
menu,hann0p3_fbwd_s0,hann0p3_fbwd,0,mean,linear,features_plus_mu,prot_kounkel,regression,,138,,mean,,0.5042310788409831,1.0635147690921343,0.7962629155793525,False,C:\git_repo\Stellar-World-Model\experiments\exp08_menu_channel\mu_cache,C:\git_repo\Stellar-World-Model\experiments\exp08_menu_channel\subset_mu_cache
menu,hann0p3_fbwd_s0,hann0p3_fbwd,0,mean,linear,features_plus_mu,rotation_period,regression,,150,,mean,,0.7282742156548045,0.5668540853482624,0.7660802702342328,False,C:\git_repo\Stellar-World-Model\experiments\exp08_menu_channel\mu_cache,C:\git_repo\Stellar-World-Model\experiments\exp08_menu_channel\subset_mu_cache
menu,hann0p3_fbwd_s0,hann0p3_fbwd,0,mean,linear,features_plus_mu,ijspeert,detection,0.433320698639788,2021,93.0,mean,0.8909561415250078,,,,,C:\git_repo\Stellar-World-Model\experiments\exp08_menu_channel\mu_cache,C:\git_repo\Stellar-World-Model\experiments\exp08_menu_channel\subset_mu_cache
menu,hann0p3_fbwd_s0,hann0p3_fbwd,0,mean,linear,features_plus_mu,ijspeert_excl_villanova,detection,0.4248571276098334,1825,19.0,mean,0.813953488372093,,,,,C:\git_repo\Stellar-World-Model\experiments\exp08_menu_channel\mu_cache,C:\git_repo\Stellar-World-Model\experiments\exp08_menu_channel\subset_mu_cache
menu,hann0p3_fbwd_s0,hann0p3_fbwd,0,mean,linear,mu_perp_full,osc_giant,detection,0.5336528911271678,3429,1313.0,mean,0.6997798660191743,,,,,C:\git_repo\Stellar-World-Model\experiments\exp08_menu_channel\mu_cache,C:\git_repo\Stellar-World-Model\experiments\exp08_menu_channel\subset_mu_cache
menu,hann0p3_fbwd_s0,hann0p3_fbwd,0,mean,linear,mu_perp_full,solar_like_osc,detection,0.22867255236661982,3429,417.0,mean,0.6803417823510116,,,,,C:\git_repo\Stellar-World-Model\experiments\exp08_menu_channel\mu_cache,C:\git_repo\Stellar-World-Model\experiments\exp08_menu_channel\subset_mu_cache
menu,hann0p3_fbwd_s0,hann0p3_fbwd,0,mean,linear,mu_perp_full,flare,detection,0.2160984583589682,3429,304.0,mean,0.6567378947368422,,,,,C:\git_repo\Stellar-World-Model\experiments\exp08_menu_channel\mu_cache,C:\git_repo\Stellar-World-Model\experiments\exp08_menu_channel\subset_mu_cache
menu,hann0p3_fbwd_s0,hann0p3_fbwd,0,mean,linear,mu_perp_full,rgb_vs_heb,contrastive,0.7415427581338636,161,113.0,mean,0.5639749262536874,,,,,C:\git_repo\Stellar-World-Model\experiments\exp08_menu_channel\mu_cache,C:\git_repo\Stellar-World-Model\experiments\exp08_menu_channel\subset_mu_cache
menu,hann0p3_fbwd_s0,hann0p3_fbwd,0,mean,linear,mu_perp_full,numax_hon,regression,,1313,,mean,,0.49633545104912147,0.14734057459426964,0.7302051121234379,True,C:\git_repo\Stellar-World-Model\experiments\exp08_menu_channel\mu_cache,C:\git_repo\Stellar-World-Model\experiments\exp08_menu_channel\subset_mu_cache
menu,hann0p3_fbwd_s0,hann0p3_fbwd,0,mean,linear,mu_perp_full,numax_hatt,regression,,417,,mean,,0.28000564698404407,0.3644096152692398,0.5139587125157872,True,C:\git_repo\Stellar-World-Model\experiments\exp08_menu_channel\mu_cache,C:\git_repo\Stellar-World-Model\experiments\exp08_menu_channel\subset_mu_cache
menu,hann0p3_fbwd_s0,hann0p3_fbwd,0,mean,linear,mu_perp_full,dnu_hatt,regression,,417,,mean,,0.2795694033634478,0.291836252885532,0.5137894338062962,True,C:\git_repo\Stellar-World-Model\experiments\exp08_menu_channel\mu_cache,C:\git_repo\Stellar-World-Model\experiments\exp08_menu_channel\subset_mu_cache
menu,hann0p3_fbwd_s0,hann0p3_fbwd,0,mean,linear,mu_perp_full,prot_kounkel,regression,,138,,mean,,0.09715275594628692,1.4351953368533614,0.38751930701402104,False,C:\git_repo\Stellar-World-Model\experiments\exp08_menu_channel\mu_cache,C:\git_repo\Stellar-World-Model\experiments\exp08_menu_channel\subset_mu_cache
menu,hann0p3_fbwd_s0,hann0p3_fbwd,0,mean,linear,mu_perp_full,rotation_period,regression,,150,,mean,,0.1154409083964939,1.0227495115193148,0.2561802746788746,False,C:\git_repo\Stellar-World-Model\experiments\exp08_menu_channel\mu_cache,C:\git_repo\Stellar-World-Model\experiments\exp08_menu_channel\subset_mu_cache
menu,hann0p3_fbwd_s0,hann0p3_fbwd,0,mean,linear,mu_perp_full,ijspeert,detection,0.14310040076745964,2021,93.0,mean,0.6455126489091151,,,,,C:\git_repo\Stellar-World-Model\experiments\exp08_menu_channel\mu_cache,C:\git_repo\Stellar-World-Model\experiments\exp08_menu_channel\subset_mu_cache
menu,hann0p3_fbwd_s0,hann0p3_fbwd,0,mean,linear,mu_perp_full,ijspeert_excl_villanova,detection,0.23490468840234477,1825,19.0,mean,0.7831788774261235,,,,,C:\git_repo\Stellar-World-Model\experiments\exp08_menu_channel\mu_cache,C:\git_repo\Stellar-World-Model\experiments\exp08_menu_channel\subset_mu_cache
v1,features,features,-1,mean_std,linear,features_only,pulsating,detection,0.7885316083142139,2021,216.0,,,,,,,C:\git_repo\Stellar-World-Model\experiments\exp08_menu_channel\mu_cache,C:\git_repo\Stellar-World-Model\experiments\exp08_menu_channel\subset_mu_cache
v1,features,features,-1,mean_std,linear,features_only,eb,detection,0.7415706666682151,2021,196.0,,,,,,,C:\git_repo\Stellar-World-Model\experiments\exp08_menu_channel\mu_cache,C:\git_repo\Stellar-World-Model\experiments\exp08_menu_channel\subset_mu_cache
v1,features,features,-1,mean_std,linear,features_only,rotation,detection,0.5399058270366012,2021,180.0,,,,,,,C:\git_repo\Stellar-World-Model\experiments\exp08_menu_channel\mu_cache,C:\git_repo\Stellar-World-Model\experiments\exp08_menu_channel\subset_mu_cache
v1,features,features,-1,mean_std,linear,features_only,transit,detection,0.19009745679945578,2021,122.0,,,,,,,C:\git_repo\Stellar-World-Model\experiments\exp08_menu_channel\mu_cache,C:\git_repo\Stellar-World-Model\experiments\exp08_menu_channel\subset_mu_cache
v1,hann0p3_fbwd_s0,hann0p3_fbwd,0,mean_std,linear,mu,pulsating,detection,0.808814047243042,2021,216.0,,,,,,,C:\git_repo\Stellar-World-Model\experiments\exp08_menu_channel\mu_cache,C:\git_repo\Stellar-World-Model\experiments\exp08_menu_channel\subset_mu_cache
v1,hann0p3_fbwd_s0,hann0p3_fbwd,0,mean_std,linear,mu,eb,detection,0.797215550416123,2021,196.0,,,,,,,C:\git_repo\Stellar-World-Model\experiments\exp08_menu_channel\mu_cache,C:\git_repo\Stellar-World-Model\experiments\exp08_menu_channel\subset_mu_cache
v1,hann0p3_fbwd_s0,hann0p3_fbwd,0,mean_std,linear,mu,rotation,detection,0.5391221550563022,2021,180.0,,,,,,,C:\git_repo\Stellar-World-Model\experiments\exp08_menu_channel\mu_cache,C:\git_repo\Stellar-World-Model\experiments\exp08_menu_channel\subset_mu_cache
v1,hann0p3_fbwd_s0,hann0p3_fbwd,0,mean_std,linear,mu,transit,detection,0.21564405420250085,2021,122.0,,,,,,,C:\git_repo\Stellar-World-Model\experiments\exp08_menu_channel\mu_cache,C:\git_repo\Stellar-World-Model\experiments\exp08_menu_channel\subset_mu_cache
v1,hann0p3_fbwd_s0,hann0p3_fbwd,0,mean_std,linear,features_plus_mu,pulsating,detection,0.8482815669409262,2021,216.0,,,,,,,C:\git_repo\Stellar-World-Model\experiments\exp08_menu_channel\mu_cache,C:\git_repo\Stellar-World-Model\experiments\exp08_menu_channel\subset_mu_cache
v1,hann0p3_fbwd_s0,hann0p3_fbwd,0,mean_std,linear,features_plus_mu,eb,detection,0.7949642642510573,2021,196.0,,,,,,,C:\git_repo\Stellar-World-Model\experiments\exp08_menu_channel\mu_cache,C:\git_repo\Stellar-World-Model\experiments\exp08_menu_channel\subset_mu_cache
v1,hann0p3_fbwd_s0,hann0p3_fbwd,0,mean_std,linear,features_plus_mu,rotation,detection,0.5445100842612122,2021,180.0,,,,,,,C:\git_repo\Stellar-World-Model\experiments\exp08_menu_channel\mu_cache,C:\git_repo\Stellar-World-Model\experiments\exp08_menu_channel\subset_mu_cache
v1,hann0p3_fbwd_s0,hann0p3_fbwd,0,mean_std,linear,features_plus_mu,transit,detection,0.21904630115574544,2021,122.0,,,,,,,C:\git_repo\Stellar-World-Model\experiments\exp08_menu_channel\mu_cache,C:\git_repo\Stellar-World-Model\experiments\exp08_menu_channel\subset_mu_cache
v1,hann0p3_fbwd_s0,hann0p3_fbwd,0,mean_std,linear,mu_perp_full,pulsating,detection,0.38981581994740394,2021,216.0,,,,,,,C:\git_repo\Stellar-World-Model\experiments\exp08_menu_channel\mu_cache,C:\git_repo\Stellar-World-Model\experiments\exp08_menu_channel\subset_mu_cache
v1,hann0p3_fbwd_s0,hann0p3_fbwd,0,mean_std,linear,mu_perp_full,eb,detection,0.38024623631103577,2021,196.0,,,,,,,C:\git_repo\Stellar-World-Model\experiments\exp08_menu_channel\mu_cache,C:\git_repo\Stellar-World-Model\experiments\exp08_menu_channel\subset_mu_cache
v1,hann0p3_fbwd_s0,hann0p3_fbwd,0,mean_std,linear,mu_perp_full,rotation,detection,0.25080918307355976,2021,180.0,,,,,,,C:\git_repo\Stellar-World-Model\experiments\exp08_menu_channel\mu_cache,C:\git_repo\Stellar-World-Model\experiments\exp08_menu_channel\subset_mu_cache
v1,hann0p3_fbwd_s0,hann0p3_fbwd,0,mean_std,linear,mu_perp_full,transit,detection,0.12123252720930279,2021,122.0,,,,,,,C:\git_repo\Stellar-World-Model\experiments\exp08_menu_channel\mu_cache,C:\git_repo\Stellar-World-Model\experiments\exp08_menu_channel\subset_mu_cache
menu,features,features,-1,mean_std,linear,features_only,osc_giant,detection,0.9204155602510234,3429,1313.0,mean,0.9625462691681411,,,,,C:\git_repo\Stellar-World-Model\experiments\exp08_menu_channel\mu_cache,C:\git_repo\Stellar-World-Model\experiments\exp08_menu_channel\subset_mu_cache
menu,features,features,-1,mean_std,linear,features_only,solar_like_osc,detection,0.31974740513257766,3429,417.0,mean,0.8111733720593246,,,,,C:\git_repo\Stellar-World-Model\experiments\exp08_menu_channel\mu_cache,C:\git_repo\Stellar-World-Model\experiments\exp08_menu_channel\subset_mu_cache
menu,features,features,-1,mean_std,linear,features_only,flare,detection,0.47375755839475675,3429,304.0,mean,0.8891084210526317,,,,,C:\git_repo\Stellar-World-Model\experiments\exp08_menu_channel\mu_cache,C:\git_repo\Stellar-World-Model\experiments\exp08_menu_channel\subset_mu_cache
menu,features,features,-1,mean_std,linear,features_only,rgb_vs_heb,contrastive,0.8657910538657709,161,113.0,mean,0.758296460176991,,,,,C:\git_repo\Stellar-World-Model\experiments\exp08_menu_channel\mu_cache,C:\git_repo\Stellar-World-Model\experiments\exp08_menu_channel\subset_mu_cache
menu,features,features,-1,mean_std,linear,features_only,numax_hon,regression,,1313,,mean,,0.8308724422696793,0.08538053192313412,0.8882023658848648,True,C:\git_repo\Stellar-World-Model\experiments\exp08_menu_channel\mu_cache,C:\git_repo\Stellar-World-Model\experiments\exp08_menu_channel\subset_mu_cache
menu,features,features,-1,mean_std,linear,features_only,numax_hatt,regression,,417,,mean,,0.8704233129283345,0.15459260612345269,0.9282181396570135,True,C:\git_repo\Stellar-World-Model\experiments\exp08_menu_channel\mu_cache,C:\git_repo\Stellar-World-Model\experiments\exp08_menu_channel\subset_mu_cache
menu,features,features,-1,mean_std,linear,features_only,dnu_hatt,regression,,417,,mean,,0.861274478126558,0.12806231535770868,0.923085165873621,True,C:\git_repo\Stellar-World-Model\experiments\exp08_menu_channel\mu_cache,C:\git_repo\Stellar-World-Model\experiments\exp08_menu_channel\subset_mu_cache
menu,features,features,-1,mean_std,linear,features_only,prot_kounkel,regression,,138,,mean,,0.5181869528447065,1.0484389682441904,0.8202772447227132,False,C:\git_repo\Stellar-World-Model\experiments\exp08_menu_channel\mu_cache,C:\git_repo\Stellar-World-Model\experiments\exp08_menu_channel\subset_mu_cache
menu,features,features,-1,mean_std,linear,features_only,rotation_period,regression,,150,,mean,,0.7033665761576867,0.5922647668540745,0.7202257878127917,False,C:\git_repo\Stellar-World-Model\experiments\exp08_menu_channel\mu_cache,C:\git_repo\Stellar-World-Model\experiments\exp08_menu_channel\subset_mu_cache
menu,features,features,-1,mean_std,linear,features_only,ijspeert,detection,0.5083851396314705,2021,93.0,mean,0.8646377102574399,,,,,C:\git_repo\Stellar-World-Model\experiments\exp08_menu_channel\mu_cache,C:\git_repo\Stellar-World-Model\experiments\exp08_menu_channel\subset_mu_cache
menu,features,features,-1,mean_std,linear,features_only,ijspeert_excl_villanova,detection,0.30654555028872466,1825,19.0,mean,0.7858308562102931,,,,,C:\git_repo\Stellar-World-Model\experiments\exp08_menu_channel\mu_cache,C:\git_repo\Stellar-World-Model\experiments\exp08_menu_channel\subset_mu_cache
menu,hann0p3_fbwd_s0,hann0p3_fbwd,0,mean_std,linear,mu,osc_giant,detection,0.8965231069857901,3429,1313.0,mean,0.9518588291866847,,,,,C:\git_repo\Stellar-World-Model\experiments\exp08_menu_channel\mu_cache,C:\git_repo\Stellar-World-Model\experiments\exp08_menu_channel\subset_mu_cache
menu,hann0p3_fbwd_s0,hann0p3_fbwd,0,mean_std,linear,mu,solar_like_osc,detection,0.34263098489832733,3429,417.0,mean,0.8166383228078893,,,,,C:\git_repo\Stellar-World-Model\experiments\exp08_menu_channel\mu_cache,C:\git_repo\Stellar-World-Model\experiments\exp08_menu_channel\subset_mu_cache
menu,hann0p3_fbwd_s0,hann0p3_fbwd,0,mean_std,linear,mu,flare,detection,0.479122461249766,3429,304.0,mean,0.882677894736842,,,,,C:\git_repo\Stellar-World-Model\experiments\exp08_menu_channel\mu_cache,C:\git_repo\Stellar-World-Model\experiments\exp08_menu_channel\subset_mu_cache
menu,hann0p3_fbwd_s0,hann0p3_fbwd,0,mean_std,linear,mu,rgb_vs_heb,contrastive,0.8365936244362319,161,113.0,mean,0.7269542772861357,,,,,C:\git_repo\Stellar-World-Model\experiments\exp08_menu_channel\mu_cache,C:\git_repo\Stellar-World-Model\experiments\exp08_menu_channel\subset_mu_cache
menu,hann0p3_fbwd_s0,hann0p3_fbwd,0,mean_std,linear,mu,numax_hon,regression,,1313,,mean,,0.8409121730658273,0.08280758940903865,0.8757356207912953,True,C:\git_repo\Stellar-World-Model\experiments\exp08_menu_channel\mu_cache,C:\git_repo\Stellar-World-Model\experiments\exp08_menu_channel\subset_mu_cache
menu,hann0p3_fbwd_s0,hann0p3_fbwd,0,mean_std,linear,mu,numax_hatt,regression,,417,,mean,,0.8418191241827875,0.17080566497422334,0.9159003582229759,True,C:\git_repo\Stellar-World-Model\experiments\exp08_menu_channel\mu_cache,C:\git_repo\Stellar-World-Model\experiments\exp08_menu_channel\subset_mu_cache
menu,hann0p3_fbwd_s0,hann0p3_fbwd,0,mean_std,linear,mu,dnu_hatt,regression,,417,,mean,,0.8345387238975293,0.13985930013318312,0.9107985257059863,True,C:\git_repo\Stellar-World-Model\experiments\exp08_menu_channel\mu_cache,C:\git_repo\Stellar-World-Model\experiments\exp08_menu_channel\subset_mu_cache
menu,hann0p3_fbwd_s0,hann0p3_fbwd,0,mean_std,linear,mu,prot_kounkel,regression,,138,,mean,,0.46126538625732605,1.1086419713066002,0.7648465656066729,False,C:\git_repo\Stellar-World-Model\experiments\exp08_menu_channel\mu_cache,C:\git_repo\Stellar-World-Model\experiments\exp08_menu_channel\subset_mu_cache
menu,hann0p3_fbwd_s0,hann0p3_fbwd,0,mean_std,linear,mu,rotation_period,regression,,150,,mean,,0.7575123456141701,0.5354891451660716,0.8323018800835593,False,C:\git_repo\Stellar-World-Model\experiments\exp08_menu_channel\mu_cache,C:\git_repo\Stellar-World-Model\experiments\exp08_menu_channel\subset_mu_cache
menu,hann0p3_fbwd_s0,hann0p3_fbwd,0,mean_std,linear,mu,ijspeert,detection,0.46809058829546546,2021,93.0,mean,0.8742470887431402,,,,,C:\git_repo\Stellar-World-Model\experiments\exp08_menu_channel\mu_cache,C:\git_repo\Stellar-World-Model\experiments\exp08_menu_channel\subset_mu_cache
menu,hann0p3_fbwd_s0,hann0p3_fbwd,0,mean_std,linear,mu,ijspeert_excl_villanova,detection,0.3130552825691308,1825,19.0,mean,0.7610304831847059,,,,,C:\git_repo\Stellar-World-Model\experiments\exp08_menu_channel\mu_cache,C:\git_repo\Stellar-World-Model\experiments\exp08_menu_channel\subset_mu_cache
menu,hann0p3_fbwd_s0,hann0p3_fbwd,0,mean_std,linear,features_plus_mu,osc_giant,detection,0.9190262555669986,3429,1313.0,mean,0.9623475870925757,,,,,C:\git_repo\Stellar-World-Model\experiments\exp08_menu_channel\mu_cache,C:\git_repo\Stellar-World-Model\experiments\exp08_menu_channel\subset_mu_cache
menu,hann0p3_fbwd_s0,hann0p3_fbwd,0,mean_std,linear,features_plus_mu,solar_like_osc,detection,0.37927286717302766,3429,417.0,mean,0.832626329215512,,,,,C:\git_repo\Stellar-World-Model\experiments\exp08_menu_channel\mu_cache,C:\git_repo\Stellar-World-Model\experiments\exp08_menu_channel\subset_mu_cache
menu,hann0p3_fbwd_s0,hann0p3_fbwd,0,mean_std,linear,features_plus_mu,flare,detection,0.5374062912749655,3429,304.0,mean,0.9038294736842105,,,,,C:\git_repo\Stellar-World-Model\experiments\exp08_menu_channel\mu_cache,C:\git_repo\Stellar-World-Model\experiments\exp08_menu_channel\subset_mu_cache
menu,hann0p3_fbwd_s0,hann0p3_fbwd,0,mean_std,linear,features_plus_mu,rgb_vs_heb,contrastive,0.843782764263745,161,113.0,mean,0.739122418879056,,,,,C:\git_repo\Stellar-World-Model\experiments\exp08_menu_channel\mu_cache,C:\git_repo\Stellar-World-Model\experiments\exp08_menu_channel\subset_mu_cache
menu,hann0p3_fbwd_s0,hann0p3_fbwd,0,mean_std,linear,features_plus_mu,numax_hon,regression,,1313,,mean,,0.8735661899536489,0.07382157047633482,0.8967027820213803,True,C:\git_repo\Stellar-World-Model\experiments\exp08_menu_channel\mu_cache,C:\git_repo\Stellar-World-Model\experiments\exp08_menu_channel\subset_mu_cache
menu,hann0p3_fbwd_s0,hann0p3_fbwd,0,mean_std,linear,features_plus_mu,numax_hatt,regression,,417,,mean,,0.8808166995641142,0.14826306928299687,0.9314793153815273,True,C:\git_repo\Stellar-World-Model\experiments\exp08_menu_channel\mu_cache,C:\git_repo\Stellar-World-Model\experiments\exp08_menu_channel\subset_mu_cache
menu,hann0p3_fbwd_s0,hann0p3_fbwd,0,mean_std,linear,features_plus_mu,dnu_hatt,regression,,417,,mean,,0.8724020582777428,0.12281884258111728,0.9268648430793994,True,C:\git_repo\Stellar-World-Model\experiments\exp08_menu_channel\mu_cache,C:\git_repo\Stellar-World-Model\experiments\exp08_menu_channel\subset_mu_cache
menu,hann0p3_fbwd_s0,hann0p3_fbwd,0,mean_std,linear,features_plus_mu,prot_kounkel,regression,,138,,mean,,0.5139724974898496,1.0530143723595906,0.8006054953502854,False,C:\git_repo\Stellar-World-Model\experiments\exp08_menu_channel\mu_cache,C:\git_repo\Stellar-World-Model\experiments\exp08_menu_channel\subset_mu_cache
menu,hann0p3_fbwd_s0,hann0p3_fbwd,0,mean_std,linear,features_plus_mu,rotation_period,regression,,150,,mean,,0.7777362947739466,0.5126726276328589,0.83864527312325,False,C:\git_repo\Stellar-World-Model\experiments\exp08_menu_channel\mu_cache,C:\git_repo\Stellar-World-Model\experiments\exp08_menu_channel\subset_mu_cache
menu,hann0p3_fbwd_s0,hann0p3_fbwd,0,mean_std,linear,features_plus_mu,ijspeert,detection,0.4582030067488451,2021,93.0,mean,0.8779726051844912,,,,,C:\git_repo\Stellar-World-Model\experiments\exp08_menu_channel\mu_cache,C:\git_repo\Stellar-World-Model\experiments\exp08_menu_channel\subset_mu_cache
menu,hann0p3_fbwd_s0,hann0p3_fbwd,0,mean_std,linear,features_plus_mu,ijspeert_excl_villanova,detection,0.33609612542925765,1825,19.0,mean,0.7592527831205921,,,,,C:\git_repo\Stellar-World-Model\experiments\exp08_menu_channel\mu_cache,C:\git_repo\Stellar-World-Model\experiments\exp08_menu_channel\subset_mu_cache
menu,hann0p3_fbwd_s0,hann0p3_fbwd,0,mean_std,linear,mu_perp_full,osc_giant,detection,0.5554280748068348,3429,1313.0,mean,0.7254508859348928,,,,,C:\git_repo\Stellar-World-Model\experiments\exp08_menu_channel\mu_cache,C:\git_repo\Stellar-World-Model\experiments\exp08_menu_channel\subset_mu_cache
menu,hann0p3_fbwd_s0,hann0p3_fbwd,0,mean_std,linear,mu_perp_full,solar_like_osc,detection,0.23342583337940415,3429,417.0,mean,0.6886841124709795,,,,,C:\git_repo\Stellar-World-Model\experiments\exp08_menu_channel\mu_cache,C:\git_repo\Stellar-World-Model\experiments\exp08_menu_channel\subset_mu_cache
menu,hann0p3_fbwd_s0,hann0p3_fbwd,0,mean_std,linear,mu_perp_full,flare,detection,0.2258670026989374,3429,304.0,mean,0.6830810526315789,,,,,C:\git_repo\Stellar-World-Model\experiments\exp08_menu_channel\mu_cache,C:\git_repo\Stellar-World-Model\experiments\exp08_menu_channel\subset_mu_cache
menu,hann0p3_fbwd_s0,hann0p3_fbwd,0,mean_std,linear,mu_perp_full,rgb_vs_heb,contrastive,0.7594593731136505,161,113.0,mean,0.6463864306784661,,,,,C:\git_repo\Stellar-World-Model\experiments\exp08_menu_channel\mu_cache,C:\git_repo\Stellar-World-Model\experiments\exp08_menu_channel\subset_mu_cache
menu,hann0p3_fbwd_s0,hann0p3_fbwd,0,mean_std,linear,mu_perp_full,numax_hon,regression,,1313,,mean,,0.5554442682388281,0.13842507720877364,0.7531982784068172,True,C:\git_repo\Stellar-World-Model\experiments\exp08_menu_channel\mu_cache,C:\git_repo\Stellar-World-Model\experiments\exp08_menu_channel\subset_mu_cache
menu,hann0p3_fbwd_s0,hann0p3_fbwd,0,mean_std,linear,mu_perp_full,numax_hatt,regression,,417,,mean,,0.3300456015423442,0.3515182714185696,0.5954742870874251,True,C:\git_repo\Stellar-World-Model\experiments\exp08_menu_channel\mu_cache,C:\git_repo\Stellar-World-Model\experiments\exp08_menu_channel\subset_mu_cache
menu,hann0p3_fbwd_s0,hann0p3_fbwd,0,mean_std,linear,mu_perp_full,dnu_hatt,regression,,417,,mean,,0.3244469325196957,0.2826004838604842,0.5862593119444109,True,C:\git_repo\Stellar-World-Model\experiments\exp08_menu_channel\mu_cache,C:\git_repo\Stellar-World-Model\experiments\exp08_menu_channel\subset_mu_cache
menu,hann0p3_fbwd_s0,hann0p3_fbwd,0,mean_std,linear,mu_perp_full,prot_kounkel,regression,,138,,mean,,0.10753365833996997,1.4269205723563703,0.38999425784035713,False,C:\git_repo\Stellar-World-Model\experiments\exp08_menu_channel\mu_cache,C:\git_repo\Stellar-World-Model\experiments\exp08_menu_channel\subset_mu_cache
menu,hann0p3_fbwd_s0,hann0p3_fbwd,0,mean_std,linear,mu_perp_full,rotation_period,regression,,150,,mean,,0.14448996804147274,1.0058156962940963,0.3581225832259212,False,C:\git_repo\Stellar-World-Model\experiments\exp08_menu_channel\mu_cache,C:\git_repo\Stellar-World-Model\experiments\exp08_menu_channel\subset_mu_cache
menu,hann0p3_fbwd_s0,hann0p3_fbwd,0,mean_std,linear,mu_perp_full,ijspeert,detection,0.27260090913755003,2021,93.0,mean,0.7263251238120734,,,,,C:\git_repo\Stellar-World-Model\experiments\exp08_menu_channel\mu_cache,C:\git_repo\Stellar-World-Model\experiments\exp08_menu_channel\subset_mu_cache
menu,hann0p3_fbwd_s0,hann0p3_fbwd,0,mean_std,linear,mu_perp_full,ijspeert_excl_villanova,detection,0.21571679625169626,1825,19.0,mean,0.7476831613918516,,,,,C:\git_repo\Stellar-World-Model\experiments\exp08_menu_channel\mu_cache,C:\git_repo\Stellar-World-Model\experiments\exp08_menu_channel\subset_mu_cache
v1,hann0p3_fbwd_s0,hann0p3_fbwd,0,mean_perp_amp,linear,mu,pulsating,detection,0.8160515773341876,2021,216.0,,,,,,,C:\git_repo\Stellar-World-Model\experiments\exp08_menu_channel\mu_cache,C:\git_repo\Stellar-World-Model\experiments\exp08_menu_channel\subset_mu_cache
v1,hann0p3_fbwd_s0,hann0p3_fbwd,0,mean_perp_amp,linear,mu,eb,detection,0.5707290220063596,2021,196.0,,,,,,,C:\git_repo\Stellar-World-Model\experiments\exp08_menu_channel\mu_cache,C:\git_repo\Stellar-World-Model\experiments\exp08_menu_channel\subset_mu_cache
v1,hann0p3_fbwd_s0,hann0p3_fbwd,0,mean_perp_amp,linear,mu,rotation,detection,0.4491685871773617,2021,180.0,,,,,,,C:\git_repo\Stellar-World-Model\experiments\exp08_menu_channel\mu_cache,C:\git_repo\Stellar-World-Model\experiments\exp08_menu_channel\subset_mu_cache
v1,hann0p3_fbwd_s0,hann0p3_fbwd,0,mean_perp_amp,linear,mu,transit,detection,0.15080265781218422,2021,122.0,,,,,,,C:\git_repo\Stellar-World-Model\experiments\exp08_menu_channel\mu_cache,C:\git_repo\Stellar-World-Model\experiments\exp08_menu_channel\subset_mu_cache
menu,hann0p3_fbwd_s0,hann0p3_fbwd,0,mean_perp_amp,linear,mu,osc_giant,detection,0.8489374821003188,3429,1313.0,mean,0.9342826641250719,,,,,C:\git_repo\Stellar-World-Model\experiments\exp08_menu_channel\mu_cache,C:\git_repo\Stellar-World-Model\experiments\exp08_menu_channel\subset_mu_cache
menu,hann0p3_fbwd_s0,hann0p3_fbwd,0,mean_perp_amp,linear,mu,solar_like_osc,detection,0.3213300442534666,3429,417.0,mean,0.8036160712863971,,,,,C:\git_repo\Stellar-World-Model\experiments\exp08_menu_channel\mu_cache,C:\git_repo\Stellar-World-Model\experiments\exp08_menu_channel\subset_mu_cache
menu,hann0p3_fbwd_s0,hann0p3_fbwd,0,mean_perp_amp,linear,mu,flare,detection,0.3972791518033085,3429,304.0,mean,0.8118115789473683,,,,,C:\git_repo\Stellar-World-Model\experiments\exp08_menu_channel\mu_cache,C:\git_repo\Stellar-World-Model\experiments\exp08_menu_channel\subset_mu_cache
menu,hann0p3_fbwd_s0,hann0p3_fbwd,0,mean_perp_amp,linear,mu,rgb_vs_heb,contrastive,0.8304882843231076,161,113.0,mean,0.6672197640117994,,,,,C:\git_repo\Stellar-World-Model\experiments\exp08_menu_channel\mu_cache,C:\git_repo\Stellar-World-Model\experiments\exp08_menu_channel\subset_mu_cache
menu,hann0p3_fbwd_s0,hann0p3_fbwd,0,mean_perp_amp,linear,mu,numax_hon,regression,,1313,,mean,,0.7627490365028898,0.10112433059995635,0.8377371098065987,True,C:\git_repo\Stellar-World-Model\experiments\exp08_menu_channel\mu_cache,C:\git_repo\Stellar-World-Model\experiments\exp08_menu_channel\subset_mu_cache
menu,hann0p3_fbwd_s0,hann0p3_fbwd,0,mean_perp_amp,linear,mu,numax_hatt,regression,,417,,mean,,0.7802529775750449,0.20131993528712766,0.876388597899696,True,C:\git_repo\Stellar-World-Model\experiments\exp08_menu_channel\mu_cache,C:\git_repo\Stellar-World-Model\experiments\exp08_menu_channel\subset_mu_cache
menu,hann0p3_fbwd_s0,hann0p3_fbwd,0,mean_perp_amp,linear,mu,dnu_hatt,regression,,417,,mean,,0.7762199113539504,0.16264993224870605,0.8715607299926428,True,C:\git_repo\Stellar-World-Model\experiments\exp08_menu_channel\mu_cache,C:\git_repo\Stellar-World-Model\experiments\exp08_menu_channel\subset_mu_cache
menu,hann0p3_fbwd_s0,hann0p3_fbwd,0,mean_perp_amp,linear,mu,prot_kounkel,regression,,138,,mean,,0.36881346604899157,1.200004124341942,0.7606980548581002,False,C:\git_repo\Stellar-World-Model\experiments\exp08_menu_channel\mu_cache,C:\git_repo\Stellar-World-Model\experiments\exp08_menu_channel\subset_mu_cache
menu,hann0p3_fbwd_s0,hann0p3_fbwd,0,mean_perp_amp,linear,mu,rotation_period,regression,,150,,mean,,0.6567946302998435,0.6370637482347897,0.8126921196497622,False,C:\git_repo\Stellar-World-Model\experiments\exp08_menu_channel\mu_cache,C:\git_repo\Stellar-World-Model\experiments\exp08_menu_channel\subset_mu_cache
menu,hann0p3_fbwd_s0,hann0p3_fbwd,0,mean_perp_amp,linear,mu,ijspeert,detection,0.2901578282460944,2021,93.0,mean,0.7852083612189353,,,,,C:\git_repo\Stellar-World-Model\experiments\exp08_menu_channel\mu_cache,C:\git_repo\Stellar-World-Model\experiments\exp08_menu_channel\subset_mu_cache
menu,hann0p3_fbwd_s0,hann0p3_fbwd,0,mean_perp_amp,linear,mu,ijspeert_excl_villanova,detection,0.3608586555088264,1825,19.0,mean,0.7370461036311708,,,,,C:\git_repo\Stellar-World-Model\experiments\exp08_menu_channel\mu_cache,C:\git_repo\Stellar-World-Model\experiments\exp08_menu_channel\subset_mu_cache
v1,hann0p3_fbwd_s1,hann0p3_fbwd,1,mean,linear,mu,pulsating,detection,0.8396111477904813,2021,216.0,,,,,,,C:\git_repo\Stellar-World-Model\experiments\exp08_menu_channel\mu_cache,C:\git_repo\Stellar-World-Model\experiments\exp08_menu_channel\subset_mu_cache
v1,hann0p3_fbwd_s1,hann0p3_fbwd,1,mean,linear,mu,eb,detection,0.7720728721400503,2021,196.0,,,,,,,C:\git_repo\Stellar-World-Model\experiments\exp08_menu_channel\mu_cache,C:\git_repo\Stellar-World-Model\experiments\exp08_menu_channel\subset_mu_cache
v1,hann0p3_fbwd_s1,hann0p3_fbwd,1,mean,linear,mu,rotation,detection,0.5499384564399565,2021,180.0,,,,,,,C:\git_repo\Stellar-World-Model\experiments\exp08_menu_channel\mu_cache,C:\git_repo\Stellar-World-Model\experiments\exp08_menu_channel\subset_mu_cache
v1,hann0p3_fbwd_s1,hann0p3_fbwd,1,mean,linear,mu,transit,detection,0.13603806916638472,2021,122.0,,,,,,,C:\git_repo\Stellar-World-Model\experiments\exp08_menu_channel\mu_cache,C:\git_repo\Stellar-World-Model\experiments\exp08_menu_channel\subset_mu_cache
v1,hann0p3_fbwd_s1,hann0p3_fbwd,1,mean,linear,features_plus_mu,pulsating,detection,0.867266060320597,2021,216.0,,,,,,,C:\git_repo\Stellar-World-Model\experiments\exp08_menu_channel\mu_cache,C:\git_repo\Stellar-World-Model\experiments\exp08_menu_channel\subset_mu_cache
v1,hann0p3_fbwd_s1,hann0p3_fbwd,1,mean,linear,features_plus_mu,eb,detection,0.773968644122685,2021,196.0,,,,,,,C:\git_repo\Stellar-World-Model\experiments\exp08_menu_channel\mu_cache,C:\git_repo\Stellar-World-Model\experiments\exp08_menu_channel\subset_mu_cache
v1,hann0p3_fbwd_s1,hann0p3_fbwd,1,mean,linear,features_plus_mu,rotation,detection,0.5536089173620438,2021,180.0,,,,,,,C:\git_repo\Stellar-World-Model\experiments\exp08_menu_channel\mu_cache,C:\git_repo\Stellar-World-Model\experiments\exp08_menu_channel\subset_mu_cache
v1,hann0p3_fbwd_s1,hann0p3_fbwd,1,mean,linear,features_plus_mu,transit,detection,0.20092189269269345,2021,122.0,,,,,,,C:\git_repo\Stellar-World-Model\experiments\exp08_menu_channel\mu_cache,C:\git_repo\Stellar-World-Model\experiments\exp08_menu_channel\subset_mu_cache
v1,hann0p3_fbwd_s1,hann0p3_fbwd,1,mean,linear,mu_perp_full,pulsating,detection,0.375174097250227,2021,216.0,,,,,,,C:\git_repo\Stellar-World-Model\experiments\exp08_menu_channel\mu_cache,C:\git_repo\Stellar-World-Model\experiments\exp08_menu_channel\subset_mu_cache
v1,hann0p3_fbwd_s1,hann0p3_fbwd,1,mean,linear,mu_perp_full,eb,detection,0.3281067011543718,2021,196.0,,,,,,,C:\git_repo\Stellar-World-Model\experiments\exp08_menu_channel\mu_cache,C:\git_repo\Stellar-World-Model\experiments\exp08_menu_channel\subset_mu_cache
v1,hann0p3_fbwd_s1,hann0p3_fbwd,1,mean,linear,mu_perp_full,rotation,detection,0.24213022864658745,2021,180.0,,,,,,,C:\git_repo\Stellar-World-Model\experiments\exp08_menu_channel\mu_cache,C:\git_repo\Stellar-World-Model\experiments\exp08_menu_channel\subset_mu_cache
v1,hann0p3_fbwd_s1,hann0p3_fbwd,1,mean,linear,mu_perp_full,transit,detection,0.14201765172638459,2021,122.0,,,,,,,C:\git_repo\Stellar-World-Model\experiments\exp08_menu_channel\mu_cache,C:\git_repo\Stellar-World-Model\experiments\exp08_menu_channel\subset_mu_cache
menu,hann0p3_fbwd_s1,hann0p3_fbwd,1,mean,linear,mu,osc_giant,detection,0.8604497293690945,3429,1313.0,mean,0.9417314423022933,,,,,C:\git_repo\Stellar-World-Model\experiments\exp08_menu_channel\mu_cache,C:\git_repo\Stellar-World-Model\experiments\exp08_menu_channel\subset_mu_cache
menu,hann0p3_fbwd_s1,hann0p3_fbwd,1,mean,linear,mu,solar_like_osc,detection,0.334793878259995,3429,417.0,mean,0.8169631625376989,,,,,C:\git_repo\Stellar-World-Model\experiments\exp08_menu_channel\mu_cache,C:\git_repo\Stellar-World-Model\experiments\exp08_menu_channel\subset_mu_cache
menu,hann0p3_fbwd_s1,hann0p3_fbwd,1,mean,linear,mu,flare,detection,0.47625520197891363,3429,304.0,mean,0.8839884210526316,,,,,C:\git_repo\Stellar-World-Model\experiments\exp08_menu_channel\mu_cache,C:\git_repo\Stellar-World-Model\experiments\exp08_menu_channel\subset_mu_cache
menu,hann0p3_fbwd_s1,hann0p3_fbwd,1,mean,linear,mu,rgb_vs_heb,contrastive,0.7900648715157101,161,113.0,mean,0.6209439528023599,,,,,C:\git_repo\Stellar-World-Model\experiments\exp08_menu_channel\mu_cache,C:\git_repo\Stellar-World-Model\experiments\exp08_menu_channel\subset_mu_cache
menu,hann0p3_fbwd_s1,hann0p3_fbwd,1,mean,linear,mu,numax_hon,regression,,1313,,mean,,0.8001461960504099,0.09281280043784841,0.8414861504777981,True,C:\git_repo\Stellar-World-Model\experiments\exp08_menu_channel\mu_cache,C:\git_repo\Stellar-World-Model\experiments\exp08_menu_channel\subset_mu_cache
menu,hann0p3_fbwd_s1,hann0p3_fbwd,1,mean,linear,mu,numax_hatt,regression,,417,,mean,,0.8315838774634378,0.1762451256670545,0.8983192020132204,True,C:\git_repo\Stellar-World-Model\experiments\exp08_menu_channel\mu_cache,C:\git_repo\Stellar-World-Model\experiments\exp08_menu_channel\subset_mu_cache
menu,hann0p3_fbwd_s1,hann0p3_fbwd,1,mean,linear,mu,dnu_hatt,regression,,417,,mean,,0.82496333934201,0.1438492744007377,0.8968121975160237,True,C:\git_repo\Stellar-World-Model\experiments\exp08_menu_channel\mu_cache,C:\git_repo\Stellar-World-Model\experiments\exp08_menu_channel\subset_mu_cache
menu,hann0p3_fbwd_s1,hann0p3_fbwd,1,mean,linear,mu,prot_kounkel,regression,,138,,mean,,0.3550147934869652,1.2130501423261577,0.7532435212344957,False,C:\git_repo\Stellar-World-Model\experiments\exp08_menu_channel\mu_cache,C:\git_repo\Stellar-World-Model\experiments\exp08_menu_channel\subset_mu_cache
menu,hann0p3_fbwd_s1,hann0p3_fbwd,1,mean,linear,mu,rotation_period,regression,,150,,mean,,0.6881773601771359,0.6072390293400763,0.7704822436552735,False,C:\git_repo\Stellar-World-Model\experiments\exp08_menu_channel\mu_cache,C:\git_repo\Stellar-World-Model\experiments\exp08_menu_channel\subset_mu_cache
menu,hann0p3_fbwd_s1,hann0p3_fbwd,1,mean,linear,mu,ijspeert,detection,0.4722035186315595,2021,93.0,mean,0.8771694998438406,,,,,C:\git_repo\Stellar-World-Model\experiments\exp08_menu_channel\mu_cache,C:\git_repo\Stellar-World-Model\experiments\exp08_menu_channel\subset_mu_cache
menu,hann0p3_fbwd_s1,hann0p3_fbwd,1,mean,linear,mu,ijspeert_excl_villanova,detection,0.322805090271429,1825,19.0,mean,0.7999941714751996,,,,,C:\git_repo\Stellar-World-Model\experiments\exp08_menu_channel\mu_cache,C:\git_repo\Stellar-World-Model\experiments\exp08_menu_channel\subset_mu_cache
menu,hann0p3_fbwd_s1,hann0p3_fbwd,1,mean,linear,features_plus_mu,osc_giant,detection,0.9205301427442073,3429,1313.0,mean,0.9636879712400497,,,,,C:\git_repo\Stellar-World-Model\experiments\exp08_menu_channel\mu_cache,C:\git_repo\Stellar-World-Model\experiments\exp08_menu_channel\subset_mu_cache
menu,hann0p3_fbwd_s1,hann0p3_fbwd,1,mean,linear,features_plus_mu,solar_like_osc,detection,0.388350698134468,3429,417.0,mean,0.8388675513772249,,,,,C:\git_repo\Stellar-World-Model\experiments\exp08_menu_channel\mu_cache,C:\git_repo\Stellar-World-Model\experiments\exp08_menu_channel\subset_mu_cache
menu,hann0p3_fbwd_s1,hann0p3_fbwd,1,mean,linear,features_plus_mu,flare,detection,0.5326011289693824,3429,304.0,mean,0.905058947368421,,,,,C:\git_repo\Stellar-World-Model\experiments\exp08_menu_channel\mu_cache,C:\git_repo\Stellar-World-Model\experiments\exp08_menu_channel\subset_mu_cache
menu,hann0p3_fbwd_s1,hann0p3_fbwd,1,mean,linear,features_plus_mu,rgb_vs_heb,contrastive,0.8160114507608667,161,113.0,mean,0.670169616519174,,,,,C:\git_repo\Stellar-World-Model\experiments\exp08_menu_channel\mu_cache,C:\git_repo\Stellar-World-Model\experiments\exp08_menu_channel\subset_mu_cache
menu,hann0p3_fbwd_s1,hann0p3_fbwd,1,mean,linear,features_plus_mu,numax_hon,regression,,1313,,mean,,0.8686683293824563,0.07523785435421934,0.8936870064806389,True,C:\git_repo\Stellar-World-Model\experiments\exp08_menu_channel\mu_cache,C:\git_repo\Stellar-World-Model\experiments\exp08_menu_channel\subset_mu_cache
menu,hann0p3_fbwd_s1,hann0p3_fbwd,1,mean,linear,features_plus_mu,numax_hatt,regression,,417,,mean,,0.8841659201987602,0.14616502293246408,0.9342460852156023,True,C:\git_repo\Stellar-World-Model\experiments\exp08_menu_channel\mu_cache,C:\git_repo\Stellar-World-Model\experiments\exp08_menu_channel\subset_mu_cache
menu,hann0p3_fbwd_s1,hann0p3_fbwd,1,mean,linear,features_plus_mu,dnu_hatt,regression,,417,,mean,,0.8763026879596597,0.12092700509303872,0.9321298958603108,True,C:\git_repo\Stellar-World-Model\experiments\exp08_menu_channel\mu_cache,C:\git_repo\Stellar-World-Model\experiments\exp08_menu_channel\subset_mu_cache
menu,hann0p3_fbwd_s1,hann0p3_fbwd,1,mean,linear,features_plus_mu,prot_kounkel,regression,,138,,mean,,0.48554978416061845,1.0833668766954154,0.7892490327947542,False,C:\git_repo\Stellar-World-Model\experiments\exp08_menu_channel\mu_cache,C:\git_repo\Stellar-World-Model\experiments\exp08_menu_channel\subset_mu_cache
menu,hann0p3_fbwd_s1,hann0p3_fbwd,1,mean,linear,features_plus_mu,rotation_period,regression,,150,,mean,,0.7037354767268704,0.5918963748200216,0.7583288146139828,False,C:\git_repo\Stellar-World-Model\experiments\exp08_menu_channel\mu_cache,C:\git_repo\Stellar-World-Model\experiments\exp08_menu_channel\subset_mu_cache
menu,hann0p3_fbwd_s1,hann0p3_fbwd,1,mean,linear,features_plus_mu,ijspeert,detection,0.4855604581762354,2021,93.0,mean,0.8630872707803506,,,,,C:\git_repo\Stellar-World-Model\experiments\exp08_menu_channel\mu_cache,C:\git_repo\Stellar-World-Model\experiments\exp08_menu_channel\subset_mu_cache
menu,hann0p3_fbwd_s1,hann0p3_fbwd,1,mean,linear,features_plus_mu,ijspeert_excl_villanova,detection,0.4261274532096402,1825,19.0,mean,0.8175380311243224,,,,,C:\git_repo\Stellar-World-Model\experiments\exp08_menu_channel\mu_cache,C:\git_repo\Stellar-World-Model\experiments\exp08_menu_channel\subset_mu_cache
menu,hann0p3_fbwd_s1,hann0p3_fbwd,1,mean,linear,mu_perp_full,osc_giant,detection,0.5402659609022591,3429,1313.0,mean,0.6989358271293177,,,,,C:\git_repo\Stellar-World-Model\experiments\exp08_menu_channel\mu_cache,C:\git_repo\Stellar-World-Model\experiments\exp08_menu_channel\subset_mu_cache
menu,hann0p3_fbwd_s1,hann0p3_fbwd,1,mean,linear,mu_perp_full,solar_like_osc,detection,0.2291566410198767,3429,417.0,mean,0.6836220266814437,,,,,C:\git_repo\Stellar-World-Model\experiments\exp08_menu_channel\mu_cache,C:\git_repo\Stellar-World-Model\experiments\exp08_menu_channel\subset_mu_cache
menu,hann0p3_fbwd_s1,hann0p3_fbwd,1,mean,linear,mu_perp_full,flare,detection,0.23737884429998382,3429,304.0,mean,0.6722673684210527,,,,,C:\git_repo\Stellar-World-Model\experiments\exp08_menu_channel\mu_cache,C:\git_repo\Stellar-World-Model\experiments\exp08_menu_channel\subset_mu_cache
menu,hann0p3_fbwd_s1,hann0p3_fbwd,1,mean,linear,mu_perp_full,rgb_vs_heb,contrastive,0.717760679308494,161,113.0,mean,0.5306047197640118,,,,,C:\git_repo\Stellar-World-Model\experiments\exp08_menu_channel\mu_cache,C:\git_repo\Stellar-World-Model\experiments\exp08_menu_channel\subset_mu_cache
menu,hann0p3_fbwd_s1,hann0p3_fbwd,1,mean,linear,mu_perp_full,numax_hon,regression,,1313,,mean,,0.4707666918196288,0.1510341834981083,0.7156363850309887,True,C:\git_repo\Stellar-World-Model\experiments\exp08_menu_channel\mu_cache,C:\git_repo\Stellar-World-Model\experiments\exp08_menu_channel\subset_mu_cache
menu,hann0p3_fbwd_s1,hann0p3_fbwd,1,mean,linear,mu_perp_full,numax_hatt,regression,,417,,mean,,0.291009338992242,0.3616142530402395,0.4983379687505962,True,C:\git_repo\Stellar-World-Model\experiments\exp08_menu_channel\mu_cache,C:\git_repo\Stellar-World-Model\experiments\exp08_menu_channel\subset_mu_cache
menu,hann0p3_fbwd_s1,hann0p3_fbwd,1,mean,linear,mu_perp_full,dnu_hatt,regression,,417,,mean,,0.29508117128308997,0.2886773576431177,0.49717988816422126,True,C:\git_repo\Stellar-World-Model\experiments\exp08_menu_channel\mu_cache,C:\git_repo\Stellar-World-Model\experiments\exp08_menu_channel\subset_mu_cache
menu,hann0p3_fbwd_s1,hann0p3_fbwd,1,mean,linear,mu_perp_full,prot_kounkel,regression,,138,,mean,,0.10958981879315921,1.4252758775556145,0.4201183364406141,False,C:\git_repo\Stellar-World-Model\experiments\exp08_menu_channel\mu_cache,C:\git_repo\Stellar-World-Model\experiments\exp08_menu_channel\subset_mu_cache
menu,hann0p3_fbwd_s1,hann0p3_fbwd,1,mean,linear,mu_perp_full,rotation_period,regression,,150,,mean,,0.10138692320417575,1.0308422793798075,0.2146424285523801,False,C:\git_repo\Stellar-World-Model\experiments\exp08_menu_channel\mu_cache,C:\git_repo\Stellar-World-Model\experiments\exp08_menu_channel\subset_mu_cache
menu,hann0p3_fbwd_s1,hann0p3_fbwd,1,mean,linear,mu_perp_full,ijspeert,detection,0.24073036934512285,2021,93.0,mean,0.6733201713291393,,,,,C:\git_repo\Stellar-World-Model\experiments\exp08_menu_channel\mu_cache,C:\git_repo\Stellar-World-Model\experiments\exp08_menu_channel\subset_mu_cache
menu,hann0p3_fbwd_s1,hann0p3_fbwd,1,mean,linear,mu_perp_full,ijspeert_excl_villanova,detection,0.26821632486128527,1825,19.0,mean,0.7745818033455732,,,,,C:\git_repo\Stellar-World-Model\experiments\exp08_menu_channel\mu_cache,C:\git_repo\Stellar-World-Model\experiments\exp08_menu_channel\subset_mu_cache
v1,hann0p3_fbwd_s1,hann0p3_fbwd,1,mean_std,linear,mu,pulsating,detection,0.8470499177035585,2021,216.0,,,,,,,C:\git_repo\Stellar-World-Model\experiments\exp08_menu_channel\mu_cache,C:\git_repo\Stellar-World-Model\experiments\exp08_menu_channel\subset_mu_cache
v1,hann0p3_fbwd_s1,hann0p3_fbwd,1,mean_std,linear,mu,eb,detection,0.7837886351406963,2021,196.0,,,,,,,C:\git_repo\Stellar-World-Model\experiments\exp08_menu_channel\mu_cache,C:\git_repo\Stellar-World-Model\experiments\exp08_menu_channel\subset_mu_cache
v1,hann0p3_fbwd_s1,hann0p3_fbwd,1,mean_std,linear,mu,rotation,detection,0.5308826860514572,2021,180.0,,,,,,,C:\git_repo\Stellar-World-Model\experiments\exp08_menu_channel\mu_cache,C:\git_repo\Stellar-World-Model\experiments\exp08_menu_channel\subset_mu_cache
v1,hann0p3_fbwd_s1,hann0p3_fbwd,1,mean_std,linear,mu,transit,detection,0.19641239831782387,2021,122.0,,,,,,,C:\git_repo\Stellar-World-Model\experiments\exp08_menu_channel\mu_cache,C:\git_repo\Stellar-World-Model\experiments\exp08_menu_channel\subset_mu_cache
v1,hann0p3_fbwd_s1,hann0p3_fbwd,1,mean_std,linear,features_plus_mu,pulsating,detection,0.8525976365105893,2021,216.0,,,,,,,C:\git_repo\Stellar-World-Model\experiments\exp08_menu_channel\mu_cache,C:\git_repo\Stellar-World-Model\experiments\exp08_menu_channel\subset_mu_cache
v1,hann0p3_fbwd_s1,hann0p3_fbwd,1,mean_std,linear,features_plus_mu,eb,detection,0.7768342030411987,2021,196.0,,,,,,,C:\git_repo\Stellar-World-Model\experiments\exp08_menu_channel\mu_cache,C:\git_repo\Stellar-World-Model\experiments\exp08_menu_channel\subset_mu_cache
v1,hann0p3_fbwd_s1,hann0p3_fbwd,1,mean_std,linear,features_plus_mu,rotation,detection,0.5386188102648692,2021,180.0,,,,,,,C:\git_repo\Stellar-World-Model\experiments\exp08_menu_channel\mu_cache,C:\git_repo\Stellar-World-Model\experiments\exp08_menu_channel\subset_mu_cache
v1,hann0p3_fbwd_s1,hann0p3_fbwd,1,mean_std,linear,features_plus_mu,transit,detection,0.20648456014521616,2021,122.0,,,,,,,C:\git_repo\Stellar-World-Model\experiments\exp08_menu_channel\mu_cache,C:\git_repo\Stellar-World-Model\experiments\exp08_menu_channel\subset_mu_cache
v1,hann0p3_fbwd_s1,hann0p3_fbwd,1,mean_std,linear,mu_perp_full,pulsating,detection,0.3749593000620432,2021,216.0,,,,,,,C:\git_repo\Stellar-World-Model\experiments\exp08_menu_channel\mu_cache,C:\git_repo\Stellar-World-Model\experiments\exp08_menu_channel\subset_mu_cache
v1,hann0p3_fbwd_s1,hann0p3_fbwd,1,mean_std,linear,mu_perp_full,eb,detection,0.40932307613284125,2021,196.0,,,,,,,C:\git_repo\Stellar-World-Model\experiments\exp08_menu_channel\mu_cache,C:\git_repo\Stellar-World-Model\experiments\exp08_menu_channel\subset_mu_cache
v1,hann0p3_fbwd_s1,hann0p3_fbwd,1,mean_std,linear,mu_perp_full,rotation,detection,0.23004829857220283,2021,180.0,,,,,,,C:\git_repo\Stellar-World-Model\experiments\exp08_menu_channel\mu_cache,C:\git_repo\Stellar-World-Model\experiments\exp08_menu_channel\subset_mu_cache
v1,hann0p3_fbwd_s1,hann0p3_fbwd,1,mean_std,linear,mu_perp_full,transit,detection,0.14427270511631093,2021,122.0,,,,,,,C:\git_repo\Stellar-World-Model\experiments\exp08_menu_channel\mu_cache,C:\git_repo\Stellar-World-Model\experiments\exp08_menu_channel\subset_mu_cache
menu,hann0p3_fbwd_s1,hann0p3_fbwd,1,mean_std,linear,mu,osc_giant,detection,0.8904873759016899,3429,1313.0,mean,0.9510111909838651,,,,,C:\git_repo\Stellar-World-Model\experiments\exp08_menu_channel\mu_cache,C:\git_repo\Stellar-World-Model\experiments\exp08_menu_channel\subset_mu_cache
menu,hann0p3_fbwd_s1,hann0p3_fbwd,1,mean_std,linear,mu,solar_like_osc,detection,0.34281203958374423,3429,417.0,mean,0.814334190018503,,,,,C:\git_repo\Stellar-World-Model\experiments\exp08_menu_channel\mu_cache,C:\git_repo\Stellar-World-Model\experiments\exp08_menu_channel\subset_mu_cache
menu,hann0p3_fbwd_s1,hann0p3_fbwd,1,mean_std,linear,mu,flare,detection,0.48318714654963124,3429,304.0,mean,0.8821557894736841,,,,,C:\git_repo\Stellar-World-Model\experiments\exp08_menu_channel\mu_cache,C:\git_repo\Stellar-World-Model\experiments\exp08_menu_channel\subset_mu_cache
menu,hann0p3_fbwd_s1,hann0p3_fbwd,1,mean_std,linear,mu,rgb_vs_heb,contrastive,0.8231142291926754,161,113.0,mean,0.6819690265486725,,,,,C:\git_repo\Stellar-World-Model\experiments\exp08_menu_channel\mu_cache,C:\git_repo\Stellar-World-Model\experiments\exp08_menu_channel\subset_mu_cache
menu,hann0p3_fbwd_s1,hann0p3_fbwd,1,mean_std,linear,mu,numax_hon,regression,,1313,,mean,,0.8478931722583329,0.08097035099548688,0.8785851154202851,True,C:\git_repo\Stellar-World-Model\experiments\exp08_menu_channel\mu_cache,C:\git_repo\Stellar-World-Model\experiments\exp08_menu_channel\subset_mu_cache
menu,hann0p3_fbwd_s1,hann0p3_fbwd,1,mean_std,linear,mu,numax_hatt,regression,,417,,mean,,0.8525181340417987,0.16492807667441423,0.9164979480707999,True,C:\git_repo\Stellar-World-Model\experiments\exp08_menu_channel\mu_cache,C:\git_repo\Stellar-World-Model\experiments\exp08_menu_channel\subset_mu_cache
menu,hann0p3_fbwd_s1,hann0p3_fbwd,1,mean_std,linear,mu,dnu_hatt,regression,,417,,mean,,0.8467986421655438,0.13457812498607338,0.9083116738573399,True,C:\git_repo\Stellar-World-Model\experiments\exp08_menu_channel\mu_cache,C:\git_repo\Stellar-World-Model\experiments\exp08_menu_channel\subset_mu_cache
menu,hann0p3_fbwd_s1,hann0p3_fbwd,1,mean_std,linear,mu,prot_kounkel,regression,,138,,mean,,0.49187378459894315,1.0766875150754651,0.8008954573013414,False,C:\git_repo\Stellar-World-Model\experiments\exp08_menu_channel\mu_cache,C:\git_repo\Stellar-World-Model\experiments\exp08_menu_channel\subset_mu_cache
menu,hann0p3_fbwd_s1,hann0p3_fbwd,1,mean_std,linear,mu,rotation_period,regression,,150,,mean,,0.7535533446359048,0.5398428077667532,0.7973421040935151,False,C:\git_repo\Stellar-World-Model\experiments\exp08_menu_channel\mu_cache,C:\git_repo\Stellar-World-Model\experiments\exp08_menu_channel\subset_mu_cache
menu,hann0p3_fbwd_s1,hann0p3_fbwd,1,mean_std,linear,mu,ijspeert,detection,0.4013016050317929,2021,93.0,mean,0.8404162762682372,,,,,C:\git_repo\Stellar-World-Model\experiments\exp08_menu_channel\mu_cache,C:\git_repo\Stellar-World-Model\experiments\exp08_menu_channel\subset_mu_cache
menu,hann0p3_fbwd_s1,hann0p3_fbwd,1,mean_std,linear,mu,ijspeert_excl_villanova,detection,0.35951738539663713,1825,19.0,mean,0.6945853004604534,,,,,C:\git_repo\Stellar-World-Model\experiments\exp08_menu_channel\mu_cache,C:\git_repo\Stellar-World-Model\experiments\exp08_menu_channel\subset_mu_cache
menu,hann0p3_fbwd_s1,hann0p3_fbwd,1,mean_std,linear,features_plus_mu,osc_giant,detection,0.914895062474679,3429,1313.0,mean,0.963439618645593,,,,,C:\git_repo\Stellar-World-Model\experiments\exp08_menu_channel\mu_cache,C:\git_repo\Stellar-World-Model\experiments\exp08_menu_channel\subset_mu_cache
menu,hann0p3_fbwd_s1,hann0p3_fbwd,1,mean_std,linear,features_plus_mu,solar_like_osc,detection,0.3955075061418377,3429,417.0,mean,0.8391748752392508,,,,,C:\git_repo\Stellar-World-Model\experiments\exp08_menu_channel\mu_cache,C:\git_repo\Stellar-World-Model\experiments\exp08_menu_channel\subset_mu_cache
menu,hann0p3_fbwd_s1,hann0p3_fbwd,1,mean_std,linear,features_plus_mu,flare,detection,0.5288281652322487,3429,304.0,mean,0.9049421052631579,,,,,C:\git_repo\Stellar-World-Model\experiments\exp08_menu_channel\mu_cache,C:\git_repo\Stellar-World-Model\experiments\exp08_menu_channel\subset_mu_cache
menu,hann0p3_fbwd_s1,hann0p3_fbwd,1,mean_std,linear,features_plus_mu,rgb_vs_heb,contrastive,0.8325866077864494,161,113.0,mean,0.6965339233038348,,,,,C:\git_repo\Stellar-World-Model\experiments\exp08_menu_channel\mu_cache,C:\git_repo\Stellar-World-Model\experiments\exp08_menu_channel\subset_mu_cache
menu,hann0p3_fbwd_s1,hann0p3_fbwd,1,mean_std,linear,features_plus_mu,numax_hon,regression,,1313,,mean,,0.8772217233574777,0.07274655539529291,0.8969630858280442,True,C:\git_repo\Stellar-World-Model\experiments\exp08_menu_channel\mu_cache,C:\git_repo\Stellar-World-Model\experiments\exp08_menu_channel\subset_mu_cache
menu,hann0p3_fbwd_s1,hann0p3_fbwd,1,mean_std,linear,features_plus_mu,numax_hatt,regression,,417,,mean,,0.8910482538655258,0.14175630356896873,0.9349111128543396,True,C:\git_repo\Stellar-World-Model\experiments\exp08_menu_channel\mu_cache,C:\git_repo\Stellar-World-Model\experiments\exp08_menu_channel\subset_mu_cache
menu,hann0p3_fbwd_s1,hann0p3_fbwd,1,mean_std,linear,features_plus_mu,dnu_hatt,regression,,417,,mean,,0.8828018886014356,0.11770732024777524,0.9312828238441204,True,C:\git_repo\Stellar-World-Model\experiments\exp08_menu_channel\mu_cache,C:\git_repo\Stellar-World-Model\experiments\exp08_menu_channel\subset_mu_cache
menu,hann0p3_fbwd_s1,hann0p3_fbwd,1,mean_std,linear,features_plus_mu,prot_kounkel,regression,,138,,mean,,0.5281532690155193,1.0375388117001072,0.8144757225366247,False,C:\git_repo\Stellar-World-Model\experiments\exp08_menu_channel\mu_cache,C:\git_repo\Stellar-World-Model\experiments\exp08_menu_channel\subset_mu_cache
menu,hann0p3_fbwd_s1,hann0p3_fbwd,1,mean_std,linear,features_plus_mu,rotation_period,regression,,150,,mean,,0.7786328604837345,0.5116375752321038,0.8082261433841506,False,C:\git_repo\Stellar-World-Model\experiments\exp08_menu_channel\mu_cache,C:\git_repo\Stellar-World-Model\experiments\exp08_menu_channel\subset_mu_cache
menu,hann0p3_fbwd_s1,hann0p3_fbwd,1,mean_std,linear,features_plus_mu,ijspeert,detection,0.41021822508426087,2021,93.0,mean,0.830232454379155,,,,,C:\git_repo\Stellar-World-Model\experiments\exp08_menu_channel\mu_cache,C:\git_repo\Stellar-World-Model\experiments\exp08_menu_channel\subset_mu_cache
menu,hann0p3_fbwd_s1,hann0p3_fbwd,1,mean_std,linear,features_plus_mu,ijspeert_excl_villanova,detection,0.38811184843268176,1825,19.0,mean,0.6947892988284665,,,,,C:\git_repo\Stellar-World-Model\experiments\exp08_menu_channel\mu_cache,C:\git_repo\Stellar-World-Model\experiments\exp08_menu_channel\subset_mu_cache
menu,hann0p3_fbwd_s1,hann0p3_fbwd,1,mean_std,linear,mu_perp_full,osc_giant,detection,0.5560075193113697,3429,1313.0,mean,0.7218195390863792,,,,,C:\git_repo\Stellar-World-Model\experiments\exp08_menu_channel\mu_cache,C:\git_repo\Stellar-World-Model\experiments\exp08_menu_channel\subset_mu_cache
menu,hann0p3_fbwd_s1,hann0p3_fbwd,1,mean_std,linear,mu_perp_full,solar_like_osc,detection,0.22822982717345203,3429,417.0,mean,0.6810877990834425,,,,,C:\git_repo\Stellar-World-Model\experiments\exp08_menu_channel\mu_cache,C:\git_repo\Stellar-World-Model\experiments\exp08_menu_channel\subset_mu_cache
menu,hann0p3_fbwd_s1,hann0p3_fbwd,1,mean_std,linear,mu_perp_full,flare,detection,0.2497265266035732,3429,304.0,mean,0.6857747368421053,,,,,C:\git_repo\Stellar-World-Model\experiments\exp08_menu_channel\mu_cache,C:\git_repo\Stellar-World-Model\experiments\exp08_menu_channel\subset_mu_cache
menu,hann0p3_fbwd_s1,hann0p3_fbwd,1,mean_std,linear,mu_perp_full,rgb_vs_heb,contrastive,0.7936680289209571,161,113.0,mean,0.6331120943952802,,,,,C:\git_repo\Stellar-World-Model\experiments\exp08_menu_channel\mu_cache,C:\git_repo\Stellar-World-Model\experiments\exp08_menu_channel\subset_mu_cache
menu,hann0p3_fbwd_s1,hann0p3_fbwd,1,mean_std,linear,mu_perp_full,numax_hon,regression,,1313,,mean,,0.5374300561238725,0.1412018453879008,0.7402217644024459,True,C:\git_repo\Stellar-World-Model\experiments\exp08_menu_channel\mu_cache,C:\git_repo\Stellar-World-Model\experiments\exp08_menu_channel\subset_mu_cache
menu,hann0p3_fbwd_s1,hann0p3_fbwd,1,mean_std,linear,mu_perp_full,numax_hatt,regression,,417,,mean,,0.3324063554820843,0.35089839304929743,0.5386464052099672,True,C:\git_repo\Stellar-World-Model\experiments\exp08_menu_channel\mu_cache,C:\git_repo\Stellar-World-Model\experiments\exp08_menu_channel\subset_mu_cache
menu,hann0p3_fbwd_s1,hann0p3_fbwd,1,mean_std,linear,mu_perp_full,dnu_hatt,regression,,417,,mean,,0.3400590786684127,0.2793159236560015,0.5357500054465163,True,C:\git_repo\Stellar-World-Model\experiments\exp08_menu_channel\mu_cache,C:\git_repo\Stellar-World-Model\experiments\exp08_menu_channel\subset_mu_cache
menu,hann0p3_fbwd_s1,hann0p3_fbwd,1,mean_std,linear,mu_perp_full,prot_kounkel,regression,,138,,mean,,0.14283022793864697,1.3984189482957865,0.4473199638806216,False,C:\git_repo\Stellar-World-Model\experiments\exp08_menu_channel\mu_cache,C:\git_repo\Stellar-World-Model\experiments\exp08_menu_channel\subset_mu_cache
menu,hann0p3_fbwd_s1,hann0p3_fbwd,1,mean_std,linear,mu_perp_full,rotation_period,regression,,150,,mean,,0.1291017793863708,1.014821260379536,0.23174185519356416,False,C:\git_repo\Stellar-World-Model\experiments\exp08_menu_channel\mu_cache,C:\git_repo\Stellar-World-Model\experiments\exp08_menu_channel\subset_mu_cache
menu,hann0p3_fbwd_s1,hann0p3_fbwd,1,mean_std,linear,mu_perp_full,ijspeert,detection,0.27521532599725324,2021,93.0,mean,0.6676928568241646,,,,,C:\git_repo\Stellar-World-Model\experiments\exp08_menu_channel\mu_cache,C:\git_repo\Stellar-World-Model\experiments\exp08_menu_channel\subset_mu_cache
menu,hann0p3_fbwd_s1,hann0p3_fbwd,1,mean_std,linear,mu_perp_full,ijspeert_excl_villanova,detection,0.20845473078585774,1825,19.0,mean,0.6539313399778516,,,,,C:\git_repo\Stellar-World-Model\experiments\exp08_menu_channel\mu_cache,C:\git_repo\Stellar-World-Model\experiments\exp08_menu_channel\subset_mu_cache
v1,hann0p3_fbwd_s1,hann0p3_fbwd,1,mean_perp_amp,linear,mu,pulsating,detection,0.827023432014314,2021,216.0,,,,,,,C:\git_repo\Stellar-World-Model\experiments\exp08_menu_channel\mu_cache,C:\git_repo\Stellar-World-Model\experiments\exp08_menu_channel\subset_mu_cache
v1,hann0p3_fbwd_s1,hann0p3_fbwd,1,mean_perp_amp,linear,mu,eb,detection,0.6009037977088723,2021,196.0,,,,,,,C:\git_repo\Stellar-World-Model\experiments\exp08_menu_channel\mu_cache,C:\git_repo\Stellar-World-Model\experiments\exp08_menu_channel\subset_mu_cache
v1,hann0p3_fbwd_s1,hann0p3_fbwd,1,mean_perp_amp,linear,mu,rotation,detection,0.4301269474658908,2021,180.0,,,,,,,C:\git_repo\Stellar-World-Model\experiments\exp08_menu_channel\mu_cache,C:\git_repo\Stellar-World-Model\experiments\exp08_menu_channel\subset_mu_cache
v1,hann0p3_fbwd_s1,hann0p3_fbwd,1,mean_perp_amp,linear,mu,transit,detection,0.16976691915263903,2021,122.0,,,,,,,C:\git_repo\Stellar-World-Model\experiments\exp08_menu_channel\mu_cache,C:\git_repo\Stellar-World-Model\experiments\exp08_menu_channel\subset_mu_cache
menu,hann0p3_fbwd_s1,hann0p3_fbwd,1,mean_perp_amp,linear,mu,osc_giant,detection,0.8540903247093926,3429,1313.0,mean,0.9378528226532119,,,,,C:\git_repo\Stellar-World-Model\experiments\exp08_menu_channel\mu_cache,C:\git_repo\Stellar-World-Model\experiments\exp08_menu_channel\subset_mu_cache
menu,hann0p3_fbwd_s1,hann0p3_fbwd,1,mean_perp_amp,linear,mu,solar_like_osc,detection,0.32035805436265413,3429,417.0,mean,0.8038700513692631,,,,,C:\git_repo\Stellar-World-Model\experiments\exp08_menu_channel\mu_cache,C:\git_repo\Stellar-World-Model\experiments\exp08_menu_channel\subset_mu_cache
menu,hann0p3_fbwd_s1,hann0p3_fbwd,1,mean_perp_amp,linear,mu,flare,detection,0.4261669716708452,3429,304.0,mean,0.8250621052631578,,,,,C:\git_repo\Stellar-World-Model\experiments\exp08_menu_channel\mu_cache,C:\git_repo\Stellar-World-Model\experiments\exp08_menu_channel\subset_mu_cache
menu,hann0p3_fbwd_s1,hann0p3_fbwd,1,mean_perp_amp,linear,mu,rgb_vs_heb,contrastive,0.7985182307301868,161,113.0,mean,0.6318215339233039,,,,,C:\git_repo\Stellar-World-Model\experiments\exp08_menu_channel\mu_cache,C:\git_repo\Stellar-World-Model\experiments\exp08_menu_channel\subset_mu_cache
menu,hann0p3_fbwd_s1,hann0p3_fbwd,1,mean_perp_amp,linear,mu,numax_hon,regression,,1313,,mean,,0.7615867420554245,0.10137173243344512,0.8352318904338492,True,C:\git_repo\Stellar-World-Model\experiments\exp08_menu_channel\mu_cache,C:\git_repo\Stellar-World-Model\experiments\exp08_menu_channel\subset_mu_cache
menu,hann0p3_fbwd_s1,hann0p3_fbwd,1,mean_perp_amp,linear,mu,numax_hatt,regression,,417,,mean,,0.8070483878570447,0.18864681982656425,0.8886109734773862,True,C:\git_repo\Stellar-World-Model\experiments\exp08_menu_channel\mu_cache,C:\git_repo\Stellar-World-Model\experiments\exp08_menu_channel\subset_mu_cache
menu,hann0p3_fbwd_s1,hann0p3_fbwd,1,mean_perp_amp,linear,mu,dnu_hatt,regression,,417,,mean,,0.800787885238484,0.1534620653640319,0.8870249038609452,True,C:\git_repo\Stellar-World-Model\experiments\exp08_menu_channel\mu_cache,C:\git_repo\Stellar-World-Model\experiments\exp08_menu_channel\subset_mu_cache
menu,hann0p3_fbwd_s1,hann0p3_fbwd,1,mean_perp_amp,linear,mu,prot_kounkel,regression,,138,,mean,,0.3858217024224899,1.1837257890743502,0.7594605794449323,False,C:\git_repo\Stellar-World-Model\experiments\exp08_menu_channel\mu_cache,C:\git_repo\Stellar-World-Model\experiments\exp08_menu_channel\subset_mu_cache
menu,hann0p3_fbwd_s1,hann0p3_fbwd,1,mean_perp_amp,linear,mu,rotation_period,regression,,150,,mean,,0.6700566673386522,0.6246338760720395,0.7725872260989378,False,C:\git_repo\Stellar-World-Model\experiments\exp08_menu_channel\mu_cache,C:\git_repo\Stellar-World-Model\experiments\exp08_menu_channel\subset_mu_cache
menu,hann0p3_fbwd_s1,hann0p3_fbwd,1,mean_perp_amp,linear,mu,ijspeert,detection,0.4057765070828602,2021,93.0,mean,0.8061169856779548,,,,,C:\git_repo\Stellar-World-Model\experiments\exp08_menu_channel\mu_cache,C:\git_repo\Stellar-World-Model\experiments\exp08_menu_channel\subset_mu_cache
menu,hann0p3_fbwd_s1,hann0p3_fbwd,1,mean_perp_amp,linear,mu,ijspeert_excl_villanova,detection,0.3403871148089478,1825,19.0,mean,0.7753395115696217,,,,,C:\git_repo\Stellar-World-Model\experiments\exp08_menu_channel\mu_cache,C:\git_repo\Stellar-World-Model\experiments\exp08_menu_channel\subset_mu_cache
v1,hann0p3_fbwd_s2,hann0p3_fbwd,2,mean,linear,mu,pulsating,detection,0.7861970080423146,2021,216.0,,,,,,,C:\git_repo\Stellar-World-Model\experiments\exp08_menu_channel\mu_cache,C:\git_repo\Stellar-World-Model\experiments\exp08_menu_channel\subset_mu_cache
v1,hann0p3_fbwd_s2,hann0p3_fbwd,2,mean,linear,mu,eb,detection,0.7816120752477225,2021,196.0,,,,,,,C:\git_repo\Stellar-World-Model\experiments\exp08_menu_channel\mu_cache,C:\git_repo\Stellar-World-Model\experiments\exp08_menu_channel\subset_mu_cache
v1,hann0p3_fbwd_s2,hann0p3_fbwd,2,mean,linear,mu,rotation,detection,0.5395446870742925,2021,180.0,,,,,,,C:\git_repo\Stellar-World-Model\experiments\exp08_menu_channel\mu_cache,C:\git_repo\Stellar-World-Model\experiments\exp08_menu_channel\subset_mu_cache
v1,hann0p3_fbwd_s2,hann0p3_fbwd,2,mean,linear,mu,transit,detection,0.1588014765841774,2021,122.0,,,,,,,C:\git_repo\Stellar-World-Model\experiments\exp08_menu_channel\mu_cache,C:\git_repo\Stellar-World-Model\experiments\exp08_menu_channel\subset_mu_cache
v1,hann0p3_fbwd_s2,hann0p3_fbwd,2,mean,linear,features_plus_mu,pulsating,detection,0.8397839172849213,2021,216.0,,,,,,,C:\git_repo\Stellar-World-Model\experiments\exp08_menu_channel\mu_cache,C:\git_repo\Stellar-World-Model\experiments\exp08_menu_channel\subset_mu_cache
v1,hann0p3_fbwd_s2,hann0p3_fbwd,2,mean,linear,features_plus_mu,eb,detection,0.7768814335675206,2021,196.0,,,,,,,C:\git_repo\Stellar-World-Model\experiments\exp08_menu_channel\mu_cache,C:\git_repo\Stellar-World-Model\experiments\exp08_menu_channel\subset_mu_cache
v1,hann0p3_fbwd_s2,hann0p3_fbwd,2,mean,linear,features_plus_mu,rotation,detection,0.5400993095262637,2021,180.0,,,,,,,C:\git_repo\Stellar-World-Model\experiments\exp08_menu_channel\mu_cache,C:\git_repo\Stellar-World-Model\experiments\exp08_menu_channel\subset_mu_cache
v1,hann0p3_fbwd_s2,hann0p3_fbwd,2,mean,linear,features_plus_mu,transit,detection,0.23227748872803064,2021,122.0,,,,,,,C:\git_repo\Stellar-World-Model\experiments\exp08_menu_channel\mu_cache,C:\git_repo\Stellar-World-Model\experiments\exp08_menu_channel\subset_mu_cache
v1,hann0p3_fbwd_s2,hann0p3_fbwd,2,mean,linear,mu_perp_full,pulsating,detection,0.35389750947839743,2021,216.0,,,,,,,C:\git_repo\Stellar-World-Model\experiments\exp08_menu_channel\mu_cache,C:\git_repo\Stellar-World-Model\experiments\exp08_menu_channel\subset_mu_cache
v1,hann0p3_fbwd_s2,hann0p3_fbwd,2,mean,linear,mu_perp_full,eb,detection,0.3423566769879377,2021,196.0,,,,,,,C:\git_repo\Stellar-World-Model\experiments\exp08_menu_channel\mu_cache,C:\git_repo\Stellar-World-Model\experiments\exp08_menu_channel\subset_mu_cache
v1,hann0p3_fbwd_s2,hann0p3_fbwd,2,mean,linear,mu_perp_full,rotation,detection,0.23900377134887718,2021,180.0,,,,,,,C:\git_repo\Stellar-World-Model\experiments\exp08_menu_channel\mu_cache,C:\git_repo\Stellar-World-Model\experiments\exp08_menu_channel\subset_mu_cache
v1,hann0p3_fbwd_s2,hann0p3_fbwd,2,mean,linear,mu_perp_full,transit,detection,0.13238562393755055,2021,122.0,,,,,,,C:\git_repo\Stellar-World-Model\experiments\exp08_menu_channel\mu_cache,C:\git_repo\Stellar-World-Model\experiments\exp08_menu_channel\subset_mu_cache
menu,hann0p3_fbwd_s2,hann0p3_fbwd,2,mean,linear,mu,osc_giant,detection,0.854437397408714,3429,1313.0,mean,0.9385924814671375,,,,,C:\git_repo\Stellar-World-Model\experiments\exp08_menu_channel\mu_cache,C:\git_repo\Stellar-World-Model\experiments\exp08_menu_channel\subset_mu_cache
menu,hann0p3_fbwd_s2,hann0p3_fbwd,2,mean,linear,mu,solar_like_osc,detection,0.343875002278754,3429,417.0,mean,0.8133708172903907,,,,,C:\git_repo\Stellar-World-Model\experiments\exp08_menu_channel\mu_cache,C:\git_repo\Stellar-World-Model\experiments\exp08_menu_channel\subset_mu_cache
menu,hann0p3_fbwd_s2,hann0p3_fbwd,2,mean,linear,mu,flare,detection,0.43705552793445807,3429,304.0,mean,0.8659452631578947,,,,,C:\git_repo\Stellar-World-Model\experiments\exp08_menu_channel\mu_cache,C:\git_repo\Stellar-World-Model\experiments\exp08_menu_channel\subset_mu_cache
menu,hann0p3_fbwd_s2,hann0p3_fbwd,2,mean,linear,mu,rgb_vs_heb,contrastive,0.8112229191542881,161,113.0,mean,0.6587389380530974,,,,,C:\git_repo\Stellar-World-Model\experiments\exp08_menu_channel\mu_cache,C:\git_repo\Stellar-World-Model\experiments\exp08_menu_channel\subset_mu_cache
menu,hann0p3_fbwd_s2,hann0p3_fbwd,2,mean,linear,mu,numax_hon,regression,,1313,,mean,,0.8059380081852717,0.09145804415164682,0.8446451776694582,True,C:\git_repo\Stellar-World-Model\experiments\exp08_menu_channel\mu_cache,C:\git_repo\Stellar-World-Model\experiments\exp08_menu_channel\subset_mu_cache
menu,hann0p3_fbwd_s2,hann0p3_fbwd,2,mean,linear,mu,numax_hatt,regression,,417,,mean,,0.8300638529120349,0.17703868140470602,0.9025073784390873,True,C:\git_repo\Stellar-World-Model\experiments\exp08_menu_channel\mu_cache,C:\git_repo\Stellar-World-Model\experiments\exp08_menu_channel\subset_mu_cache
menu,hann0p3_fbwd_s2,hann0p3_fbwd,2,mean,linear,mu,dnu_hatt,regression,,417,,mean,,0.8228320512940043,0.14472239611236506,0.8988262380429436,True,C:\git_repo\Stellar-World-Model\experiments\exp08_menu_channel\mu_cache,C:\git_repo\Stellar-World-Model\experiments\exp08_menu_channel\subset_mu_cache
menu,hann0p3_fbwd_s2,hann0p3_fbwd,2,mean,linear,mu,prot_kounkel,regression,,138,,mean,,0.3311169226937909,1.2353185998142715,0.7485036707589663,False,C:\git_repo\Stellar-World-Model\experiments\exp08_menu_channel\mu_cache,C:\git_repo\Stellar-World-Model\experiments\exp08_menu_channel\subset_mu_cache
menu,hann0p3_fbwd_s2,hann0p3_fbwd,2,mean,linear,mu,rotation_period,regression,,150,,mean,,0.662603736168732,0.6316492575560085,0.7997991021823192,False,C:\git_repo\Stellar-World-Model\experiments\exp08_menu_channel\mu_cache,C:\git_repo\Stellar-World-Model\experiments\exp08_menu_channel\subset_mu_cache
menu,hann0p3_fbwd_s2,hann0p3_fbwd,2,mean,linear,mu,ijspeert,detection,0.42218057055114233,2021,93.0,mean,0.8660152590014722,,,,,C:\git_repo\Stellar-World-Model\experiments\exp08_menu_channel\mu_cache,C:\git_repo\Stellar-World-Model\experiments\exp08_menu_channel\subset_mu_cache
menu,hann0p3_fbwd_s2,hann0p3_fbwd,2,mean,linear,mu,ijspeert_excl_villanova,detection,0.28034387751698686,1825,19.0,mean,0.8012764469312816,,,,,C:\git_repo\Stellar-World-Model\experiments\exp08_menu_channel\mu_cache,C:\git_repo\Stellar-World-Model\experiments\exp08_menu_channel\subset_mu_cache
menu,hann0p3_fbwd_s2,hann0p3_fbwd,2,mean,linear,features_plus_mu,osc_giant,detection,0.9185475957900293,3429,1313.0,mean,0.9632402167074349,,,,,C:\git_repo\Stellar-World-Model\experiments\exp08_menu_channel\mu_cache,C:\git_repo\Stellar-World-Model\experiments\exp08_menu_channel\subset_mu_cache
menu,hann0p3_fbwd_s2,hann0p3_fbwd,2,mean,linear,features_plus_mu,solar_like_osc,detection,0.38499586949101683,3429,417.0,mean,0.8326430489074876,,,,,C:\git_repo\Stellar-World-Model\experiments\exp08_menu_channel\mu_cache,C:\git_repo\Stellar-World-Model\experiments\exp08_menu_channel\subset_mu_cache
menu,hann0p3_fbwd_s2,hann0p3_fbwd,2,mean,linear,features_plus_mu,flare,detection,0.5222614607131423,3429,304.0,mean,0.8937736842105264,,,,,C:\git_repo\Stellar-World-Model\experiments\exp08_menu_channel\mu_cache,C:\git_repo\Stellar-World-Model\experiments\exp08_menu_channel\subset_mu_cache
menu,hann0p3_fbwd_s2,hann0p3_fbwd,2,mean,linear,features_plus_mu,rgb_vs_heb,contrastive,0.8310218137708092,161,113.0,mean,0.6969026548672566,,,,,C:\git_repo\Stellar-World-Model\experiments\exp08_menu_channel\mu_cache,C:\git_repo\Stellar-World-Model\experiments\exp08_menu_channel\subset_mu_cache
menu,hann0p3_fbwd_s2,hann0p3_fbwd,2,mean,linear,features_plus_mu,numax_hon,regression,,1313,,mean,,0.8669880608261198,0.07571762442830104,0.8941769985365752,True,C:\git_repo\Stellar-World-Model\experiments\exp08_menu_channel\mu_cache,C:\git_repo\Stellar-World-Model\experiments\exp08_menu_channel\subset_mu_cache
menu,hann0p3_fbwd_s2,hann0p3_fbwd,2,mean,linear,features_plus_mu,numax_hatt,regression,,417,,mean,,0.8811465741162374,0.14805774646407352,0.9317757934242791,True,C:\git_repo\Stellar-World-Model\experiments\exp08_menu_channel\mu_cache,C:\git_repo\Stellar-World-Model\experiments\exp08_menu_channel\subset_mu_cache
menu,hann0p3_fbwd_s2,hann0p3_fbwd,2,mean,linear,features_plus_mu,dnu_hatt,regression,,417,,mean,,0.8740260356736117,0.1220347636083384,0.92809296097178,True,C:\git_repo\Stellar-World-Model\experiments\exp08_menu_channel\mu_cache,C:\git_repo\Stellar-World-Model\experiments\exp08_menu_channel\subset_mu_cache
menu,hann0p3_fbwd_s2,hann0p3_fbwd,2,mean,linear,features_plus_mu,prot_kounkel,regression,,138,,mean,,0.48308178931112733,1.0859624095000655,0.7956647263574889,False,C:\git_repo\Stellar-World-Model\experiments\exp08_menu_channel\mu_cache,C:\git_repo\Stellar-World-Model\experiments\exp08_menu_channel\subset_mu_cache
menu,hann0p3_fbwd_s2,hann0p3_fbwd,2,mean,linear,features_plus_mu,rotation_period,regression,,150,,mean,,0.7137964932699687,0.5817592948425027,0.7630756922529891,False,C:\git_repo\Stellar-World-Model\experiments\exp08_menu_channel\mu_cache,C:\git_repo\Stellar-World-Model\experiments\exp08_menu_channel\subset_mu_cache
menu,hann0p3_fbwd_s2,hann0p3_fbwd,2,mean,linear,features_plus_mu,ijspeert,detection,0.4391418948509075,2021,93.0,mean,0.8786195511533486,,,,,C:\git_repo\Stellar-World-Model\experiments\exp08_menu_channel\mu_cache,C:\git_repo\Stellar-World-Model\experiments\exp08_menu_channel\subset_mu_cache
menu,hann0p3_fbwd_s2,hann0p3_fbwd,2,mean,linear,features_plus_mu,ijspeert_excl_villanova,detection,0.4141238380551776,1825,19.0,mean,0.8196945853004605,,,,,C:\git_repo\Stellar-World-Model\experiments\exp08_menu_channel\mu_cache,C:\git_repo\Stellar-World-Model\experiments\exp08_menu_channel\subset_mu_cache
menu,hann0p3_fbwd_s2,hann0p3_fbwd,2,mean,linear,mu_perp_full,osc_giant,detection,0.5356154719879087,3429,1313.0,mean,0.7044096622836632,,,,,C:\git_repo\Stellar-World-Model\experiments\exp08_menu_channel\mu_cache,C:\git_repo\Stellar-World-Model\experiments\exp08_menu_channel\subset_mu_cache
menu,hann0p3_fbwd_s2,hann0p3_fbwd,2,mean,linear,mu_perp_full,solar_like_osc,detection,0.2225456399518185,3429,417.0,mean,0.6769683854510018,,,,,C:\git_repo\Stellar-World-Model\experiments\exp08_menu_channel\mu_cache,C:\git_repo\Stellar-World-Model\experiments\exp08_menu_channel\subset_mu_cache
menu,hann0p3_fbwd_s2,hann0p3_fbwd,2,mean,linear,mu_perp_full,flare,detection,0.19479034369663695,3429,304.0,mean,0.6320547368421052,,,,,C:\git_repo\Stellar-World-Model\experiments\exp08_menu_channel\mu_cache,C:\git_repo\Stellar-World-Model\experiments\exp08_menu_channel\subset_mu_cache
menu,hann0p3_fbwd_s2,hann0p3_fbwd,2,mean,linear,mu_perp_full,rgb_vs_heb,contrastive,0.7031094406865004,161,113.0,mean,0.5073746312684366,,,,,C:\git_repo\Stellar-World-Model\experiments\exp08_menu_channel\mu_cache,C:\git_repo\Stellar-World-Model\experiments\exp08_menu_channel\subset_mu_cache
menu,hann0p3_fbwd_s2,hann0p3_fbwd,2,mean,linear,mu_perp_full,numax_hon,regression,,1313,,mean,,0.5527973646602926,0.1388365599955869,0.752285242964472,True,C:\git_repo\Stellar-World-Model\experiments\exp08_menu_channel\mu_cache,C:\git_repo\Stellar-World-Model\experiments\exp08_menu_channel\subset_mu_cache
menu,hann0p3_fbwd_s2,hann0p3_fbwd,2,mean,linear,mu_perp_full,numax_hatt,regression,,417,,mean,,0.386189045011582,0.33646709627618915,0.5883446645371542,True,C:\git_repo\Stellar-World-Model\experiments\exp08_menu_channel\mu_cache,C:\git_repo\Stellar-World-Model\experiments\exp08_menu_channel\subset_mu_cache
menu,hann0p3_fbwd_s2,hann0p3_fbwd,2,mean,linear,mu_perp_full,dnu_hatt,regression,,417,,mean,,0.39164285484311545,0.2681775831511032,0.5872145331376222,True,C:\git_repo\Stellar-World-Model\experiments\exp08_menu_channel\mu_cache,C:\git_repo\Stellar-World-Model\experiments\exp08_menu_channel\subset_mu_cache
menu,hann0p3_fbwd_s2,hann0p3_fbwd,2,mean,linear,mu_perp_full,prot_kounkel,regression,,138,,mean,,0.08818865477838844,1.442302552420243,0.38389592420830576,False,C:\git_repo\Stellar-World-Model\experiments\exp08_menu_channel\mu_cache,C:\git_repo\Stellar-World-Model\experiments\exp08_menu_channel\subset_mu_cache
menu,hann0p3_fbwd_s2,hann0p3_fbwd,2,mean,linear,mu_perp_full,rotation_period,regression,,150,,mean,,0.0921505301406279,1.0361264910076946,0.29042535223787724,False,C:\git_repo\Stellar-World-Model\experiments\exp08_menu_channel\mu_cache,C:\git_repo\Stellar-World-Model\experiments\exp08_menu_channel\subset_mu_cache
menu,hann0p3_fbwd_s2,hann0p3_fbwd,2,mean,linear,mu_perp_full,ijspeert,detection,0.13684055810313145,2021,93.0,mean,0.6481450497479142,,,,,C:\git_repo\Stellar-World-Model\experiments\exp08_menu_channel\mu_cache,C:\git_repo\Stellar-World-Model\experiments\exp08_menu_channel\subset_mu_cache
menu,hann0p3_fbwd_s2,hann0p3_fbwd,2,mean,linear,mu_perp_full,ijspeert_excl_villanova,detection,0.2752828187940171,1825,19.0,mean,0.8192865885644343,,,,,C:\git_repo\Stellar-World-Model\experiments\exp08_menu_channel\mu_cache,C:\git_repo\Stellar-World-Model\experiments\exp08_menu_channel\subset_mu_cache
v1,hann0p3_fbwd_s2,hann0p3_fbwd,2,mean_std,linear,mu,pulsating,detection,0.8008113279005896,2021,216.0,,,,,,,C:\git_repo\Stellar-World-Model\experiments\exp08_menu_channel\mu_cache,C:\git_repo\Stellar-World-Model\experiments\exp08_menu_channel\subset_mu_cache
v1,hann0p3_fbwd_s2,hann0p3_fbwd,2,mean_std,linear,mu,eb,detection,0.7790073104496105,2021,196.0,,,,,,,C:\git_repo\Stellar-World-Model\experiments\exp08_menu_channel\mu_cache,C:\git_repo\Stellar-World-Model\experiments\exp08_menu_channel\subset_mu_cache
v1,hann0p3_fbwd_s2,hann0p3_fbwd,2,mean_std,linear,mu,rotation,detection,0.49107756797775115,2021,180.0,,,,,,,C:\git_repo\Stellar-World-Model\experiments\exp08_menu_channel\mu_cache,C:\git_repo\Stellar-World-Model\experiments\exp08_menu_channel\subset_mu_cache
v1,hann0p3_fbwd_s2,hann0p3_fbwd,2,mean_std,linear,mu,transit,detection,0.216143843383174,2021,122.0,,,,,,,C:\git_repo\Stellar-World-Model\experiments\exp08_menu_channel\mu_cache,C:\git_repo\Stellar-World-Model\experiments\exp08_menu_channel\subset_mu_cache
v1,hann0p3_fbwd_s2,hann0p3_fbwd,2,mean_std,linear,features_plus_mu,pulsating,detection,0.8298209719383304,2021,216.0,,,,,,,C:\git_repo\Stellar-World-Model\experiments\exp08_menu_channel\mu_cache,C:\git_repo\Stellar-World-Model\experiments\exp08_menu_channel\subset_mu_cache
v1,hann0p3_fbwd_s2,hann0p3_fbwd,2,mean_std,linear,features_plus_mu,eb,detection,0.7683200754150891,2021,196.0,,,,,,,C:\git_repo\Stellar-World-Model\experiments\exp08_menu_channel\mu_cache,C:\git_repo\Stellar-World-Model\experiments\exp08_menu_channel\subset_mu_cache
v1,hann0p3_fbwd_s2,hann0p3_fbwd,2,mean_std,linear,features_plus_mu,rotation,detection,0.49814468794349315,2021,180.0,,,,,,,C:\git_repo\Stellar-World-Model\experiments\exp08_menu_channel\mu_cache,C:\git_repo\Stellar-World-Model\experiments\exp08_menu_channel\subset_mu_cache
v1,hann0p3_fbwd_s2,hann0p3_fbwd,2,mean_std,linear,features_plus_mu,transit,detection,0.2262133287808287,2021,122.0,,,,,,,C:\git_repo\Stellar-World-Model\experiments\exp08_menu_channel\mu_cache,C:\git_repo\Stellar-World-Model\experiments\exp08_menu_channel\subset_mu_cache
v1,hann0p3_fbwd_s2,hann0p3_fbwd,2,mean_std,linear,mu_perp_full,pulsating,detection,0.3548045796702223,2021,216.0,,,,,,,C:\git_repo\Stellar-World-Model\experiments\exp08_menu_channel\mu_cache,C:\git_repo\Stellar-World-Model\experiments\exp08_menu_channel\subset_mu_cache
v1,hann0p3_fbwd_s2,hann0p3_fbwd,2,mean_std,linear,mu_perp_full,eb,detection,0.4385967875685499,2021,196.0,,,,,,,C:\git_repo\Stellar-World-Model\experiments\exp08_menu_channel\mu_cache,C:\git_repo\Stellar-World-Model\experiments\exp08_menu_channel\subset_mu_cache
v1,hann0p3_fbwd_s2,hann0p3_fbwd,2,mean_std,linear,mu_perp_full,rotation,detection,0.2561223444734344,2021,180.0,,,,,,,C:\git_repo\Stellar-World-Model\experiments\exp08_menu_channel\mu_cache,C:\git_repo\Stellar-World-Model\experiments\exp08_menu_channel\subset_mu_cache
v1,hann0p3_fbwd_s2,hann0p3_fbwd,2,mean_std,linear,mu_perp_full,transit,detection,0.14822986353586565,2021,122.0,,,,,,,C:\git_repo\Stellar-World-Model\experiments\exp08_menu_channel\mu_cache,C:\git_repo\Stellar-World-Model\experiments\exp08_menu_channel\subset_mu_cache
menu,hann0p3_fbwd_s2,hann0p3_fbwd,2,mean_std,linear,mu,osc_giant,detection,0.8916575548103096,3429,1313.0,mean,0.9516299128822291,,,,,C:\git_repo\Stellar-World-Model\experiments\exp08_menu_channel\mu_cache,C:\git_repo\Stellar-World-Model\experiments\exp08_menu_channel\subset_mu_cache
menu,hann0p3_fbwd_s2,hann0p3_fbwd,2,mean_std,linear,mu,solar_like_osc,detection,0.34664413232714486,3429,417.0,mean,0.8168294050018948,,,,,C:\git_repo\Stellar-World-Model\experiments\exp08_menu_channel\mu_cache,C:\git_repo\Stellar-World-Model\experiments\exp08_menu_channel\subset_mu_cache
menu,hann0p3_fbwd_s2,hann0p3_fbwd,2,mean_std,linear,mu,flare,detection,0.46194459785562864,3429,304.0,mean,0.8635884210526316,,,,,C:\git_repo\Stellar-World-Model\experiments\exp08_menu_channel\mu_cache,C:\git_repo\Stellar-World-Model\experiments\exp08_menu_channel\subset_mu_cache
menu,hann0p3_fbwd_s2,hann0p3_fbwd,2,mean_std,linear,mu,rgb_vs_heb,contrastive,0.8433211674950258,161,113.0,mean,0.7252949852507375,,,,,C:\git_repo\Stellar-World-Model\experiments\exp08_menu_channel\mu_cache,C:\git_repo\Stellar-World-Model\experiments\exp08_menu_channel\subset_mu_cache
menu,hann0p3_fbwd_s2,hann0p3_fbwd,2,mean_std,linear,mu,numax_hon,regression,,1313,,mean,,0.8390266517789018,0.0832968649386247,0.8745386055112367,True,C:\git_repo\Stellar-World-Model\experiments\exp08_menu_channel\mu_cache,C:\git_repo\Stellar-World-Model\experiments\exp08_menu_channel\subset_mu_cache
menu,hann0p3_fbwd_s2,hann0p3_fbwd,2,mean_std,linear,mu,numax_hatt,regression,,417,,mean,,0.8587441100286011,0.1614093042264208,0.9163269953394784,True,C:\git_repo\Stellar-World-Model\experiments\exp08_menu_channel\mu_cache,C:\git_repo\Stellar-World-Model\experiments\exp08_menu_channel\subset_mu_cache
menu,hann0p3_fbwd_s2,hann0p3_fbwd,2,mean_std,linear,mu,dnu_hatt,regression,,417,,mean,,0.8530022783888873,0.1318252087329944,0.912399001132103,True,C:\git_repo\Stellar-World-Model\experiments\exp08_menu_channel\mu_cache,C:\git_repo\Stellar-World-Model\experiments\exp08_menu_channel\subset_mu_cache
menu,hann0p3_fbwd_s2,hann0p3_fbwd,2,mean_std,linear,mu,prot_kounkel,regression,,138,,mean,,0.47195612940474063,1.0975868095308545,0.7775409628340055,False,C:\git_repo\Stellar-World-Model\experiments\exp08_menu_channel\mu_cache,C:\git_repo\Stellar-World-Model\experiments\exp08_menu_channel\subset_mu_cache
menu,hann0p3_fbwd_s2,hann0p3_fbwd,2,mean_std,linear,mu,rotation_period,regression,,150,,mean,,0.7425307573765108,0.5517832758530145,0.8156540290679586,False,C:\git_repo\Stellar-World-Model\experiments\exp08_menu_channel\mu_cache,C:\git_repo\Stellar-World-Model\experiments\exp08_menu_channel\subset_mu_cache
menu,hann0p3_fbwd_s2,hann0p3_fbwd,2,mean_std,linear,mu,ijspeert,detection,0.41443981216665843,2021,93.0,mean,0.8592055949672065,,,,,C:\git_repo\Stellar-World-Model\experiments\exp08_menu_channel\mu_cache,C:\git_repo\Stellar-World-Model\experiments\exp08_menu_channel\subset_mu_cache
menu,hann0p3_fbwd_s2,hann0p3_fbwd,2,mean_std,linear,mu,ijspeert_excl_villanova,detection,0.2254049435192569,1825,19.0,mean,0.7145479979017311,,,,,C:\git_repo\Stellar-World-Model\experiments\exp08_menu_channel\mu_cache,C:\git_repo\Stellar-World-Model\experiments\exp08_menu_channel\subset_mu_cache
menu,hann0p3_fbwd_s2,hann0p3_fbwd,2,mean_std,linear,features_plus_mu,osc_giant,detection,0.9202975383138375,3429,1313.0,mean,0.9638823341400594,,,,,C:\git_repo\Stellar-World-Model\experiments\exp08_menu_channel\mu_cache,C:\git_repo\Stellar-World-Model\experiments\exp08_menu_channel\subset_mu_cache
menu,hann0p3_fbwd_s2,hann0p3_fbwd,2,mean_std,linear,features_plus_mu,solar_like_osc,detection,0.39004910810040394,3429,417.0,mean,0.8340578533189386,,,,,C:\git_repo\Stellar-World-Model\experiments\exp08_menu_channel\mu_cache,C:\git_repo\Stellar-World-Model\experiments\exp08_menu_channel\subset_mu_cache
menu,hann0p3_fbwd_s2,hann0p3_fbwd,2,mean_std,linear,features_plus_mu,flare,detection,0.5275487526885393,3429,304.0,mean,0.8935568421052631,,,,,C:\git_repo\Stellar-World-Model\experiments\exp08_menu_channel\mu_cache,C:\git_repo\Stellar-World-Model\experiments\exp08_menu_channel\subset_mu_cache
menu,hann0p3_fbwd_s2,hann0p3_fbwd,2,mean_std,linear,features_plus_mu,rgb_vs_heb,contrastive,0.8440175432995212,161,113.0,mean,0.7313790560471976,,,,,C:\git_repo\Stellar-World-Model\experiments\exp08_menu_channel\mu_cache,C:\git_repo\Stellar-World-Model\experiments\exp08_menu_channel\subset_mu_cache
menu,hann0p3_fbwd_s2,hann0p3_fbwd,2,mean_std,linear,features_plus_mu,numax_hon,regression,,1313,,mean,,0.8716928630437641,0.07436645415283415,0.8958894128091585,True,C:\git_repo\Stellar-World-Model\experiments\exp08_menu_channel\mu_cache,C:\git_repo\Stellar-World-Model\experiments\exp08_menu_channel\subset_mu_cache
menu,hann0p3_fbwd_s2,hann0p3_fbwd,2,mean_std,linear,features_plus_mu,numax_hatt,regression,,417,,mean,,0.8919906709316774,0.14114188612267695,0.9313628093574707,True,C:\git_repo\Stellar-World-Model\experiments\exp08_menu_channel\mu_cache,C:\git_repo\Stellar-World-Model\experiments\exp08_menu_channel\subset_mu_cache
menu,hann0p3_fbwd_s2,hann0p3_fbwd,2,mean_std,linear,features_plus_mu,dnu_hatt,regression,,417,,mean,,0.8853827656297751,0.1164040600905455,0.9276726106892511,True,C:\git_repo\Stellar-World-Model\experiments\exp08_menu_channel\mu_cache,C:\git_repo\Stellar-World-Model\experiments\exp08_menu_channel\subset_mu_cache
menu,hann0p3_fbwd_s2,hann0p3_fbwd,2,mean_std,linear,features_plus_mu,prot_kounkel,regression,,138,,mean,,0.5094943125577567,1.0578544077828622,0.8005529825559995,False,C:\git_repo\Stellar-World-Model\experiments\exp08_menu_channel\mu_cache,C:\git_repo\Stellar-World-Model\experiments\exp08_menu_channel\subset_mu_cache
menu,hann0p3_fbwd_s2,hann0p3_fbwd,2,mean_std,linear,features_plus_mu,rotation_period,regression,,150,,mean,,0.766094106228089,0.525928175587549,0.823871283168141,False,C:\git_repo\Stellar-World-Model\experiments\exp08_menu_channel\mu_cache,C:\git_repo\Stellar-World-Model\experiments\exp08_menu_channel\subset_mu_cache
menu,hann0p3_fbwd_s2,hann0p3_fbwd,2,mean_std,linear,features_plus_mu,ijspeert,detection,0.41780013141426986,2021,93.0,mean,0.842797706688083,,,,,C:\git_repo\Stellar-World-Model\experiments\exp08_menu_channel\mu_cache,C:\git_repo\Stellar-World-Model\experiments\exp08_menu_channel\subset_mu_cache
menu,hann0p3_fbwd_s2,hann0p3_fbwd,2,mean_std,linear,features_plus_mu,ijspeert_excl_villanova,detection,0.22470555323658667,1825,19.0,mean,0.7303724427347438,,,,,C:\git_repo\Stellar-World-Model\experiments\exp08_menu_channel\mu_cache,C:\git_repo\Stellar-World-Model\experiments\exp08_menu_channel\subset_mu_cache
menu,hann0p3_fbwd_s2,hann0p3_fbwd,2,mean_std,linear,mu_perp_full,osc_giant,detection,0.560757764428655,3429,1313.0,mean,0.7274006337670265,,,,,C:\git_repo\Stellar-World-Model\experiments\exp08_menu_channel\mu_cache,C:\git_repo\Stellar-World-Model\experiments\exp08_menu_channel\subset_mu_cache
menu,hann0p3_fbwd_s2,hann0p3_fbwd,2,mean_std,linear,mu_perp_full,solar_like_osc,detection,0.22622351931128531,3429,417.0,mean,0.6855670841812607,,,,,C:\git_repo\Stellar-World-Model\experiments\exp08_menu_channel\mu_cache,C:\git_repo\Stellar-World-Model\experiments\exp08_menu_channel\subset_mu_cache
menu,hann0p3_fbwd_s2,hann0p3_fbwd,2,mean_std,linear,mu_perp_full,flare,detection,0.22121299104085093,3429,304.0,mean,0.66656,,,,,C:\git_repo\Stellar-World-Model\experiments\exp08_menu_channel\mu_cache,C:\git_repo\Stellar-World-Model\experiments\exp08_menu_channel\subset_mu_cache
menu,hann0p3_fbwd_s2,hann0p3_fbwd,2,mean_std,linear,mu_perp_full,rgb_vs_heb,contrastive,0.7692448998730219,161,113.0,mean,0.6622418879056048,,,,,C:\git_repo\Stellar-World-Model\experiments\exp08_menu_channel\mu_cache,C:\git_repo\Stellar-World-Model\experiments\exp08_menu_channel\subset_mu_cache
menu,hann0p3_fbwd_s2,hann0p3_fbwd,2,mean_std,linear,mu_perp_full,numax_hon,regression,,1313,,mean,,0.6043628249654127,0.13058708077184833,0.7747986117749219,True,C:\git_repo\Stellar-World-Model\experiments\exp08_menu_channel\mu_cache,C:\git_repo\Stellar-World-Model\experiments\exp08_menu_channel\subset_mu_cache
menu,hann0p3_fbwd_s2,hann0p3_fbwd,2,mean_std,linear,mu_perp_full,numax_hatt,regression,,417,,mean,,0.3730052578361551,0.3400613167016222,0.5786483513901439,True,C:\git_repo\Stellar-World-Model\experiments\exp08_menu_channel\mu_cache,C:\git_repo\Stellar-World-Model\experiments\exp08_menu_channel\subset_mu_cache
menu,hann0p3_fbwd_s2,hann0p3_fbwd,2,mean_std,linear,mu_perp_full,dnu_hatt,regression,,417,,mean,,0.37825467373409105,0.27111243060200924,0.5822069035317005,True,C:\git_repo\Stellar-World-Model\experiments\exp08_menu_channel\mu_cache,C:\git_repo\Stellar-World-Model\experiments\exp08_menu_channel\subset_mu_cache
menu,hann0p3_fbwd_s2,hann0p3_fbwd,2,mean_std,linear,mu_perp_full,prot_kounkel,regression,,138,,mean,,0.11241100750120103,1.4230161536782584,0.41874158796434036,False,C:\git_repo\Stellar-World-Model\experiments\exp08_menu_channel\mu_cache,C:\git_repo\Stellar-World-Model\experiments\exp08_menu_channel\subset_mu_cache
menu,hann0p3_fbwd_s2,hann0p3_fbwd,2,mean_std,linear,mu_perp_full,rotation_period,regression,,150,,mean,,0.16457862490854025,0.993936517324739,0.3937081648073248,False,C:\git_repo\Stellar-World-Model\experiments\exp08_menu_channel\mu_cache,C:\git_repo\Stellar-World-Model\experiments\exp08_menu_channel\subset_mu_cache
menu,hann0p3_fbwd_s2,hann0p3_fbwd,2,mean_std,linear,mu_perp_full,ijspeert,detection,0.23562228289654913,2021,93.0,mean,0.6881385802882256,,,,,C:\git_repo\Stellar-World-Model\experiments\exp08_menu_channel\mu_cache,C:\git_repo\Stellar-World-Model\experiments\exp08_menu_channel\subset_mu_cache
menu,hann0p3_fbwd_s2,hann0p3_fbwd,2,mean_std,linear,mu_perp_full,ijspeert_excl_villanova,detection,0.1884553838060765,1825,19.0,mean,0.6794602786034855,,,,,C:\git_repo\Stellar-World-Model\experiments\exp08_menu_channel\mu_cache,C:\git_repo\Stellar-World-Model\experiments\exp08_menu_channel\subset_mu_cache
v1,hann0p3_fbwd_s2,hann0p3_fbwd,2,mean_perp_amp,linear,mu,pulsating,detection,0.7960217713067791,2021,216.0,,,,,,,C:\git_repo\Stellar-World-Model\experiments\exp08_menu_channel\mu_cache,C:\git_repo\Stellar-World-Model\experiments\exp08_menu_channel\subset_mu_cache
v1,hann0p3_fbwd_s2,hann0p3_fbwd,2,mean_perp_amp,linear,mu,eb,detection,0.579522722067797,2021,196.0,,,,,,,C:\git_repo\Stellar-World-Model\experiments\exp08_menu_channel\mu_cache,C:\git_repo\Stellar-World-Model\experiments\exp08_menu_channel\subset_mu_cache
v1,hann0p3_fbwd_s2,hann0p3_fbwd,2,mean_perp_amp,linear,mu,rotation,detection,0.425591331247343,2021,180.0,,,,,,,C:\git_repo\Stellar-World-Model\experiments\exp08_menu_channel\mu_cache,C:\git_repo\Stellar-World-Model\experiments\exp08_menu_channel\subset_mu_cache
v1,hann0p3_fbwd_s2,hann0p3_fbwd,2,mean_perp_amp,linear,mu,transit,detection,0.17890038652969414,2021,122.0,,,,,,,C:\git_repo\Stellar-World-Model\experiments\exp08_menu_channel\mu_cache,C:\git_repo\Stellar-World-Model\experiments\exp08_menu_channel\subset_mu_cache
menu,hann0p3_fbwd_s2,hann0p3_fbwd,2,mean_perp_amp,linear,mu,osc_giant,detection,0.8422594895983675,3429,1313.0,mean,0.9337388079363411,,,,,C:\git_repo\Stellar-World-Model\experiments\exp08_menu_channel\mu_cache,C:\git_repo\Stellar-World-Model\experiments\exp08_menu_channel\subset_mu_cache
menu,hann0p3_fbwd_s2,hann0p3_fbwd,2,mean_perp_amp,linear,mu,solar_like_osc,detection,0.32614307141330867,3429,417.0,mean,0.8016558864462215,,,,,C:\git_repo\Stellar-World-Model\experiments\exp08_menu_channel\mu_cache,C:\git_repo\Stellar-World-Model\experiments\exp08_menu_channel\subset_mu_cache
menu,hann0p3_fbwd_s2,hann0p3_fbwd,2,mean_perp_amp,linear,mu,flare,detection,0.3736617673137714,3429,304.0,mean,0.8028442105263157,,,,,C:\git_repo\Stellar-World-Model\experiments\exp08_menu_channel\mu_cache,C:\git_repo\Stellar-World-Model\experiments\exp08_menu_channel\subset_mu_cache
menu,hann0p3_fbwd_s2,hann0p3_fbwd,2,mean_perp_amp,linear,mu,rgb_vs_heb,contrastive,0.8136503332963511,161,113.0,mean,0.65726401179941,,,,,C:\git_repo\Stellar-World-Model\experiments\exp08_menu_channel\mu_cache,C:\git_repo\Stellar-World-Model\experiments\exp08_menu_channel\subset_mu_cache
menu,hann0p3_fbwd_s2,hann0p3_fbwd,2,mean_perp_amp,linear,mu,numax_hon,regression,,1313,,mean,,0.7689096785874853,0.09980275862574106,0.8352081216283834,True,C:\git_repo\Stellar-World-Model\experiments\exp08_menu_channel\mu_cache,C:\git_repo\Stellar-World-Model\experiments\exp08_menu_channel\subset_mu_cache
menu,hann0p3_fbwd_s2,hann0p3_fbwd,2,mean_perp_amp,linear,mu,numax_hatt,regression,,417,,mean,,0.8195798872304718,0.18241802841983973,0.8876027991896699,True,C:\git_repo\Stellar-World-Model\experiments\exp08_menu_channel\mu_cache,C:\git_repo\Stellar-World-Model\experiments\exp08_menu_channel\subset_mu_cache
menu,hann0p3_fbwd_s2,hann0p3_fbwd,2,mean_perp_amp,linear,mu,dnu_hatt,regression,,417,,mean,,0.8151672341528549,0.1478198125185968,0.8846695355947671,True,C:\git_repo\Stellar-World-Model\experiments\exp08_menu_channel\mu_cache,C:\git_repo\Stellar-World-Model\experiments\exp08_menu_channel\subset_mu_cache
menu,hann0p3_fbwd_s2,hann0p3_fbwd,2,mean_perp_amp,linear,mu,prot_kounkel,regression,,138,,mean,,0.3838977386392194,1.1855783983031927,0.76009301614133,False,C:\git_repo\Stellar-World-Model\experiments\exp08_menu_channel\mu_cache,C:\git_repo\Stellar-World-Model\experiments\exp08_menu_channel\subset_mu_cache
menu,hann0p3_fbwd_s2,hann0p3_fbwd,2,mean_perp_amp,linear,mu,rotation_period,regression,,150,,mean,,0.6482451467626771,0.6449497883225808,0.7892208542601894,False,C:\git_repo\Stellar-World-Model\experiments\exp08_menu_channel\mu_cache,C:\git_repo\Stellar-World-Model\experiments\exp08_menu_channel\subset_mu_cache
menu,hann0p3_fbwd_s2,hann0p3_fbwd,2,mean_perp_amp,linear,mu,ijspeert,detection,0.2955926241658506,2021,93.0,mean,0.8031945745772543,,,,,C:\git_repo\Stellar-World-Model\experiments\exp08_menu_channel\mu_cache,C:\git_repo\Stellar-World-Model\experiments\exp08_menu_channel\subset_mu_cache
menu,hann0p3_fbwd_s2,hann0p3_fbwd,2,mean_perp_amp,linear,mu,ijspeert_excl_villanova,detection,0.4105182290777542,1825,19.0,mean,0.7763595034096868,,,,,C:\git_repo\Stellar-World-Model\experiments\exp08_menu_channel\mu_cache,C:\git_repo\Stellar-World-Model\experiments\exp08_menu_channel\subset_mu_cache
v1,hann0p3_fbwd_s3,hann0p3_fbwd,3,mean,linear,mu,pulsating,detection,0.8016340247149408,2021,216.0,,,,,,,C:\git_repo\Stellar-World-Model\experiments\exp08_menu_channel\mu_cache,C:\git_repo\Stellar-World-Model\experiments\exp08_menu_channel\subset_mu_cache
v1,hann0p3_fbwd_s3,hann0p3_fbwd,3,mean,linear,mu,eb,detection,0.7807602989584979,2021,196.0,,,,,,,C:\git_repo\Stellar-World-Model\experiments\exp08_menu_channel\mu_cache,C:\git_repo\Stellar-World-Model\experiments\exp08_menu_channel\subset_mu_cache
v1,hann0p3_fbwd_s3,hann0p3_fbwd,3,mean,linear,mu,rotation,detection,0.5610141556358762,2021,180.0,,,,,,,C:\git_repo\Stellar-World-Model\experiments\exp08_menu_channel\mu_cache,C:\git_repo\Stellar-World-Model\experiments\exp08_menu_channel\subset_mu_cache
v1,hann0p3_fbwd_s3,hann0p3_fbwd,3,mean,linear,mu,transit,detection,0.12183119813860872,2021,122.0,,,,,,,C:\git_repo\Stellar-World-Model\experiments\exp08_menu_channel\mu_cache,C:\git_repo\Stellar-World-Model\experiments\exp08_menu_channel\subset_mu_cache
v1,hann0p3_fbwd_s3,hann0p3_fbwd,3,mean,linear,features_plus_mu,pulsating,detection,0.8506707813030965,2021,216.0,,,,,,,C:\git_repo\Stellar-World-Model\experiments\exp08_menu_channel\mu_cache,C:\git_repo\Stellar-World-Model\experiments\exp08_menu_channel\subset_mu_cache
v1,hann0p3_fbwd_s3,hann0p3_fbwd,3,mean,linear,features_plus_mu,eb,detection,0.7710246763234708,2021,196.0,,,,,,,C:\git_repo\Stellar-World-Model\experiments\exp08_menu_channel\mu_cache,C:\git_repo\Stellar-World-Model\experiments\exp08_menu_channel\subset_mu_cache
v1,hann0p3_fbwd_s3,hann0p3_fbwd,3,mean,linear,features_plus_mu,rotation,detection,0.5249797911092243,2021,180.0,,,,,,,C:\git_repo\Stellar-World-Model\experiments\exp08_menu_channel\mu_cache,C:\git_repo\Stellar-World-Model\experiments\exp08_menu_channel\subset_mu_cache
v1,hann0p3_fbwd_s3,hann0p3_fbwd,3,mean,linear,features_plus_mu,transit,detection,0.1984900134715134,2021,122.0,,,,,,,C:\git_repo\Stellar-World-Model\experiments\exp08_menu_channel\mu_cache,C:\git_repo\Stellar-World-Model\experiments\exp08_menu_channel\subset_mu_cache
v1,hann0p3_fbwd_s3,hann0p3_fbwd,3,mean,linear,mu_perp_full,pulsating,detection,0.3676028844500843,2021,216.0,,,,,,,C:\git_repo\Stellar-World-Model\experiments\exp08_menu_channel\mu_cache,C:\git_repo\Stellar-World-Model\experiments\exp08_menu_channel\subset_mu_cache
v1,hann0p3_fbwd_s3,hann0p3_fbwd,3,mean,linear,mu_perp_full,eb,detection,0.3242480104933363,2021,196.0,,,,,,,C:\git_repo\Stellar-World-Model\experiments\exp08_menu_channel\mu_cache,C:\git_repo\Stellar-World-Model\experiments\exp08_menu_channel\subset_mu_cache
v1,hann0p3_fbwd_s3,hann0p3_fbwd,3,mean,linear,mu_perp_full,rotation,detection,0.2599929920690709,2021,180.0,,,,,,,C:\git_repo\Stellar-World-Model\experiments\exp08_menu_channel\mu_cache,C:\git_repo\Stellar-World-Model\experiments\exp08_menu_channel\subset_mu_cache
v1,hann0p3_fbwd_s3,hann0p3_fbwd,3,mean,linear,mu_perp_full,transit,detection,0.11901320660938358,2021,122.0,,,,,,,C:\git_repo\Stellar-World-Model\experiments\exp08_menu_channel\mu_cache,C:\git_repo\Stellar-World-Model\experiments\exp08_menu_channel\subset_mu_cache
menu,hann0p3_fbwd_s3,hann0p3_fbwd,3,mean,linear,mu,osc_giant,detection,0.847980297850682,3429,1313.0,mean,0.939028358266974,,,,,C:\git_repo\Stellar-World-Model\experiments\exp08_menu_channel\mu_cache,C:\git_repo\Stellar-World-Model\experiments\exp08_menu_channel\subset_mu_cache
menu,hann0p3_fbwd_s3,hann0p3_fbwd,3,mean,linear,mu,solar_like_osc,detection,0.3230138706981274,3429,417.0,mean,0.8091566587367557,,,,,C:\git_repo\Stellar-World-Model\experiments\exp08_menu_channel\mu_cache,C:\git_repo\Stellar-World-Model\experiments\exp08_menu_channel\subset_mu_cache
menu,hann0p3_fbwd_s3,hann0p3_fbwd,3,mean,linear,mu,flare,detection,0.42443118026203247,3429,304.0,mean,0.8705326315789473,,,,,C:\git_repo\Stellar-World-Model\experiments\exp08_menu_channel\mu_cache,C:\git_repo\Stellar-World-Model\experiments\exp08_menu_channel\subset_mu_cache
menu,hann0p3_fbwd_s3,hann0p3_fbwd,3,mean,linear,mu,rgb_vs_heb,contrastive,0.8314005793991056,161,113.0,mean,0.6688790560471977,,,,,C:\git_repo\Stellar-World-Model\experiments\exp08_menu_channel\mu_cache,C:\git_repo\Stellar-World-Model\experiments\exp08_menu_channel\subset_mu_cache
menu,hann0p3_fbwd_s3,hann0p3_fbwd,3,mean,linear,mu,numax_hon,regression,,1313,,mean,,0.8014873142755834,0.09250086626866146,0.8420348872941595,True,C:\git_repo\Stellar-World-Model\experiments\exp08_menu_channel\mu_cache,C:\git_repo\Stellar-World-Model\experiments\exp08_menu_channel\subset_mu_cache
menu,hann0p3_fbwd_s3,hann0p3_fbwd,3,mean,linear,mu,numax_hatt,regression,,417,,mean,,0.822289596438868,0.18104298815575934,0.8987166298779531,True,C:\git_repo\Stellar-World-Model\experiments\exp08_menu_channel\mu_cache,C:\git_repo\Stellar-World-Model\experiments\exp08_menu_channel\subset_mu_cache
menu,hann0p3_fbwd_s3,hann0p3_fbwd,3,mean,linear,mu,dnu_hatt,regression,,417,,mean,,0.8147749530233666,0.1479765925898061,0.896042824105206,True,C:\git_repo\Stellar-World-Model\experiments\exp08_menu_channel\mu_cache,C:\git_repo\Stellar-World-Model\experiments\exp08_menu_channel\subset_mu_cache
menu,hann0p3_fbwd_s3,hann0p3_fbwd,3,mean,linear,mu,prot_kounkel,regression,,138,,mean,,0.3941555881799478,1.175667274475403,0.7729198369368614,False,C:\git_repo\Stellar-World-Model\experiments\exp08_menu_channel\mu_cache,C:\git_repo\Stellar-World-Model\experiments\exp08_menu_channel\subset_mu_cache
menu,hann0p3_fbwd_s3,hann0p3_fbwd,3,mean,linear,mu,rotation_period,regression,,150,,mean,,0.6762511567555218,0.6187425290577789,0.7886768300813369,False,C:\git_repo\Stellar-World-Model\experiments\exp08_menu_channel\mu_cache,C:\git_repo\Stellar-World-Model\experiments\exp08_menu_channel\subset_mu_cache
menu,hann0p3_fbwd_s3,hann0p3_fbwd,3,mean,linear,mu,ijspeert,detection,0.41436225866615656,2021,93.0,mean,0.8568018560656763,,,,,C:\git_repo\Stellar-World-Model\experiments\exp08_menu_channel\mu_cache,C:\git_repo\Stellar-World-Model\experiments\exp08_menu_channel\subset_mu_cache
menu,hann0p3_fbwd_s3,hann0p3_fbwd,3,mean,linear,mu,ijspeert_excl_villanova,detection,0.22212063144781982,1825,19.0,mean,0.7793320510578773,,,,,C:\git_repo\Stellar-World-Model\experiments\exp08_menu_channel\mu_cache,C:\git_repo\Stellar-World-Model\experiments\exp08_menu_channel\subset_mu_cache
menu,hann0p3_fbwd_s3,hann0p3_fbwd,3,mean,linear,features_plus_mu,osc_giant,detection,0.9183901105025531,3429,1313.0,mean,0.963008780883905,,,,,C:\git_repo\Stellar-World-Model\experiments\exp08_menu_channel\mu_cache,C:\git_repo\Stellar-World-Model\experiments\exp08_menu_channel\subset_mu_cache
menu,hann0p3_fbwd_s3,hann0p3_fbwd,3,mean,linear,features_plus_mu,solar_like_osc,detection,0.3876396380929763,3429,417.0,mean,0.8344280750698246,,,,,C:\git_repo\Stellar-World-Model\experiments\exp08_menu_channel\mu_cache,C:\git_repo\Stellar-World-Model\experiments\exp08_menu_channel\subset_mu_cache
menu,hann0p3_fbwd_s3,hann0p3_fbwd,3,mean,linear,features_plus_mu,flare,detection,0.5087486700653175,3429,304.0,mean,0.9005063157894737,,,,,C:\git_repo\Stellar-World-Model\experiments\exp08_menu_channel\mu_cache,C:\git_repo\Stellar-World-Model\experiments\exp08_menu_channel\subset_mu_cache
menu,hann0p3_fbwd_s3,hann0p3_fbwd,3,mean,linear,features_plus_mu,rgb_vs_heb,contrastive,0.8558558083754804,161,113.0,mean,0.7291666666666667,,,,,C:\git_repo\Stellar-World-Model\experiments\exp08_menu_channel\mu_cache,C:\git_repo\Stellar-World-Model\experiments\exp08_menu_channel\subset_mu_cache
menu,hann0p3_fbwd_s3,hann0p3_fbwd,3,mean,linear,features_plus_mu,numax_hon,regression,,1313,,mean,,0.8704021331167409,0.07473956985383104,0.8950570858076323,True,C:\git_repo\Stellar-World-Model\experiments\exp08_menu_channel\mu_cache,C:\git_repo\Stellar-World-Model\experiments\exp08_menu_channel\subset_mu_cache
menu,hann0p3_fbwd_s3,hann0p3_fbwd,3,mean,linear,features_plus_mu,numax_hatt,regression,,417,,mean,,0.8767405049311888,0.1507771308175501,0.9305384133932129,True,C:\git_repo\Stellar-World-Model\experiments\exp08_menu_channel\mu_cache,C:\git_repo\Stellar-World-Model\experiments\exp08_menu_channel\subset_mu_cache
menu,hann0p3_fbwd_s3,hann0p3_fbwd,3,mean,linear,features_plus_mu,dnu_hatt,regression,,417,,mean,,0.8678204655634227,0.12500439279434072,0.9273529624330682,True,C:\git_repo\Stellar-World-Model\experiments\exp08_menu_channel\mu_cache,C:\git_repo\Stellar-World-Model\experiments\exp08_menu_channel\subset_mu_cache
menu,hann0p3_fbwd_s3,hann0p3_fbwd,3,mean,linear,features_plus_mu,prot_kounkel,regression,,138,,mean,,0.5052380165499839,1.062434187600434,0.8032083034148824,False,C:\git_repo\Stellar-World-Model\experiments\exp08_menu_channel\mu_cache,C:\git_repo\Stellar-World-Model\experiments\exp08_menu_channel\subset_mu_cache
menu,hann0p3_fbwd_s3,hann0p3_fbwd,3,mean,linear,features_plus_mu,rotation_period,regression,,150,,mean,,0.7159922569057136,0.5795233588840415,0.7407564780656918,False,C:\git_repo\Stellar-World-Model\experiments\exp08_menu_channel\mu_cache,C:\git_repo\Stellar-World-Model\experiments\exp08_menu_channel\subset_mu_cache
menu,hann0p3_fbwd_s3,hann0p3_fbwd,3,mean,linear,features_plus_mu,ijspeert,detection,0.40373927490177475,2021,93.0,mean,0.8729755052871102,,,,,C:\git_repo\Stellar-World-Model\experiments\exp08_menu_channel\mu_cache,C:\git_repo\Stellar-World-Model\experiments\exp08_menu_channel\subset_mu_cache
menu,hann0p3_fbwd_s3,hann0p3_fbwd,3,mean,linear,features_plus_mu,ijspeert_excl_villanova,detection,0.30772483855234856,1825,19.0,mean,0.7859182840822987,,,,,C:\git_repo\Stellar-World-Model\experiments\exp08_menu_channel\mu_cache,C:\git_repo\Stellar-World-Model\experiments\exp08_menu_channel\subset_mu_cache
menu,hann0p3_fbwd_s3,hann0p3_fbwd,3,mean,linear,mu_perp_full,osc_giant,detection,0.5306535900301979,3429,1313.0,mean,0.6990060137320988,,,,,C:\git_repo\Stellar-World-Model\experiments\exp08_menu_channel\mu_cache,C:\git_repo\Stellar-World-Model\experiments\exp08_menu_channel\subset_mu_cache
menu,hann0p3_fbwd_s3,hann0p3_fbwd,3,mean,linear,mu_perp_full,solar_like_osc,detection,0.21609185894573635,3429,417.0,mean,0.6681021716491348,,,,,C:\git_repo\Stellar-World-Model\experiments\exp08_menu_channel\mu_cache,C:\git_repo\Stellar-World-Model\experiments\exp08_menu_channel\subset_mu_cache
menu,hann0p3_fbwd_s3,hann0p3_fbwd,3,mean,linear,mu_perp_full,flare,detection,0.22168672868794806,3429,304.0,mean,0.6533336842105263,,,,,C:\git_repo\Stellar-World-Model\experiments\exp08_menu_channel\mu_cache,C:\git_repo\Stellar-World-Model\experiments\exp08_menu_channel\subset_mu_cache
menu,hann0p3_fbwd_s3,hann0p3_fbwd,3,mean,linear,mu_perp_full,rgb_vs_heb,contrastive,0.7431422075472562,161,113.0,mean,0.5494100294985251,,,,,C:\git_repo\Stellar-World-Model\experiments\exp08_menu_channel\mu_cache,C:\git_repo\Stellar-World-Model\experiments\exp08_menu_channel\subset_mu_cache
menu,hann0p3_fbwd_s3,hann0p3_fbwd,3,mean,linear,mu_perp_full,numax_hon,regression,,1313,,mean,,0.48608695610849384,0.14883205825413373,0.7310967405318874,True,C:\git_repo\Stellar-World-Model\experiments\exp08_menu_channel\mu_cache,C:\git_repo\Stellar-World-Model\experiments\exp08_menu_channel\subset_mu_cache
menu,hann0p3_fbwd_s3,hann0p3_fbwd,3,mean,linear,mu_perp_full,numax_hatt,regression,,417,,mean,,0.3084307524591996,0.35714380318563055,0.5334727268334518,True,C:\git_repo\Stellar-World-Model\experiments\exp08_menu_channel\mu_cache,C:\git_repo\Stellar-World-Model\experiments\exp08_menu_channel\subset_mu_cache
menu,hann0p3_fbwd_s3,hann0p3_fbwd,3,mean,linear,mu_perp_full,dnu_hatt,regression,,417,,mean,,0.3162515334461262,0.2843094849684775,0.532543924334929,True,C:\git_repo\Stellar-World-Model\experiments\exp08_menu_channel\mu_cache,C:\git_repo\Stellar-World-Model\experiments\exp08_menu_channel\subset_mu_cache
menu,hann0p3_fbwd_s3,hann0p3_fbwd,3,mean,linear,mu_perp_full,prot_kounkel,regression,,138,,mean,,0.1133517659568426,1.422261824024853,0.4061065530262002,False,C:\git_repo\Stellar-World-Model\experiments\exp08_menu_channel\mu_cache,C:\git_repo\Stellar-World-Model\experiments\exp08_menu_channel\subset_mu_cache
menu,hann0p3_fbwd_s3,hann0p3_fbwd,3,mean,linear,mu_perp_full,rotation_period,regression,,150,,mean,,0.09067506611687082,1.0369681210173758,0.22059469309747098,False,C:\git_repo\Stellar-World-Model\experiments\exp08_menu_channel\mu_cache,C:\git_repo\Stellar-World-Model\experiments\exp08_menu_channel\subset_mu_cache
menu,hann0p3_fbwd_s3,hann0p3_fbwd,3,mean,linear,mu_perp_full,ijspeert,detection,0.12948993654230762,2021,93.0,mean,0.6178334002587783,,,,,C:\git_repo\Stellar-World-Model\experiments\exp08_menu_channel\mu_cache,C:\git_repo\Stellar-World-Model\experiments\exp08_menu_channel\subset_mu_cache
menu,hann0p3_fbwd_s3,hann0p3_fbwd,3,mean,linear,mu_perp_full,ijspeert_excl_villanova,detection,0.23004244906094667,1825,19.0,mean,0.7793029084338753,,,,,C:\git_repo\Stellar-World-Model\experiments\exp08_menu_channel\mu_cache,C:\git_repo\Stellar-World-Model\experiments\exp08_menu_channel\subset_mu_cache
v1,hann0p3_fbwd_s3,hann0p3_fbwd,3,mean_std,linear,mu,pulsating,detection,0.8316770161517344,2021,216.0,,,,,,,C:\git_repo\Stellar-World-Model\experiments\exp08_menu_channel\mu_cache,C:\git_repo\Stellar-World-Model\experiments\exp08_menu_channel\subset_mu_cache
v1,hann0p3_fbwd_s3,hann0p3_fbwd,3,mean_std,linear,mu,eb,detection,0.7810122626740134,2021,196.0,,,,,,,C:\git_repo\Stellar-World-Model\experiments\exp08_menu_channel\mu_cache,C:\git_repo\Stellar-World-Model\experiments\exp08_menu_channel\subset_mu_cache
v1,hann0p3_fbwd_s3,hann0p3_fbwd,3,mean_std,linear,mu,rotation,detection,0.5429332374002135,2021,180.0,,,,,,,C:\git_repo\Stellar-World-Model\experiments\exp08_menu_channel\mu_cache,C:\git_repo\Stellar-World-Model\experiments\exp08_menu_channel\subset_mu_cache
v1,hann0p3_fbwd_s3,hann0p3_fbwd,3,mean_std,linear,mu,transit,detection,0.21561693073680566,2021,122.0,,,,,,,C:\git_repo\Stellar-World-Model\experiments\exp08_menu_channel\mu_cache,C:\git_repo\Stellar-World-Model\experiments\exp08_menu_channel\subset_mu_cache
v1,hann0p3_fbwd_s3,hann0p3_fbwd,3,mean_std,linear,features_plus_mu,pulsating,detection,0.8548463598580277,2021,216.0,,,,,,,C:\git_repo\Stellar-World-Model\experiments\exp08_menu_channel\mu_cache,C:\git_repo\Stellar-World-Model\experiments\exp08_menu_channel\subset_mu_cache
v1,hann0p3_fbwd_s3,hann0p3_fbwd,3,mean_std,linear,features_plus_mu,eb,detection,0.7832388262806298,2021,196.0,,,,,,,C:\git_repo\Stellar-World-Model\experiments\exp08_menu_channel\mu_cache,C:\git_repo\Stellar-World-Model\experiments\exp08_menu_channel\subset_mu_cache
v1,hann0p3_fbwd_s3,hann0p3_fbwd,3,mean_std,linear,features_plus_mu,rotation,detection,0.5387787559592556,2021,180.0,,,,,,,C:\git_repo\Stellar-World-Model\experiments\exp08_menu_channel\mu_cache,C:\git_repo\Stellar-World-Model\experiments\exp08_menu_channel\subset_mu_cache
v1,hann0p3_fbwd_s3,hann0p3_fbwd,3,mean_std,linear,features_plus_mu,transit,detection,0.22099242654196646,2021,122.0,,,,,,,C:\git_repo\Stellar-World-Model\experiments\exp08_menu_channel\mu_cache,C:\git_repo\Stellar-World-Model\experiments\exp08_menu_channel\subset_mu_cache
v1,hann0p3_fbwd_s3,hann0p3_fbwd,3,mean_std,linear,mu_perp_full,pulsating,detection,0.3737128535977577,2021,216.0,,,,,,,C:\git_repo\Stellar-World-Model\experiments\exp08_menu_channel\mu_cache,C:\git_repo\Stellar-World-Model\experiments\exp08_menu_channel\subset_mu_cache
v1,hann0p3_fbwd_s3,hann0p3_fbwd,3,mean_std,linear,mu_perp_full,eb,detection,0.37199641333589367,2021,196.0,,,,,,,C:\git_repo\Stellar-World-Model\experiments\exp08_menu_channel\mu_cache,C:\git_repo\Stellar-World-Model\experiments\exp08_menu_channel\subset_mu_cache
v1,hann0p3_fbwd_s3,hann0p3_fbwd,3,mean_std,linear,mu_perp_full,rotation,detection,0.27322096992368233,2021,180.0,,,,,,,C:\git_repo\Stellar-World-Model\experiments\exp08_menu_channel\mu_cache,C:\git_repo\Stellar-World-Model\experiments\exp08_menu_channel\subset_mu_cache
v1,hann0p3_fbwd_s3,hann0p3_fbwd,3,mean_std,linear,mu_perp_full,transit,detection,0.13845395362954593,2021,122.0,,,,,,,C:\git_repo\Stellar-World-Model\experiments\exp08_menu_channel\mu_cache,C:\git_repo\Stellar-World-Model\experiments\exp08_menu_channel\subset_mu_cache
menu,hann0p3_fbwd_s3,hann0p3_fbwd,3,mean_std,linear,mu,osc_giant,detection,0.882556697222483,3429,1313.0,mean,0.9507228860155172,,,,,C:\git_repo\Stellar-World-Model\experiments\exp08_menu_channel\mu_cache,C:\git_repo\Stellar-World-Model\experiments\exp08_menu_channel\subset_mu_cache
menu,hann0p3_fbwd_s3,hann0p3_fbwd,3,mean_std,linear,mu,solar_like_osc,detection,0.3288239083398897,3429,417.0,mean,0.8085324569030035,,,,,C:\git_repo\Stellar-World-Model\experiments\exp08_menu_channel\mu_cache,C:\git_repo\Stellar-World-Model\experiments\exp08_menu_channel\subset_mu_cache
menu,hann0p3_fbwd_s3,hann0p3_fbwd,3,mean_std,linear,mu,flare,detection,0.4729611735456299,3429,304.0,mean,0.8729557894736841,,,,,C:\git_repo\Stellar-World-Model\experiments\exp08_menu_channel\mu_cache,C:\git_repo\Stellar-World-Model\experiments\exp08_menu_channel\subset_mu_cache
menu,hann0p3_fbwd_s3,hann0p3_fbwd,3,mean_std,linear,mu,rgb_vs_heb,contrastive,0.8210314010948251,161,113.0,mean,0.6816002949852507,,,,,C:\git_repo\Stellar-World-Model\experiments\exp08_menu_channel\mu_cache,C:\git_repo\Stellar-World-Model\experiments\exp08_menu_channel\subset_mu_cache
menu,hann0p3_fbwd_s3,hann0p3_fbwd,3,mean_std,linear,mu,numax_hon,regression,,1313,,mean,,0.8436468961747485,0.08209277205488028,0.8777833165031292,True,C:\git_repo\Stellar-World-Model\experiments\exp08_menu_channel\mu_cache,C:\git_repo\Stellar-World-Model\experiments\exp08_menu_channel\subset_mu_cache
menu,hann0p3_fbwd_s3,hann0p3_fbwd,3,mean_std,linear,mu,numax_hatt,regression,,417,,mean,,0.8557923830744281,0.1630870145309317,0.919597769571656,True,C:\git_repo\Stellar-World-Model\experiments\exp08_menu_channel\mu_cache,C:\git_repo\Stellar-World-Model\experiments\exp08_menu_channel\subset_mu_cache
menu,hann0p3_fbwd_s3,hann0p3_fbwd,3,mean_std,linear,mu,dnu_hatt,regression,,417,,mean,,0.8482721062150729,0.13392938683923555,0.9192934904806442,True,C:\git_repo\Stellar-World-Model\experiments\exp08_menu_channel\mu_cache,C:\git_repo\Stellar-World-Model\experiments\exp08_menu_channel\subset_mu_cache
menu,hann0p3_fbwd_s3,hann0p3_fbwd,3,mean_std,linear,mu,prot_kounkel,regression,,138,,mean,,0.5022447425554648,1.0656431661566776,0.7974250465485453,False,C:\git_repo\Stellar-World-Model\experiments\exp08_menu_channel\mu_cache,C:\git_repo\Stellar-World-Model\experiments\exp08_menu_channel\subset_mu_cache
menu,hann0p3_fbwd_s3,hann0p3_fbwd,3,mean_std,linear,mu,rotation_period,regression,,150,,mean,,0.76563375237532,0.5264454649308516,0.833468154140184,False,C:\git_repo\Stellar-World-Model\experiments\exp08_menu_channel\mu_cache,C:\git_repo\Stellar-World-Model\experiments\exp08_menu_channel\subset_mu_cache
menu,hann0p3_fbwd_s3,hann0p3_fbwd,3,mean_std,linear,mu,ijspeert,detection,0.39660580307478477,2021,93.0,mean,0.8725795297372061,,,,,C:\git_repo\Stellar-World-Model\experiments\exp08_menu_channel\mu_cache,C:\git_repo\Stellar-World-Model\experiments\exp08_menu_channel\subset_mu_cache
menu,hann0p3_fbwd_s3,hann0p3_fbwd,3,mean_std,linear,mu,ijspeert_excl_villanova,detection,0.3769401193704432,1825,19.0,mean,0.795826776242933,,,,,C:\git_repo\Stellar-World-Model\experiments\exp08_menu_channel\mu_cache,C:\git_repo\Stellar-World-Model\experiments\exp08_menu_channel\subset_mu_cache
menu,hann0p3_fbwd_s3,hann0p3_fbwd,3,mean_std,linear,features_plus_mu,osc_giant,detection,0.9156392022540929,3429,1313.0,mean,0.9624652846264705,,,,,C:\git_repo\Stellar-World-Model\experiments\exp08_menu_channel\mu_cache,C:\git_repo\Stellar-World-Model\experiments\exp08_menu_channel\subset_mu_cache
menu,hann0p3_fbwd_s3,hann0p3_fbwd,3,mean_std,linear,features_plus_mu,solar_like_osc,detection,0.381770805494292,3429,417.0,mean,0.8324957563829415,,,,,C:\git_repo\Stellar-World-Model\experiments\exp08_menu_channel\mu_cache,C:\git_repo\Stellar-World-Model\experiments\exp08_menu_channel\subset_mu_cache
menu,hann0p3_fbwd_s3,hann0p3_fbwd,3,mean_std,linear,features_plus_mu,flare,detection,0.5202146683999785,3429,304.0,mean,0.9007694736842105,,,,,C:\git_repo\Stellar-World-Model\experiments\exp08_menu_channel\mu_cache,C:\git_repo\Stellar-World-Model\experiments\exp08_menu_channel\subset_mu_cache
menu,hann0p3_fbwd_s3,hann0p3_fbwd,3,mean_std,linear,features_plus_mu,rgb_vs_heb,contrastive,0.8273568052442926,161,113.0,mean,0.6980088495575221,,,,,C:\git_repo\Stellar-World-Model\experiments\exp08_menu_channel\mu_cache,C:\git_repo\Stellar-World-Model\experiments\exp08_menu_channel\subset_mu_cache
menu,hann0p3_fbwd_s3,hann0p3_fbwd,3,mean_std,linear,features_plus_mu,numax_hon,regression,,1313,,mean,,0.8774519902751677,0.07267830640625514,0.8998299557798654,True,C:\git_repo\Stellar-World-Model\experiments\exp08_menu_channel\mu_cache,C:\git_repo\Stellar-World-Model\experiments\exp08_menu_channel\subset_mu_cache
menu,hann0p3_fbwd_s3,hann0p3_fbwd,3,mean_std,linear,features_plus_mu,numax_hatt,regression,,417,,mean,,0.8893225560582529,0.14287453927024518,0.9299540628663044,True,C:\git_repo\Stellar-World-Model\experiments\exp08_menu_channel\mu_cache,C:\git_repo\Stellar-World-Model\experiments\exp08_menu_channel\subset_mu_cache
menu,hann0p3_fbwd_s3,hann0p3_fbwd,3,mean_std,linear,features_plus_mu,dnu_hatt,regression,,417,,mean,,0.8811323203616083,0.11854276652808836,0.9287838083160386,True,C:\git_repo\Stellar-World-Model\experiments\exp08_menu_channel\mu_cache,C:\git_repo\Stellar-World-Model\experiments\exp08_menu_channel\subset_mu_cache
menu,hann0p3_fbwd_s3,hann0p3_fbwd,3,mean_std,linear,features_plus_mu,prot_kounkel,regression,,138,,mean,,0.5333988470185236,1.0317554701108855,0.8164712087194822,False,C:\git_repo\Stellar-World-Model\experiments\exp08_menu_channel\mu_cache,C:\git_repo\Stellar-World-Model\experiments\exp08_menu_channel\subset_mu_cache
menu,hann0p3_fbwd_s3,hann0p3_fbwd,3,mean_std,linear,features_plus_mu,rotation_period,regression,,150,,mean,,0.7748399770115049,0.5160021338795194,0.8121196497622117,False,C:\git_repo\Stellar-World-Model\experiments\exp08_menu_channel\mu_cache,C:\git_repo\Stellar-World-Model\experiments\exp08_menu_channel\subset_mu_cache
menu,hann0p3_fbwd_s3,hann0p3_fbwd,3,mean_std,linear,features_plus_mu,ijspeert,detection,0.4064755551553215,2021,93.0,mean,0.8722002855485657,,,,,C:\git_repo\Stellar-World-Model\experiments\exp08_menu_channel\mu_cache,C:\git_repo\Stellar-World-Model\experiments\exp08_menu_channel\subset_mu_cache
menu,hann0p3_fbwd_s3,hann0p3_fbwd,3,mean_std,linear,features_plus_mu,ijspeert_excl_villanova,detection,0.4149073925398674,1825,19.0,mean,0.7645567406889316,,,,,C:\git_repo\Stellar-World-Model\experiments\exp08_menu_channel\mu_cache,C:\git_repo\Stellar-World-Model\experiments\exp08_menu_channel\subset_mu_cache
menu,hann0p3_fbwd_s3,hann0p3_fbwd,3,mean_std,linear,mu_perp_full,osc_giant,detection,0.5431339793186978,3429,1313.0,mean,0.7168766025940968,,,,,C:\git_repo\Stellar-World-Model\experiments\exp08_menu_channel\mu_cache,C:\git_repo\Stellar-World-Model\experiments\exp08_menu_channel\subset_mu_cache
menu,hann0p3_fbwd_s3,hann0p3_fbwd,3,mean_std,linear,mu_perp_full,solar_like_osc,detection,0.21062997777117887,3429,417.0,mean,0.6648282967251696,,,,,C:\git_repo\Stellar-World-Model\experiments\exp08_menu_channel\mu_cache,C:\git_repo\Stellar-World-Model\experiments\exp08_menu_channel\subset_mu_cache
menu,hann0p3_fbwd_s3,hann0p3_fbwd,3,mean_std,linear,mu_perp_full,flare,detection,0.2365728624715197,3429,304.0,mean,0.6838578947368421,,,,,C:\git_repo\Stellar-World-Model\experiments\exp08_menu_channel\mu_cache,C:\git_repo\Stellar-World-Model\experiments\exp08_menu_channel\subset_mu_cache
menu,hann0p3_fbwd_s3,hann0p3_fbwd,3,mean_std,linear,mu_perp_full,rgb_vs_heb,contrastive,0.7742882353427103,161,113.0,mean,0.6224188790560472,,,,,C:\git_repo\Stellar-World-Model\experiments\exp08_menu_channel\mu_cache,C:\git_repo\Stellar-World-Model\experiments\exp08_menu_channel\subset_mu_cache
menu,hann0p3_fbwd_s3,hann0p3_fbwd,3,mean_std,linear,mu_perp_full,numax_hon,regression,,1313,,mean,,0.5463738310012315,0.13983011588455405,0.7461508686720127,True,C:\git_repo\Stellar-World-Model\experiments\exp08_menu_channel\mu_cache,C:\git_repo\Stellar-World-Model\experiments\exp08_menu_channel\subset_mu_cache
menu,hann0p3_fbwd_s3,hann0p3_fbwd,3,mean_std,linear,mu_perp_full,numax_hatt,regression,,417,,mean,,0.3276146497855774,0.35215544179721914,0.5487890489633416,True,C:\git_repo\Stellar-World-Model\experiments\exp08_menu_channel\mu_cache,C:\git_repo\Stellar-World-Model\experiments\exp08_menu_channel\subset_mu_cache
menu,hann0p3_fbwd_s3,hann0p3_fbwd,3,mean_std,linear,mu_perp_full,dnu_hatt,regression,,417,,mean,,0.330679930770443,0.2812937544080592,0.5466945863164471,True,C:\git_repo\Stellar-World-Model\experiments\exp08_menu_channel\mu_cache,C:\git_repo\Stellar-World-Model\experiments\exp08_menu_channel\subset_mu_cache
menu,hann0p3_fbwd_s3,hann0p3_fbwd,3,mean_std,linear,mu_perp_full,prot_kounkel,regression,,138,,mean,,0.12359002493397953,1.4140264468493733,0.4129674637578791,False,C:\git_repo\Stellar-World-Model\experiments\exp08_menu_channel\mu_cache,C:\git_repo\Stellar-World-Model\experiments\exp08_menu_channel\subset_mu_cache
menu,hann0p3_fbwd_s3,hann0p3_fbwd,3,mean_std,linear,mu_perp_full,rotation_period,regression,,150,,mean,,0.12064203440332111,1.0197382420208698,0.33113471709853776,False,C:\git_repo\Stellar-World-Model\experiments\exp08_menu_channel\mu_cache,C:\git_repo\Stellar-World-Model\experiments\exp08_menu_channel\subset_mu_cache
menu,hann0p3_fbwd_s3,hann0p3_fbwd,3,mean_std,linear,mu_perp_full,ijspeert,detection,0.18999423511011632,2021,93.0,mean,0.6660364520590729,,,,,C:\git_repo\Stellar-World-Model\experiments\exp08_menu_channel\mu_cache,C:\git_repo\Stellar-World-Model\experiments\exp08_menu_channel\subset_mu_cache
menu,hann0p3_fbwd_s3,hann0p3_fbwd,3,mean_std,linear,mu_perp_full,ijspeert_excl_villanova,detection,0.26553494020410806,1825,19.0,mean,0.7237862097103223,,,,,C:\git_repo\Stellar-World-Model\experiments\exp08_menu_channel\mu_cache,C:\git_repo\Stellar-World-Model\experiments\exp08_menu_channel\subset_mu_cache
v1,hann0p3_fbwd_s3,hann0p3_fbwd,3,mean_perp_amp,linear,mu,pulsating,detection,0.7914217426822701,2021,216.0,,,,,,,C:\git_repo\Stellar-World-Model\experiments\exp08_menu_channel\mu_cache,C:\git_repo\Stellar-World-Model\experiments\exp08_menu_channel\subset_mu_cache
v1,hann0p3_fbwd_s3,hann0p3_fbwd,3,mean_perp_amp,linear,mu,eb,detection,0.6032648382323517,2021,196.0,,,,,,,C:\git_repo\Stellar-World-Model\experiments\exp08_menu_channel\mu_cache,C:\git_repo\Stellar-World-Model\experiments\exp08_menu_channel\subset_mu_cache
v1,hann0p3_fbwd_s3,hann0p3_fbwd,3,mean_perp_amp,linear,mu,rotation,detection,0.41513609255253203,2021,180.0,,,,,,,C:\git_repo\Stellar-World-Model\experiments\exp08_menu_channel\mu_cache,C:\git_repo\Stellar-World-Model\experiments\exp08_menu_channel\subset_mu_cache
v1,hann0p3_fbwd_s3,hann0p3_fbwd,3,mean_perp_amp,linear,mu,transit,detection,0.16404460523565098,2021,122.0,,,,,,,C:\git_repo\Stellar-World-Model\experiments\exp08_menu_channel\mu_cache,C:\git_repo\Stellar-World-Model\experiments\exp08_menu_channel\subset_mu_cache
menu,hann0p3_fbwd_s3,hann0p3_fbwd,3,mean_perp_amp,linear,mu,osc_giant,detection,0.8370064116578941,3429,1313.0,mean,0.9334713789831797,,,,,C:\git_repo\Stellar-World-Model\experiments\exp08_menu_channel\mu_cache,C:\git_repo\Stellar-World-Model\experiments\exp08_menu_channel\subset_mu_cache
menu,hann0p3_fbwd_s3,hann0p3_fbwd,3,mean_perp_amp,linear,mu,solar_like_osc,detection,0.3060269206988351,3429,417.0,mean,0.7949011308881182,,,,,C:\git_repo\Stellar-World-Model\experiments\exp08_menu_channel\mu_cache,C:\git_repo\Stellar-World-Model\experiments\exp08_menu_channel\subset_mu_cache
menu,hann0p3_fbwd_s3,hann0p3_fbwd,3,mean_perp_amp,linear,mu,flare,detection,0.3843130698615498,3429,304.0,mean,0.813121052631579,,,,,C:\git_repo\Stellar-World-Model\experiments\exp08_menu_channel\mu_cache,C:\git_repo\Stellar-World-Model\experiments\exp08_menu_channel\subset_mu_cache
menu,hann0p3_fbwd_s3,hann0p3_fbwd,3,mean_perp_amp,linear,mu,rgb_vs_heb,contrastive,0.8411224995737769,161,113.0,mean,0.6817846607669616,,,,,C:\git_repo\Stellar-World-Model\experiments\exp08_menu_channel\mu_cache,C:\git_repo\Stellar-World-Model\experiments\exp08_menu_channel\subset_mu_cache
menu,hann0p3_fbwd_s3,hann0p3_fbwd,3,mean_perp_amp,linear,mu,numax_hon,regression,,1313,,mean,,0.7566280943931579,0.10242049930389653,0.8291755685832042,True,C:\git_repo\Stellar-World-Model\experiments\exp08_menu_channel\mu_cache,C:\git_repo\Stellar-World-Model\experiments\exp08_menu_channel\subset_mu_cache
menu,hann0p3_fbwd_s3,hann0p3_fbwd,3,mean_perp_amp,linear,mu,numax_hatt,regression,,417,,mean,,0.791265482918971,0.19621057853890217,0.8796628474536139,True,C:\git_repo\Stellar-World-Model\experiments\exp08_menu_channel\mu_cache,C:\git_repo\Stellar-World-Model\experiments\exp08_menu_channel\subset_mu_cache
menu,hann0p3_fbwd_s3,hann0p3_fbwd,3,mean_perp_amp,linear,mu,dnu_hatt,regression,,417,,mean,,0.7871846120820105,0.15861515482172756,0.8772953669966549,True,C:\git_repo\Stellar-World-Model\experiments\exp08_menu_channel\mu_cache,C:\git_repo\Stellar-World-Model\experiments\exp08_menu_channel\subset_mu_cache
menu,hann0p3_fbwd_s3,hann0p3_fbwd,3,mean_perp_amp,linear,mu,prot_kounkel,regression,,138,,mean,,0.4008815829360092,1.1691230186332857,0.7726412908106502,False,C:\git_repo\Stellar-World-Model\experiments\exp08_menu_channel\mu_cache,C:\git_repo\Stellar-World-Model\experiments\exp08_menu_channel\subset_mu_cache
menu,hann0p3_fbwd_s3,hann0p3_fbwd,3,mean_perp_amp,linear,mu,rotation_period,regression,,150,,mean,,0.6721054300654319,0.622691543459175,0.8081905862482778,False,C:\git_repo\Stellar-World-Model\experiments\exp08_menu_channel\mu_cache,C:\git_repo\Stellar-World-Model\experiments\exp08_menu_channel\subset_mu_cache
menu,hann0p3_fbwd_s3,hann0p3_fbwd,3,mean_perp_amp,linear,mu,ijspeert,detection,0.2852321961806002,2021,93.0,mean,0.7731673582295988,,,,,C:\git_repo\Stellar-World-Model\experiments\exp08_menu_channel\mu_cache,C:\git_repo\Stellar-World-Model\experiments\exp08_menu_channel\subset_mu_cache
menu,hann0p3_fbwd_s3,hann0p3_fbwd,3,mean_perp_amp,linear,mu,ijspeert_excl_villanova,detection,0.3486959400435751,1825,19.0,mean,0.7974004779390337,,,,,C:\git_repo\Stellar-World-Model\experiments\exp08_menu_channel\mu_cache,C:\git_repo\Stellar-World-Model\experiments\exp08_menu_channel\subset_mu_cache
v1,hann0p3_fbwd_s4,hann0p3_fbwd,4,mean,linear,mu,pulsating,detection,0.8017122526299011,2021,216.0,,,,,,,C:\git_repo\Stellar-World-Model\experiments\exp08_menu_channel\mu_cache,C:\git_repo\Stellar-World-Model\experiments\exp08_menu_channel\subset_mu_cache
v1,hann0p3_fbwd_s4,hann0p3_fbwd,4,mean,linear,mu,eb,detection,0.7581874272816236,2021,196.0,,,,,,,C:\git_repo\Stellar-World-Model\experiments\exp08_menu_channel\mu_cache,C:\git_repo\Stellar-World-Model\experiments\exp08_menu_channel\subset_mu_cache
v1,hann0p3_fbwd_s4,hann0p3_fbwd,4,mean,linear,mu,rotation,detection,0.5624653943025646,2021,180.0,,,,,,,C:\git_repo\Stellar-World-Model\experiments\exp08_menu_channel\mu_cache,C:\git_repo\Stellar-World-Model\experiments\exp08_menu_channel\subset_mu_cache
v1,hann0p3_fbwd_s4,hann0p3_fbwd,4,mean,linear,mu,transit,detection,0.14377885765023427,2021,122.0,,,,,,,C:\git_repo\Stellar-World-Model\experiments\exp08_menu_channel\mu_cache,C:\git_repo\Stellar-World-Model\experiments\exp08_menu_channel\subset_mu_cache
v1,hann0p3_fbwd_s4,hann0p3_fbwd,4,mean,linear,features_plus_mu,pulsating,detection,0.8426090270350478,2021,216.0,,,,,,,C:\git_repo\Stellar-World-Model\experiments\exp08_menu_channel\mu_cache,C:\git_repo\Stellar-World-Model\experiments\exp08_menu_channel\subset_mu_cache
v1,hann0p3_fbwd_s4,hann0p3_fbwd,4,mean,linear,features_plus_mu,eb,detection,0.7736583014941166,2021,196.0,,,,,,,C:\git_repo\Stellar-World-Model\experiments\exp08_menu_channel\mu_cache,C:\git_repo\Stellar-World-Model\experiments\exp08_menu_channel\subset_mu_cache
v1,hann0p3_fbwd_s4,hann0p3_fbwd,4,mean,linear,features_plus_mu,rotation,detection,0.5657757735837562,2021,180.0,,,,,,,C:\git_repo\Stellar-World-Model\experiments\exp08_menu_channel\mu_cache,C:\git_repo\Stellar-World-Model\experiments\exp08_menu_channel\subset_mu_cache
v1,hann0p3_fbwd_s4,hann0p3_fbwd,4,mean,linear,features_plus_mu,transit,detection,0.22045537359398293,2021,122.0,,,,,,,C:\git_repo\Stellar-World-Model\experiments\exp08_menu_channel\mu_cache,C:\git_repo\Stellar-World-Model\experiments\exp08_menu_channel\subset_mu_cache
v1,hann0p3_fbwd_s4,hann0p3_fbwd,4,mean,linear,mu_perp_full,pulsating,detection,0.3666778728416924,2021,216.0,,,,,,,C:\git_repo\Stellar-World-Model\experiments\exp08_menu_channel\mu_cache,C:\git_repo\Stellar-World-Model\experiments\exp08_menu_channel\subset_mu_cache
v1,hann0p3_fbwd_s4,hann0p3_fbwd,4,mean,linear,mu_perp_full,eb,detection,0.2713093610436993,2021,196.0,,,,,,,C:\git_repo\Stellar-World-Model\experiments\exp08_menu_channel\mu_cache,C:\git_repo\Stellar-World-Model\experiments\exp08_menu_channel\subset_mu_cache
v1,hann0p3_fbwd_s4,hann0p3_fbwd,4,mean,linear,mu_perp_full,rotation,detection,0.21337843333630013,2021,180.0,,,,,,,C:\git_repo\Stellar-World-Model\experiments\exp08_menu_channel\mu_cache,C:\git_repo\Stellar-World-Model\experiments\exp08_menu_channel\subset_mu_cache
v1,hann0p3_fbwd_s4,hann0p3_fbwd,4,mean,linear,mu_perp_full,transit,detection,0.11079435116757859,2021,122.0,,,,,,,C:\git_repo\Stellar-World-Model\experiments\exp08_menu_channel\mu_cache,C:\git_repo\Stellar-World-Model\experiments\exp08_menu_channel\subset_mu_cache
menu,hann0p3_fbwd_s4,hann0p3_fbwd,4,mean,linear,mu,osc_giant,detection,0.8522973423387991,3429,1313.0,mean,0.9390647113279017,,,,,C:\git_repo\Stellar-World-Model\experiments\exp08_menu_channel\mu_cache,C:\git_repo\Stellar-World-Model\experiments\exp08_menu_channel\subset_mu_cache
menu,hann0p3_fbwd_s4,hann0p3_fbwd,4,mean,linear,mu,solar_like_osc,detection,0.32990962147985975,3429,417.0,mean,0.8061757765102658,,,,,C:\git_repo\Stellar-World-Model\experiments\exp08_menu_channel\mu_cache,C:\git_repo\Stellar-World-Model\experiments\exp08_menu_channel\subset_mu_cache
menu,hann0p3_fbwd_s4,hann0p3_fbwd,4,mean,linear,mu,flare,detection,0.4854471002395324,3429,304.0,mean,0.8772757894736842,,,,,C:\git_repo\Stellar-World-Model\experiments\exp08_menu_channel\mu_cache,C:\git_repo\Stellar-World-Model\experiments\exp08_menu_channel\subset_mu_cache
menu,hann0p3_fbwd_s4,hann0p3_fbwd,4,mean,linear,mu,rgb_vs_heb,contrastive,0.8448048438218921,161,113.0,mean,0.6875,,,,,C:\git_repo\Stellar-World-Model\experiments\exp08_menu_channel\mu_cache,C:\git_repo\Stellar-World-Model\experiments\exp08_menu_channel\subset_mu_cache
menu,hann0p3_fbwd_s4,hann0p3_fbwd,4,mean,linear,mu,numax_hon,regression,,1313,,mean,,0.8005747226242341,0.0927132424267773,0.841152576087808,True,C:\git_repo\Stellar-World-Model\experiments\exp08_menu_channel\mu_cache,C:\git_repo\Stellar-World-Model\experiments\exp08_menu_channel\subset_mu_cache
menu,hann0p3_fbwd_s4,hann0p3_fbwd,4,mean,linear,mu,numax_hatt,regression,,417,,mean,,0.8236617054587106,0.1803427138067039,0.8968929134218411,True,C:\git_repo\Stellar-World-Model\experiments\exp08_menu_channel\mu_cache,C:\git_repo\Stellar-World-Model\experiments\exp08_menu_channel\subset_mu_cache
menu,hann0p3_fbwd_s4,hann0p3_fbwd,4,mean,linear,mu,dnu_hatt,regression,,417,,mean,,0.8175275058794081,0.1468729676279383,0.8977694046160817,True,C:\git_repo\Stellar-World-Model\experiments\exp08_menu_channel\mu_cache,C:\git_repo\Stellar-World-Model\experiments\exp08_menu_channel\subset_mu_cache
menu,hann0p3_fbwd_s4,hann0p3_fbwd,4,mean,linear,mu,prot_kounkel,regression,,138,,mean,,0.3751396277335082,1.1939753696360362,0.7607779656320134,False,C:\git_repo\Stellar-World-Model\experiments\exp08_menu_channel\mu_cache,C:\git_repo\Stellar-World-Model\experiments\exp08_menu_channel\subset_mu_cache
menu,hann0p3_fbwd_s4,hann0p3_fbwd,4,mean,linear,mu,rotation_period,regression,,150,,mean,,0.6681966057304237,0.6263920940423635,0.7729605760256012,False,C:\git_repo\Stellar-World-Model\experiments\exp08_menu_channel\mu_cache,C:\git_repo\Stellar-World-Model\experiments\exp08_menu_channel\subset_mu_cache
menu,hann0p3_fbwd_s4,hann0p3_fbwd,4,mean,linear,mu,ijspeert,detection,0.4477800938348093,2021,93.0,mean,0.8930252532012671,,,,,C:\git_repo\Stellar-World-Model\experiments\exp08_menu_channel\mu_cache,C:\git_repo\Stellar-World-Model\experiments\exp08_menu_channel\subset_mu_cache
menu,hann0p3_fbwd_s4,hann0p3_fbwd,4,mean,linear,mu,ijspeert_excl_villanova,detection,0.32984482749573885,1825,19.0,mean,0.815702045812205,,,,,C:\git_repo\Stellar-World-Model\experiments\exp08_menu_channel\mu_cache,C:\git_repo\Stellar-World-Model\experiments\exp08_menu_channel\subset_mu_cache
menu,hann0p3_fbwd_s4,hann0p3_fbwd,4,mean,linear,features_plus_mu,osc_giant,detection,0.9181743769825371,3429,1313.0,mean,0.9630620507157595,,,,,C:\git_repo\Stellar-World-Model\experiments\exp08_menu_channel\mu_cache,C:\git_repo\Stellar-World-Model\experiments\exp08_menu_channel\subset_mu_cache
menu,hann0p3_fbwd_s4,hann0p3_fbwd,4,mean,linear,features_plus_mu,solar_like_osc,detection,0.39223482870135,3429,417.0,mean,0.8362409673854543,,,,,C:\git_repo\Stellar-World-Model\experiments\exp08_menu_channel\mu_cache,C:\git_repo\Stellar-World-Model\experiments\exp08_menu_channel\subset_mu_cache
menu,hann0p3_fbwd_s4,hann0p3_fbwd,4,mean,linear,features_plus_mu,flare,detection,0.5359995092572669,3429,304.0,mean,0.903361052631579,,,,,C:\git_repo\Stellar-World-Model\experiments\exp08_menu_channel\mu_cache,C:\git_repo\Stellar-World-Model\experiments\exp08_menu_channel\subset_mu_cache
menu,hann0p3_fbwd_s4,hann0p3_fbwd,4,mean,linear,features_plus_mu,rgb_vs_heb,contrastive,0.8461131276617135,161,113.0,mean,0.7208702064896755,,,,,C:\git_repo\Stellar-World-Model\experiments\exp08_menu_channel\mu_cache,C:\git_repo\Stellar-World-Model\experiments\exp08_menu_channel\subset_mu_cache
menu,hann0p3_fbwd_s4,hann0p3_fbwd,4,mean,linear,features_plus_mu,numax_hon,regression,,1313,,mean,,0.8630436281366158,0.07683211503859926,0.8910221541457429,True,C:\git_repo\Stellar-World-Model\experiments\exp08_menu_channel\mu_cache,C:\git_repo\Stellar-World-Model\experiments\exp08_menu_channel\subset_mu_cache
menu,hann0p3_fbwd_s4,hann0p3_fbwd,4,mean,linear,features_plus_mu,numax_hatt,regression,,417,,mean,,0.8832225724926157,0.146758996853894,0.9361203593284604,True,C:\git_repo\Stellar-World-Model\experiments\exp08_menu_channel\mu_cache,C:\git_repo\Stellar-World-Model\experiments\exp08_menu_channel\subset_mu_cache
menu,hann0p3_fbwd_s4,hann0p3_fbwd,4,mean,linear,features_plus_mu,dnu_hatt,regression,,417,,mean,,0.8745154944987256,0.12179745614176216,0.9341136513078203,True,C:\git_repo\Stellar-World-Model\experiments\exp08_menu_channel\mu_cache,C:\git_repo\Stellar-World-Model\experiments\exp08_menu_channel\subset_mu_cache
menu,hann0p3_fbwd_s4,hann0p3_fbwd,4,mean,linear,features_plus_mu,prot_kounkel,regression,,138,,mean,,0.5001492166640183,1.0678839636707433,0.7972492428459366,False,C:\git_repo\Stellar-World-Model\experiments\exp08_menu_channel\mu_cache,C:\git_repo\Stellar-World-Model\experiments\exp08_menu_channel\subset_mu_cache
menu,hann0p3_fbwd_s4,hann0p3_fbwd,4,mean,linear,features_plus_mu,rotation_period,regression,,150,,mean,,0.7042302662726452,0.5914019070466509,0.7125383350371128,False,C:\git_repo\Stellar-World-Model\experiments\exp08_menu_channel\mu_cache,C:\git_repo\Stellar-World-Model\experiments\exp08_menu_channel\subset_mu_cache
menu,hann0p3_fbwd_s4,hann0p3_fbwd,4,mean,linear,features_plus_mu,ijspeert,detection,0.4987206737841979,2021,93.0,mean,0.8912015348235399,,,,,C:\git_repo\Stellar-World-Model\experiments\exp08_menu_channel\mu_cache,C:\git_repo\Stellar-World-Model\experiments\exp08_menu_channel\subset_mu_cache
menu,hann0p3_fbwd_s4,hann0p3_fbwd,4,mean,linear,features_plus_mu,ijspeert_excl_villanova,detection,0.4651283552721532,1825,19.0,mean,0.810514658739873,,,,,C:\git_repo\Stellar-World-Model\experiments\exp08_menu_channel\mu_cache,C:\git_repo\Stellar-World-Model\experiments\exp08_menu_channel\subset_mu_cache
menu,hann0p3_fbwd_s4,hann0p3_fbwd,4,mean,linear,mu_perp_full,osc_giant,detection,0.5338695608820143,3429,1313.0,mean,0.7011871973877626,,,,,C:\git_repo\Stellar-World-Model\experiments\exp08_menu_channel\mu_cache,C:\git_repo\Stellar-World-Model\experiments\exp08_menu_channel\subset_mu_cache
menu,hann0p3_fbwd_s4,hann0p3_fbwd,4,mean,linear,mu_perp_full,solar_like_osc,detection,0.2317370886422196,3429,417.0,mean,0.6785519791338244,,,,,C:\git_repo\Stellar-World-Model\experiments\exp08_menu_channel\mu_cache,C:\git_repo\Stellar-World-Model\experiments\exp08_menu_channel\subset_mu_cache
menu,hann0p3_fbwd_s4,hann0p3_fbwd,4,mean,linear,mu_perp_full,flare,detection,0.24167515733868994,3429,304.0,mean,0.6536631578947367,,,,,C:\git_repo\Stellar-World-Model\experiments\exp08_menu_channel\mu_cache,C:\git_repo\Stellar-World-Model\experiments\exp08_menu_channel\subset_mu_cache
menu,hann0p3_fbwd_s4,hann0p3_fbwd,4,mean,linear,mu_perp_full,rgb_vs_heb,contrastive,0.733902149773821,161,113.0,mean,0.5282079646017699,,,,,C:\git_repo\Stellar-World-Model\experiments\exp08_menu_channel\mu_cache,C:\git_repo\Stellar-World-Model\experiments\exp08_menu_channel\subset_mu_cache
menu,hann0p3_fbwd_s4,hann0p3_fbwd,4,mean,linear,mu_perp_full,numax_hon,regression,,1313,,mean,,0.47301350944310083,0.15071324073676706,0.7268232964483833,True,C:\git_repo\Stellar-World-Model\experiments\exp08_menu_channel\mu_cache,C:\git_repo\Stellar-World-Model\experiments\exp08_menu_channel\subset_mu_cache
menu,hann0p3_fbwd_s4,hann0p3_fbwd,4,mean,linear,mu_perp_full,numax_hatt,regression,,417,,mean,,0.26705896336309654,0.3676713600749948,0.4696478638521452,True,C:\git_repo\Stellar-World-Model\experiments\exp08_menu_channel\mu_cache,C:\git_repo\Stellar-World-Model\experiments\exp08_menu_channel\subset_mu_cache
menu,hann0p3_fbwd_s4,hann0p3_fbwd,4,mean,linear,mu_perp_full,dnu_hatt,regression,,417,,mean,,0.2709770063198398,0.29357142378566,0.4730649385799219,True,C:\git_repo\Stellar-World-Model\experiments\exp08_menu_channel\mu_cache,C:\git_repo\Stellar-World-Model\experiments\exp08_menu_channel\subset_mu_cache
menu,hann0p3_fbwd_s4,hann0p3_fbwd,4,mean,linear,mu_perp_full,prot_kounkel,regression,,138,,mean,,0.08564733841474126,1.444311080127555,0.38335709727563483,False,C:\git_repo\Stellar-World-Model\experiments\exp08_menu_channel\mu_cache,C:\git_repo\Stellar-World-Model\experiments\exp08_menu_channel\subset_mu_cache
menu,hann0p3_fbwd_s4,hann0p3_fbwd,4,mean,linear,mu_perp_full,rotation_period,regression,,150,,mean,,0.11371084092630568,1.0237491967510828,0.23890661807191432,False,C:\git_repo\Stellar-World-Model\experiments\exp08_menu_channel\mu_cache,C:\git_repo\Stellar-World-Model\experiments\exp08_menu_channel\subset_mu_cache
menu,hann0p3_fbwd_s4,hann0p3_fbwd,4,mean,linear,mu_perp_full,ijspeert,detection,0.16103447635894563,2021,93.0,mean,0.6701523669299068,,,,,C:\git_repo\Stellar-World-Model\experiments\exp08_menu_channel\mu_cache,C:\git_repo\Stellar-World-Model\experiments\exp08_menu_channel\subset_mu_cache
menu,hann0p3_fbwd_s4,hann0p3_fbwd,4,mean,linear,mu_perp_full,ijspeert_excl_villanova,detection,0.2453352523034891,1825,19.0,mean,0.7444483301276448,,,,,C:\git_repo\Stellar-World-Model\experiments\exp08_menu_channel\mu_cache,C:\git_repo\Stellar-World-Model\experiments\exp08_menu_channel\subset_mu_cache
v1,hann0p3_fbwd_s4,hann0p3_fbwd,4,mean_std,linear,mu,pulsating,detection,0.8195634089081463,2021,216.0,,,,,,,C:\git_repo\Stellar-World-Model\experiments\exp08_menu_channel\mu_cache,C:\git_repo\Stellar-World-Model\experiments\exp08_menu_channel\subset_mu_cache
v1,hann0p3_fbwd_s4,hann0p3_fbwd,4,mean_std,linear,mu,eb,detection,0.7729205964014381,2021,196.0,,,,,,,C:\git_repo\Stellar-World-Model\experiments\exp08_menu_channel\mu_cache,C:\git_repo\Stellar-World-Model\experiments\exp08_menu_channel\subset_mu_cache
v1,hann0p3_fbwd_s4,hann0p3_fbwd,4,mean_std,linear,mu,rotation,detection,0.5323096985674554,2021,180.0,,,,,,,C:\git_repo\Stellar-World-Model\experiments\exp08_menu_channel\mu_cache,C:\git_repo\Stellar-World-Model\experiments\exp08_menu_channel\subset_mu_cache
v1,hann0p3_fbwd_s4,hann0p3_fbwd,4,mean_std,linear,mu,transit,detection,0.22369529751218115,2021,122.0,,,,,,,C:\git_repo\Stellar-World-Model\experiments\exp08_menu_channel\mu_cache,C:\git_repo\Stellar-World-Model\experiments\exp08_menu_channel\subset_mu_cache
v1,hann0p3_fbwd_s4,hann0p3_fbwd,4,mean_std,linear,features_plus_mu,pulsating,detection,0.8313139603916612,2021,216.0,,,,,,,C:\git_repo\Stellar-World-Model\experiments\exp08_menu_channel\mu_cache,C:\git_repo\Stellar-World-Model\experiments\exp08_menu_channel\subset_mu_cache
v1,hann0p3_fbwd_s4,hann0p3_fbwd,4,mean_std,linear,features_plus_mu,eb,detection,0.7731425415196707,2021,196.0,,,,,,,C:\git_repo\Stellar-World-Model\experiments\exp08_menu_channel\mu_cache,C:\git_repo\Stellar-World-Model\experiments\exp08_menu_channel\subset_mu_cache
v1,hann0p3_fbwd_s4,hann0p3_fbwd,4,mean_std,linear,features_plus_mu,rotation,detection,0.5279032648653597,2021,180.0,,,,,,,C:\git_repo\Stellar-World-Model\experiments\exp08_menu_channel\mu_cache,C:\git_repo\Stellar-World-Model\experiments\exp08_menu_channel\subset_mu_cache
v1,hann0p3_fbwd_s4,hann0p3_fbwd,4,mean_std,linear,features_plus_mu,transit,detection,0.23440344849235537,2021,122.0,,,,,,,C:\git_repo\Stellar-World-Model\experiments\exp08_menu_channel\mu_cache,C:\git_repo\Stellar-World-Model\experiments\exp08_menu_channel\subset_mu_cache
v1,hann0p3_fbwd_s4,hann0p3_fbwd,4,mean_std,linear,mu_perp_full,pulsating,detection,0.3477829573308642,2021,216.0,,,,,,,C:\git_repo\Stellar-World-Model\experiments\exp08_menu_channel\mu_cache,C:\git_repo\Stellar-World-Model\experiments\exp08_menu_channel\subset_mu_cache
v1,hann0p3_fbwd_s4,hann0p3_fbwd,4,mean_std,linear,mu_perp_full,eb,detection,0.3693692182019411,2021,196.0,,,,,,,C:\git_repo\Stellar-World-Model\experiments\exp08_menu_channel\mu_cache,C:\git_repo\Stellar-World-Model\experiments\exp08_menu_channel\subset_mu_cache
v1,hann0p3_fbwd_s4,hann0p3_fbwd,4,mean_std,linear,mu_perp_full,rotation,detection,0.23198298098493578,2021,180.0,,,,,,,C:\git_repo\Stellar-World-Model\experiments\exp08_menu_channel\mu_cache,C:\git_repo\Stellar-World-Model\experiments\exp08_menu_channel\subset_mu_cache
v1,hann0p3_fbwd_s4,hann0p3_fbwd,4,mean_std,linear,mu_perp_full,transit,detection,0.1293096023506896,2021,122.0,,,,,,,C:\git_repo\Stellar-World-Model\experiments\exp08_menu_channel\mu_cache,C:\git_repo\Stellar-World-Model\experiments\exp08_menu_channel\subset_mu_cache
menu,hann0p3_fbwd_s4,hann0p3_fbwd,4,mean_std,linear,mu,osc_giant,detection,0.8916336598990362,3429,1313.0,mean,0.9533816985013901,,,,,C:\git_repo\Stellar-World-Model\experiments\exp08_menu_channel\mu_cache,C:\git_repo\Stellar-World-Model\experiments\exp08_menu_channel\subset_mu_cache
menu,hann0p3_fbwd_s4,hann0p3_fbwd,4,mean_std,linear,mu,solar_like_osc,detection,0.33325029536762407,3429,417.0,mean,0.8118620641335537,,,,,C:\git_repo\Stellar-World-Model\experiments\exp08_menu_channel\mu_cache,C:\git_repo\Stellar-World-Model\experiments\exp08_menu_channel\subset_mu_cache
menu,hann0p3_fbwd_s4,hann0p3_fbwd,4,mean_std,linear,mu,flare,detection,0.4958632635270128,3429,304.0,mean,0.8956431578947369,,,,,C:\git_repo\Stellar-World-Model\experiments\exp08_menu_channel\mu_cache,C:\git_repo\Stellar-World-Model\experiments\exp08_menu_channel\subset_mu_cache
menu,hann0p3_fbwd_s4,hann0p3_fbwd,4,mean_std,linear,mu,rgb_vs_heb,contrastive,0.8341404868191811,161,113.0,mean,0.7201327433628317,,,,,C:\git_repo\Stellar-World-Model\experiments\exp08_menu_channel\mu_cache,C:\git_repo\Stellar-World-Model\experiments\exp08_menu_channel\subset_mu_cache
menu,hann0p3_fbwd_s4,hann0p3_fbwd,4,mean_std,linear,mu,numax_hon,regression,,1313,,mean,,0.8413012128608948,0.08270627692148806,0.8774637696048895,True,C:\git_repo\Stellar-World-Model\experiments\exp08_menu_channel\mu_cache,C:\git_repo\Stellar-World-Model\experiments\exp08_menu_channel\subset_mu_cache
menu,hann0p3_fbwd_s4,hann0p3_fbwd,4,mean_std,linear,mu,numax_hatt,regression,,417,,mean,,0.8552338006086596,0.16340256478898568,0.9176985062405697,True,C:\git_repo\Stellar-World-Model\experiments\exp08_menu_channel\mu_cache,C:\git_repo\Stellar-World-Model\experiments\exp08_menu_channel\subset_mu_cache
menu,hann0p3_fbwd_s4,hann0p3_fbwd,4,mean_std,linear,mu,dnu_hatt,regression,,417,,mean,,0.84941920481017,0.1334221574806963,0.9184600715740241,True,C:\git_repo\Stellar-World-Model\experiments\exp08_menu_channel\mu_cache,C:\git_repo\Stellar-World-Model\experiments\exp08_menu_channel\subset_mu_cache
menu,hann0p3_fbwd_s4,hann0p3_fbwd,4,mean_std,linear,mu,prot_kounkel,regression,,138,,mean,,0.49066682060213473,1.0779654970467483,0.7866005614307784,False,C:\git_repo\Stellar-World-Model\experiments\exp08_menu_channel\mu_cache,C:\git_repo\Stellar-World-Model\experiments\exp08_menu_channel\subset_mu_cache
menu,hann0p3_fbwd_s4,hann0p3_fbwd,4,mean_std,linear,mu,rotation_period,regression,,150,,mean,,0.7711657446210012,0.52019523991558,0.8227583448153251,False,C:\git_repo\Stellar-World-Model\experiments\exp08_menu_channel\mu_cache,C:\git_repo\Stellar-World-Model\experiments\exp08_menu_channel\subset_mu_cache
menu,hann0p3_fbwd_s4,hann0p3_fbwd,4,mean_std,linear,mu,ijspeert,detection,0.49221983434625893,2021,93.0,mean,0.8389439164770446,,,,,C:\git_repo\Stellar-World-Model\experiments\exp08_menu_channel\mu_cache,C:\git_repo\Stellar-World-Model\experiments\exp08_menu_channel\subset_mu_cache
menu,hann0p3_fbwd_s4,hann0p3_fbwd,4,mean_std,linear,mu,ijspeert_excl_villanova,detection,0.3126620240489399,1825,19.0,mean,0.7201725243340911,,,,,C:\git_repo\Stellar-World-Model\experiments\exp08_menu_channel\mu_cache,C:\git_repo\Stellar-World-Model\experiments\exp08_menu_channel\subset_mu_cache
menu,hann0p3_fbwd_s4,hann0p3_fbwd,4,mean_std,linear,features_plus_mu,osc_giant,detection,0.9191259783677748,3429,1313.0,mean,0.9640522217119195,,,,,C:\git_repo\Stellar-World-Model\experiments\exp08_menu_channel\mu_cache,C:\git_repo\Stellar-World-Model\experiments\exp08_menu_channel\subset_mu_cache
menu,hann0p3_fbwd_s4,hann0p3_fbwd,4,mean_std,linear,features_plus_mu,solar_like_osc,detection,0.3907932301357041,3429,417.0,mean,0.8382449418950895,,,,,C:\git_repo\Stellar-World-Model\experiments\exp08_menu_channel\mu_cache,C:\git_repo\Stellar-World-Model\experiments\exp08_menu_channel\subset_mu_cache
menu,hann0p3_fbwd_s4,hann0p3_fbwd,4,mean_std,linear,features_plus_mu,flare,detection,0.5462621819582284,3429,304.0,mean,0.9094568421052632,,,,,C:\git_repo\Stellar-World-Model\experiments\exp08_menu_channel\mu_cache,C:\git_repo\Stellar-World-Model\experiments\exp08_menu_channel\subset_mu_cache
menu,hann0p3_fbwd_s4,hann0p3_fbwd,4,mean_std,linear,features_plus_mu,rgb_vs_heb,contrastive,0.8279451369785034,161,113.0,mean,0.7118362831858407,,,,,C:\git_repo\Stellar-World-Model\experiments\exp08_menu_channel\mu_cache,C:\git_repo\Stellar-World-Model\experiments\exp08_menu_channel\subset_mu_cache
menu,hann0p3_fbwd_s4,hann0p3_fbwd,4,mean_std,linear,features_plus_mu,numax_hon,regression,,1313,,mean,,0.872478912095747,0.07413830828796064,0.896579797604385,True,C:\git_repo\Stellar-World-Model\experiments\exp08_menu_channel\mu_cache,C:\git_repo\Stellar-World-Model\experiments\exp08_menu_channel\subset_mu_cache
menu,hann0p3_fbwd_s4,hann0p3_fbwd,4,mean_std,linear,features_plus_mu,numax_hatt,regression,,417,,mean,,0.8921331432411563,0.14104876710099795,0.9356631890280965,True,C:\git_repo\Stellar-World-Model\experiments\exp08_menu_channel\mu_cache,C:\git_repo\Stellar-World-Model\experiments\exp08_menu_channel\subset_mu_cache
menu,hann0p3_fbwd_s4,hann0p3_fbwd,4,mean_std,linear,features_plus_mu,dnu_hatt,regression,,417,,mean,,0.8843338065939373,0.11693550283255592,0.93386756435108,True,C:\git_repo\Stellar-World-Model\experiments\exp08_menu_channel\mu_cache,C:\git_repo\Stellar-World-Model\experiments\exp08_menu_channel\subset_mu_cache
menu,hann0p3_fbwd_s4,hann0p3_fbwd,4,mean_std,linear,features_plus_mu,prot_kounkel,regression,,138,,mean,,0.5211407077436497,1.0452203000872198,0.802228825643205,False,C:\git_repo\Stellar-World-Model\experiments\exp08_menu_channel\mu_cache,C:\git_repo\Stellar-World-Model\experiments\exp08_menu_channel\subset_mu_cache
menu,hann0p3_fbwd_s4,hann0p3_fbwd,4,mean_std,linear,features_plus_mu,rotation_period,regression,,150,,mean,,0.773554074035591,0.5174734963418669,0.8048233254811324,False,C:\git_repo\Stellar-World-Model\experiments\exp08_menu_channel\mu_cache,C:\git_repo\Stellar-World-Model\experiments\exp08_menu_channel\subset_mu_cache
menu,hann0p3_fbwd_s4,hann0p3_fbwd,4,mean_std,linear,features_plus_mu,ijspeert,detection,0.5112547101218475,2021,93.0,mean,0.8547940927140498,,,,,C:\git_repo\Stellar-World-Model\experiments\exp08_menu_channel\mu_cache,C:\git_repo\Stellar-World-Model\experiments\exp08_menu_channel\subset_mu_cache
menu,hann0p3_fbwd_s4,hann0p3_fbwd,4,mean_std,linear,features_plus_mu,ijspeert_excl_villanova,detection,0.3012107637599099,1825,19.0,mean,0.7223290785102291,,,,,C:\git_repo\Stellar-World-Model\experiments\exp08_menu_channel\mu_cache,C:\git_repo\Stellar-World-Model\experiments\exp08_menu_channel\subset_mu_cache
menu,hann0p3_fbwd_s4,hann0p3_fbwd,4,mean_std,linear,mu_perp_full,osc_giant,detection,0.5589256330499401,3429,1313.0,mean,0.7327506525554403,,,,,C:\git_repo\Stellar-World-Model\experiments\exp08_menu_channel\mu_cache,C:\git_repo\Stellar-World-Model\experiments\exp08_menu_channel\subset_mu_cache
menu,hann0p3_fbwd_s4,hann0p3_fbwd,4,mean_std,linear,mu_perp_full,solar_like_osc,detection,0.2351513354633077,3429,417.0,mean,0.6868099146181064,,,,,C:\git_repo\Stellar-World-Model\experiments\exp08_menu_channel\mu_cache,C:\git_repo\Stellar-World-Model\experiments\exp08_menu_channel\subset_mu_cache
menu,hann0p3_fbwd_s4,hann0p3_fbwd,4,mean_std,linear,mu_perp_full,flare,detection,0.24548759124473182,3429,304.0,mean,0.7031263157894736,,,,,C:\git_repo\Stellar-World-Model\experiments\exp08_menu_channel\mu_cache,C:\git_repo\Stellar-World-Model\experiments\exp08_menu_channel\subset_mu_cache
menu,hann0p3_fbwd_s4,hann0p3_fbwd,4,mean_std,linear,mu_perp_full,rgb_vs_heb,contrastive,0.7691499887356033,161,113.0,mean,0.6240781710914455,,,,,C:\git_repo\Stellar-World-Model\experiments\exp08_menu_channel\mu_cache,C:\git_repo\Stellar-World-Model\experiments\exp08_menu_channel\subset_mu_cache
menu,hann0p3_fbwd_s4,hann0p3_fbwd,4,mean_std,linear,mu_perp_full,numax_hon,regression,,1313,,mean,,0.5456596658031025,0.13994014318881104,0.7542770672720895,True,C:\git_repo\Stellar-World-Model\experiments\exp08_menu_channel\mu_cache,C:\git_repo\Stellar-World-Model\experiments\exp08_menu_channel\subset_mu_cache
menu,hann0p3_fbwd_s4,hann0p3_fbwd,4,mean_std,linear,mu_perp_full,numax_hatt,regression,,417,,mean,,0.3267942145960222,0.35237022386826483,0.5419803144537605,True,C:\git_repo\Stellar-World-Model\experiments\exp08_menu_channel\mu_cache,C:\git_repo\Stellar-World-Model\experiments\exp08_menu_channel\subset_mu_cache
menu,hann0p3_fbwd_s4,hann0p3_fbwd,4,mean_std,linear,mu_perp_full,dnu_hatt,regression,,417,,mean,,0.33295034381888833,0.2808162582466119,0.5464815150610314,True,C:\git_repo\Stellar-World-Model\experiments\exp08_menu_channel\mu_cache,C:\git_repo\Stellar-World-Model\experiments\exp08_menu_channel\subset_mu_cache
menu,hann0p3_fbwd_s4,hann0p3_fbwd,4,mean_std,linear,mu_perp_full,prot_kounkel,regression,,138,,mean,,0.0820529869269716,1.447147113775086,0.40665222945377794,False,C:\git_repo\Stellar-World-Model\experiments\exp08_menu_channel\mu_cache,C:\git_repo\Stellar-World-Model\experiments\exp08_menu_channel\subset_mu_cache
menu,hann0p3_fbwd_s4,hann0p3_fbwd,4,mean_std,linear,mu_perp_full,rotation_period,regression,,150,,mean,,0.1627283057457869,0.9950366104278214,0.33989599537757237,False,C:\git_repo\Stellar-World-Model\experiments\exp08_menu_channel\mu_cache,C:\git_repo\Stellar-World-Model\experiments\exp08_menu_channel\subset_mu_cache
menu,hann0p3_fbwd_s4,hann0p3_fbwd,4,mean_std,linear,mu_perp_full,ijspeert,detection,0.35005286578010014,2021,93.0,mean,0.7128563779949136,,,,,C:\git_repo\Stellar-World-Model\experiments\exp08_menu_channel\mu_cache,C:\git_repo\Stellar-World-Model\experiments\exp08_menu_channel\subset_mu_cache
menu,hann0p3_fbwd_s4,hann0p3_fbwd,4,mean_std,linear,mu_perp_full,ijspeert_excl_villanova,detection,0.2148353696962544,1825,19.0,mean,0.6427988576091391,,,,,C:\git_repo\Stellar-World-Model\experiments\exp08_menu_channel\mu_cache,C:\git_repo\Stellar-World-Model\experiments\exp08_menu_channel\subset_mu_cache
v1,hann0p3_fbwd_s4,hann0p3_fbwd,4,mean_perp_amp,linear,mu,pulsating,detection,0.7957131567186442,2021,216.0,,,,,,,C:\git_repo\Stellar-World-Model\experiments\exp08_menu_channel\mu_cache,C:\git_repo\Stellar-World-Model\experiments\exp08_menu_channel\subset_mu_cache
v1,hann0p3_fbwd_s4,hann0p3_fbwd,4,mean_perp_amp,linear,mu,eb,detection,0.5996334326812826,2021,196.0,,,,,,,C:\git_repo\Stellar-World-Model\experiments\exp08_menu_channel\mu_cache,C:\git_repo\Stellar-World-Model\experiments\exp08_menu_channel\subset_mu_cache
v1,hann0p3_fbwd_s4,hann0p3_fbwd,4,mean_perp_amp,linear,mu,rotation,detection,0.42306146116762394,2021,180.0,,,,,,,C:\git_repo\Stellar-World-Model\experiments\exp08_menu_channel\mu_cache,C:\git_repo\Stellar-World-Model\experiments\exp08_menu_channel\subset_mu_cache
v1,hann0p3_fbwd_s4,hann0p3_fbwd,4,mean_perp_amp,linear,mu,transit,detection,0.14149252915335406,2021,122.0,,,,,,,C:\git_repo\Stellar-World-Model\experiments\exp08_menu_channel\mu_cache,C:\git_repo\Stellar-World-Model\experiments\exp08_menu_channel\subset_mu_cache
menu,hann0p3_fbwd_s4,hann0p3_fbwd,4,mean_perp_amp,linear,mu,osc_giant,detection,0.8365041651674107,3429,1313.0,mean,0.9339752827980194,,,,,C:\git_repo\Stellar-World-Model\experiments\exp08_menu_channel\mu_cache,C:\git_repo\Stellar-World-Model\experiments\exp08_menu_channel\subset_mu_cache
menu,hann0p3_fbwd_s4,hann0p3_fbwd,4,mean_perp_amp,linear,mu,solar_like_osc,detection,0.32104024762095873,3429,417.0,mean,0.7938143509097105,,,,,C:\git_repo\Stellar-World-Model\experiments\exp08_menu_channel\mu_cache,C:\git_repo\Stellar-World-Model\experiments\exp08_menu_channel\subset_mu_cache
menu,hann0p3_fbwd_s4,hann0p3_fbwd,4,mean_perp_amp,linear,mu,flare,detection,0.41893791364402366,3429,304.0,mean,0.8238084210526315,,,,,C:\git_repo\Stellar-World-Model\experiments\exp08_menu_channel\mu_cache,C:\git_repo\Stellar-World-Model\experiments\exp08_menu_channel\subset_mu_cache
menu,hann0p3_fbwd_s4,hann0p3_fbwd,4,mean_perp_amp,linear,mu,rgb_vs_heb,contrastive,0.8381713444195436,161,113.0,mean,0.6817846607669616,,,,,C:\git_repo\Stellar-World-Model\experiments\exp08_menu_channel\mu_cache,C:\git_repo\Stellar-World-Model\experiments\exp08_menu_channel\subset_mu_cache
menu,hann0p3_fbwd_s4,hann0p3_fbwd,4,mean_perp_amp,linear,mu,numax_hon,regression,,1313,,mean,,0.7722339994275351,0.09908230821828853,0.831744041553013,True,C:\git_repo\Stellar-World-Model\experiments\exp08_menu_channel\mu_cache,C:\git_repo\Stellar-World-Model\experiments\exp08_menu_channel\subset_mu_cache
menu,hann0p3_fbwd_s4,hann0p3_fbwd,4,mean_perp_amp,linear,mu,numax_hatt,regression,,417,,mean,,0.7954649709616033,0.19422678926421275,0.8739855784077747,True,C:\git_repo\Stellar-World-Model\experiments\exp08_menu_channel\mu_cache,C:\git_repo\Stellar-World-Model\experiments\exp08_menu_channel\subset_mu_cache
menu,hann0p3_fbwd_s4,hann0p3_fbwd,4,mean_perp_amp,linear,mu,dnu_hatt,regression,,417,,mean,,0.7917292359906882,0.15691242022186497,0.873746965192386,True,C:\git_repo\Stellar-World-Model\experiments\exp08_menu_channel\mu_cache,C:\git_repo\Stellar-World-Model\experiments\exp08_menu_channel\subset_mu_cache
menu,hann0p3_fbwd_s4,hann0p3_fbwd,4,mean_perp_amp,linear,mu,prot_kounkel,regression,,138,,mean,,0.36961728363453783,1.1992397768298946,0.7535266336906449,False,C:\git_repo\Stellar-World-Model\experiments\exp08_menu_channel\mu_cache,C:\git_repo\Stellar-World-Model\experiments\exp08_menu_channel\subset_mu_cache
menu,hann0p3_fbwd_s4,hann0p3_fbwd,4,mean_perp_amp,linear,mu,rotation_period,regression,,150,,mean,,0.6373407962673804,0.6548701684282343,0.7772203209031513,False,C:\git_repo\Stellar-World-Model\experiments\exp08_menu_channel\mu_cache,C:\git_repo\Stellar-World-Model\experiments\exp08_menu_channel\subset_mu_cache
menu,hann0p3_fbwd_s4,hann0p3_fbwd,4,mean_perp_amp,linear,mu,ijspeert,detection,0.3473718713125677,2021,93.0,mean,0.8147224824878417,,,,,C:\git_repo\Stellar-World-Model\experiments\exp08_menu_channel\mu_cache,C:\git_repo\Stellar-World-Model\experiments\exp08_menu_channel\subset_mu_cache
menu,hann0p3_fbwd_s4,hann0p3_fbwd,4,mean_perp_amp,linear,mu,ijspeert_excl_villanova,detection,0.3086365923771949,1825,19.0,mean,0.791484525266655,,,,,C:\git_repo\Stellar-World-Model\experiments\exp08_menu_channel\mu_cache,C:\git_repo\Stellar-World-Model\experiments\exp08_menu_channel\subset_mu_cache
v1,hann0p3_fbwd_s5,hann0p3_fbwd,5,mean,linear,mu,pulsating,detection,0.7961238808180193,2021,216.0,,,,,,,C:\git_repo\Stellar-World-Model\experiments\exp08_menu_channel\mu_cache,C:\git_repo\Stellar-World-Model\experiments\exp08_menu_channel\subset_mu_cache
v1,hann0p3_fbwd_s5,hann0p3_fbwd,5,mean,linear,mu,eb,detection,0.7649247252155542,2021,196.0,,,,,,,C:\git_repo\Stellar-World-Model\experiments\exp08_menu_channel\mu_cache,C:\git_repo\Stellar-World-Model\experiments\exp08_menu_channel\subset_mu_cache
v1,hann0p3_fbwd_s5,hann0p3_fbwd,5,mean,linear,mu,rotation,detection,0.5651593736828272,2021,180.0,,,,,,,C:\git_repo\Stellar-World-Model\experiments\exp08_menu_channel\mu_cache,C:\git_repo\Stellar-World-Model\experiments\exp08_menu_channel\subset_mu_cache
v1,hann0p3_fbwd_s5,hann0p3_fbwd,5,mean,linear,mu,transit,detection,0.1661298874488195,2021,122.0,,,,,,,C:\git_repo\Stellar-World-Model\experiments\exp08_menu_channel\mu_cache,C:\git_repo\Stellar-World-Model\experiments\exp08_menu_channel\subset_mu_cache
v1,hann0p3_fbwd_s5,hann0p3_fbwd,5,mean,linear,features_plus_mu,pulsating,detection,0.8284226608230172,2021,216.0,,,,,,,C:\git_repo\Stellar-World-Model\experiments\exp08_menu_channel\mu_cache,C:\git_repo\Stellar-World-Model\experiments\exp08_menu_channel\subset_mu_cache
v1,hann0p3_fbwd_s5,hann0p3_fbwd,5,mean,linear,features_plus_mu,eb,detection,0.7711246747800427,2021,196.0,,,,,,,C:\git_repo\Stellar-World-Model\experiments\exp08_menu_channel\mu_cache,C:\git_repo\Stellar-World-Model\experiments\exp08_menu_channel\subset_mu_cache
v1,hann0p3_fbwd_s5,hann0p3_fbwd,5,mean,linear,features_plus_mu,rotation,detection,0.5707694303391,2021,180.0,,,,,,,C:\git_repo\Stellar-World-Model\experiments\exp08_menu_channel\mu_cache,C:\git_repo\Stellar-World-Model\experiments\exp08_menu_channel\subset_mu_cache
v1,hann0p3_fbwd_s5,hann0p3_fbwd,5,mean,linear,features_plus_mu,transit,detection,0.23489395769126914,2021,122.0,,,,,,,C:\git_repo\Stellar-World-Model\experiments\exp08_menu_channel\mu_cache,C:\git_repo\Stellar-World-Model\experiments\exp08_menu_channel\subset_mu_cache
v1,hann0p3_fbwd_s5,hann0p3_fbwd,5,mean,linear,mu_perp_full,pulsating,detection,0.3692694880784126,2021,216.0,,,,,,,C:\git_repo\Stellar-World-Model\experiments\exp08_menu_channel\mu_cache,C:\git_repo\Stellar-World-Model\experiments\exp08_menu_channel\subset_mu_cache
v1,hann0p3_fbwd_s5,hann0p3_fbwd,5,mean,linear,mu_perp_full,eb,detection,0.33010518344165857,2021,196.0,,,,,,,C:\git_repo\Stellar-World-Model\experiments\exp08_menu_channel\mu_cache,C:\git_repo\Stellar-World-Model\experiments\exp08_menu_channel\subset_mu_cache
v1,hann0p3_fbwd_s5,hann0p3_fbwd,5,mean,linear,mu_perp_full,rotation,detection,0.2936989052113727,2021,180.0,,,,,,,C:\git_repo\Stellar-World-Model\experiments\exp08_menu_channel\mu_cache,C:\git_repo\Stellar-World-Model\experiments\exp08_menu_channel\subset_mu_cache
v1,hann0p3_fbwd_s5,hann0p3_fbwd,5,mean,linear,mu_perp_full,transit,detection,0.14570234480906785,2021,122.0,,,,,,,C:\git_repo\Stellar-World-Model\experiments\exp08_menu_channel\mu_cache,C:\git_repo\Stellar-World-Model\experiments\exp08_menu_channel\subset_mu_cache
menu,hann0p3_fbwd_s5,hann0p3_fbwd,5,mean,linear,mu,osc_giant,detection,0.851117325824206,3429,1313.0,mean,0.9389106607330792,,,,,C:\git_repo\Stellar-World-Model\experiments\exp08_menu_channel\mu_cache,C:\git_repo\Stellar-World-Model\experiments\exp08_menu_channel\subset_mu_cache
menu,hann0p3_fbwd_s5,hann0p3_fbwd,5,mean,linear,mu,solar_like_osc,detection,0.34923885117701076,3429,417.0,mean,0.8192617220964264,,,,,C:\git_repo\Stellar-World-Model\experiments\exp08_menu_channel\mu_cache,C:\git_repo\Stellar-World-Model\experiments\exp08_menu_channel\subset_mu_cache
menu,hann0p3_fbwd_s5,hann0p3_fbwd,5,mean,linear,mu,flare,detection,0.4515546477236876,3429,304.0,mean,0.8714273684210526,,,,,C:\git_repo\Stellar-World-Model\experiments\exp08_menu_channel\mu_cache,C:\git_repo\Stellar-World-Model\experiments\exp08_menu_channel\subset_mu_cache
menu,hann0p3_fbwd_s5,hann0p3_fbwd,5,mean,linear,mu,rgb_vs_heb,contrastive,0.8323774214886952,161,113.0,mean,0.6546828908554573,,,,,C:\git_repo\Stellar-World-Model\experiments\exp08_menu_channel\mu_cache,C:\git_repo\Stellar-World-Model\experiments\exp08_menu_channel\subset_mu_cache
menu,hann0p3_fbwd_s5,hann0p3_fbwd,5,mean,linear,mu,numax_hon,regression,,1313,,mean,,0.8039307671758733,0.09192981627204028,0.8461719450335538,True,C:\git_repo\Stellar-World-Model\experiments\exp08_menu_channel\mu_cache,C:\git_repo\Stellar-World-Model\experiments\exp08_menu_channel\subset_mu_cache
menu,hann0p3_fbwd_s5,hann0p3_fbwd,5,mean,linear,mu,numax_hatt,regression,,417,,mean,,0.825525131060319,0.17938731227339552,0.9012234125475498,True,C:\git_repo\Stellar-World-Model\experiments\exp08_menu_channel\mu_cache,C:\git_repo\Stellar-World-Model\experiments\exp08_menu_channel\subset_mu_cache
menu,hann0p3_fbwd_s5,hann0p3_fbwd,5,mean,linear,mu,dnu_hatt,regression,,417,,mean,,0.8177804236824491,0.14677114496879118,0.9012181800935465,True,C:\git_repo\Stellar-World-Model\experiments\exp08_menu_channel\mu_cache,C:\git_repo\Stellar-World-Model\experiments\exp08_menu_channel\subset_mu_cache
menu,hann0p3_fbwd_s5,hann0p3_fbwd,5,mean,linear,mu,prot_kounkel,regression,,138,,mean,,0.35243121120279575,1.2154772388375101,0.7552686885619496,False,C:\git_repo\Stellar-World-Model\experiments\exp08_menu_channel\mu_cache,C:\git_repo\Stellar-World-Model\experiments\exp08_menu_channel\subset_mu_cache
menu,hann0p3_fbwd_s5,hann0p3_fbwd,5,mean,linear,mu,rotation_period,regression,,150,,mean,,0.6845724018492427,0.6107390651049921,0.7877274545535357,False,C:\git_repo\Stellar-World-Model\experiments\exp08_menu_channel\mu_cache,C:\git_repo\Stellar-World-Model\experiments\exp08_menu_channel\subset_mu_cache
menu,hann0p3_fbwd_s5,hann0p3_fbwd,5,mean,linear,mu,ijspeert,detection,0.4393138154487774,2021,93.0,mean,0.8716593048677107,,,,,C:\git_repo\Stellar-World-Model\experiments\exp08_menu_channel\mu_cache,C:\git_repo\Stellar-World-Model\experiments\exp08_menu_channel\subset_mu_cache
menu,hann0p3_fbwd_s5,hann0p3_fbwd,5,mean,linear,mu,ijspeert_excl_villanova,detection,0.33680924662918355,1825,19.0,mean,0.7898525383225504,,,,,C:\git_repo\Stellar-World-Model\experiments\exp08_menu_channel\mu_cache,C:\git_repo\Stellar-World-Model\experiments\exp08_menu_channel\subset_mu_cache
menu,hann0p3_fbwd_s5,hann0p3_fbwd,5,mean,linear,features_plus_mu,osc_giant,detection,0.9135956756568732,3429,1313.0,mean,0.9620815978645996,,,,,C:\git_repo\Stellar-World-Model\experiments\exp08_menu_channel\mu_cache,C:\git_repo\Stellar-World-Model\experiments\exp08_menu_channel\subset_mu_cache
menu,hann0p3_fbwd_s5,hann0p3_fbwd,5,mean,linear,features_plus_mu,solar_like_osc,detection,0.4039203132186229,3429,417.0,mean,0.8364471769198187,,,,,C:\git_repo\Stellar-World-Model\experiments\exp08_menu_channel\mu_cache,C:\git_repo\Stellar-World-Model\experiments\exp08_menu_channel\subset_mu_cache
menu,hann0p3_fbwd_s5,hann0p3_fbwd,5,mean,linear,features_plus_mu,flare,detection,0.5217416184319034,3429,304.0,mean,0.8979536842105263,,,,,C:\git_repo\Stellar-World-Model\experiments\exp08_menu_channel\mu_cache,C:\git_repo\Stellar-World-Model\experiments\exp08_menu_channel\subset_mu_cache
menu,hann0p3_fbwd_s5,hann0p3_fbwd,5,mean,linear,features_plus_mu,rgb_vs_heb,contrastive,0.837562191987564,161,113.0,mean,0.7022492625368731,,,,,C:\git_repo\Stellar-World-Model\experiments\exp08_menu_channel\mu_cache,C:\git_repo\Stellar-World-Model\experiments\exp08_menu_channel\subset_mu_cache
menu,hann0p3_fbwd_s5,hann0p3_fbwd,5,mean,linear,features_plus_mu,numax_hon,regression,,1313,,mean,,0.8660881631341992,0.07597332800010256,0.8929814464415973,True,C:\git_repo\Stellar-World-Model\experiments\exp08_menu_channel\mu_cache,C:\git_repo\Stellar-World-Model\experiments\exp08_menu_channel\subset_mu_cache
menu,hann0p3_fbwd_s5,hann0p3_fbwd,5,mean,linear,features_plus_mu,numax_hatt,regression,,417,,mean,,0.87733856423446,0.15041089812547592,0.9353940998304887,True,C:\git_repo\Stellar-World-Model\experiments\exp08_menu_channel\mu_cache,C:\git_repo\Stellar-World-Model\experiments\exp08_menu_channel\subset_mu_cache
menu,hann0p3_fbwd_s5,hann0p3_fbwd,5,mean,linear,features_plus_mu,dnu_hatt,regression,,417,,mean,,0.868454084488104,0.12470442087589653,0.9342894040637438,True,C:\git_repo\Stellar-World-Model\experiments\exp08_menu_channel\mu_cache,C:\git_repo\Stellar-World-Model\experiments\exp08_menu_channel\subset_mu_cache
menu,hann0p3_fbwd_s5,hann0p3_fbwd,5,mean,linear,features_plus_mu,prot_kounkel,regression,,138,,mean,,0.4901114428027544,1.0785530446666236,0.794628169461588,False,C:\git_repo\Stellar-World-Model\experiments\exp08_menu_channel\mu_cache,C:\git_repo\Stellar-World-Model\experiments\exp08_menu_channel\subset_mu_cache
menu,hann0p3_fbwd_s5,hann0p3_fbwd,5,mean,linear,features_plus_mu,rotation_period,regression,,150,,mean,,0.7336687843911279,0.5611990033956947,0.7402302324547759,False,C:\git_repo\Stellar-World-Model\experiments\exp08_menu_channel\mu_cache,C:\git_repo\Stellar-World-Model\experiments\exp08_menu_channel\subset_mu_cache
menu,hann0p3_fbwd_s5,hann0p3_fbwd,5,mean,linear,features_plus_mu,ijspeert,detection,0.46382401243920496,2021,93.0,mean,0.8886806763931647,,,,,C:\git_repo\Stellar-World-Model\experiments\exp08_menu_channel\mu_cache,C:\git_repo\Stellar-World-Model\experiments\exp08_menu_channel\subset_mu_cache
menu,hann0p3_fbwd_s5,hann0p3_fbwd,5,mean,linear,features_plus_mu,ijspeert_excl_villanova,detection,0.36955059368114096,1825,19.0,mean,0.8212100017485574,,,,,C:\git_repo\Stellar-World-Model\experiments\exp08_menu_channel\mu_cache,C:\git_repo\Stellar-World-Model\experiments\exp08_menu_channel\subset_mu_cache
menu,hann0p3_fbwd_s5,hann0p3_fbwd,5,mean,linear,mu_perp_full,osc_giant,detection,0.5341142482121666,3429,1313.0,mean,0.6997787862252853,,,,,C:\git_repo\Stellar-World-Model\experiments\exp08_menu_channel\mu_cache,C:\git_repo\Stellar-World-Model\experiments\exp08_menu_channel\subset_mu_cache
menu,hann0p3_fbwd_s5,hann0p3_fbwd,5,mean,linear,mu_perp_full,solar_like_osc,detection,0.24443706172731228,3429,417.0,mean,0.6892844290304808,,,,,C:\git_repo\Stellar-World-Model\experiments\exp08_menu_channel\mu_cache,C:\git_repo\Stellar-World-Model\experiments\exp08_menu_channel\subset_mu_cache
menu,hann0p3_fbwd_s5,hann0p3_fbwd,5,mean,linear,mu_perp_full,flare,detection,0.2195378445156343,3429,304.0,mean,0.6496168421052632,,,,,C:\git_repo\Stellar-World-Model\experiments\exp08_menu_channel\mu_cache,C:\git_repo\Stellar-World-Model\experiments\exp08_menu_channel\subset_mu_cache
menu,hann0p3_fbwd_s5,hann0p3_fbwd,5,mean,linear,mu_perp_full,rgb_vs_heb,contrastive,0.7170554961219426,161,113.0,mean,0.5182522123893806,,,,,C:\git_repo\Stellar-World-Model\experiments\exp08_menu_channel\mu_cache,C:\git_repo\Stellar-World-Model\experiments\exp08_menu_channel\subset_mu_cache
menu,hann0p3_fbwd_s5,hann0p3_fbwd,5,mean,linear,mu_perp_full,numax_hon,regression,,1313,,mean,,0.49921558744135497,0.14691869722069872,0.7234050071742196,True,C:\git_repo\Stellar-World-Model\experiments\exp08_menu_channel\mu_cache,C:\git_repo\Stellar-World-Model\experiments\exp08_menu_channel\subset_mu_cache
menu,hann0p3_fbwd_s5,hann0p3_fbwd,5,mean,linear,mu_perp_full,numax_hatt,regression,,417,,mean,,0.32927861826633553,0.35171942803176365,0.5503520335431736,True,C:\git_repo\Stellar-World-Model\experiments\exp08_menu_channel\mu_cache,C:\git_repo\Stellar-World-Model\experiments\exp08_menu_channel\subset_mu_cache
menu,hann0p3_fbwd_s5,hann0p3_fbwd,5,mean,linear,mu_perp_full,dnu_hatt,regression,,417,,mean,,0.3269623162885956,0.2820738697124227,0.5487120194342299,True,C:\git_repo\Stellar-World-Model\experiments\exp08_menu_channel\mu_cache,C:\git_repo\Stellar-World-Model\experiments\exp08_menu_channel\subset_mu_cache
menu,hann0p3_fbwd_s5,hann0p3_fbwd,5,mean,linear,mu_perp_full,prot_kounkel,regression,,138,,mean,,0.0994890141410768,1.4333372380475156,0.3760738010247011,False,C:\git_repo\Stellar-World-Model\experiments\exp08_menu_channel\mu_cache,C:\git_repo\Stellar-World-Model\experiments\exp08_menu_channel\subset_mu_cache
menu,hann0p3_fbwd_s5,hann0p3_fbwd,5,mean,linear,mu_perp_full,rotation_period,regression,,150,,mean,,0.11563998076560278,1.022634418798698,0.25152584559313745,False,C:\git_repo\Stellar-World-Model\experiments\exp08_menu_channel\mu_cache,C:\git_repo\Stellar-World-Model\experiments\exp08_menu_channel\subset_mu_cache
menu,hann0p3_fbwd_s5,hann0p3_fbwd,5,mean,linear,mu_perp_full,ijspeert,detection,0.16499522060608654,2021,93.0,mean,0.6599239280774549,,,,,C:\git_repo\Stellar-World-Model\experiments\exp08_menu_channel\mu_cache,C:\git_repo\Stellar-World-Model\experiments\exp08_menu_channel\subset_mu_cache
menu,hann0p3_fbwd_s5,hann0p3_fbwd,5,mean,linear,mu_perp_full,ijspeert_excl_villanova,detection,0.23055773350402115,1825,19.0,mean,0.7707932622253307,,,,,C:\git_repo\Stellar-World-Model\experiments\exp08_menu_channel\mu_cache,C:\git_repo\Stellar-World-Model\experiments\exp08_menu_channel\subset_mu_cache
v1,hann0p3_fbwd_s5,hann0p3_fbwd,5,mean_std,linear,mu,pulsating,detection,0.782911914269343,2021,216.0,,,,,,,C:\git_repo\Stellar-World-Model\experiments\exp08_menu_channel\mu_cache,C:\git_repo\Stellar-World-Model\experiments\exp08_menu_channel\subset_mu_cache
v1,hann0p3_fbwd_s5,hann0p3_fbwd,5,mean_std,linear,mu,eb,detection,0.7599302914534742,2021,196.0,,,,,,,C:\git_repo\Stellar-World-Model\experiments\exp08_menu_channel\mu_cache,C:\git_repo\Stellar-World-Model\experiments\exp08_menu_channel\subset_mu_cache
v1,hann0p3_fbwd_s5,hann0p3_fbwd,5,mean_std,linear,mu,rotation,detection,0.5347262885644782,2021,180.0,,,,,,,C:\git_repo\Stellar-World-Model\experiments\exp08_menu_channel\mu_cache,C:\git_repo\Stellar-World-Model\experiments\exp08_menu_channel\subset_mu_cache
v1,hann0p3_fbwd_s5,hann0p3_fbwd,5,mean_std,linear,mu,transit,detection,0.259450021494689,2021,122.0,,,,,,,C:\git_repo\Stellar-World-Model\experiments\exp08_menu_channel\mu_cache,C:\git_repo\Stellar-World-Model\experiments\exp08_menu_channel\subset_mu_cache
v1,hann0p3_fbwd_s5,hann0p3_fbwd,5,mean_std,linear,features_plus_mu,pulsating,detection,0.7971612763638835,2021,216.0,,,,,,,C:\git_repo\Stellar-World-Model\experiments\exp08_menu_channel\mu_cache,C:\git_repo\Stellar-World-Model\experiments\exp08_menu_channel\subset_mu_cache
v1,hann0p3_fbwd_s5,hann0p3_fbwd,5,mean_std,linear,features_plus_mu,eb,detection,0.7480638218121392,2021,196.0,,,,,,,C:\git_repo\Stellar-World-Model\experiments\exp08_menu_channel\mu_cache,C:\git_repo\Stellar-World-Model\experiments\exp08_menu_channel\subset_mu_cache
v1,hann0p3_fbwd_s5,hann0p3_fbwd,5,mean_std,linear,features_plus_mu,rotation,detection,0.5320767035831364,2021,180.0,,,,,,,C:\git_repo\Stellar-World-Model\experiments\exp08_menu_channel\mu_cache,C:\git_repo\Stellar-World-Model\experiments\exp08_menu_channel\subset_mu_cache
v1,hann0p3_fbwd_s5,hann0p3_fbwd,5,mean_std,linear,features_plus_mu,transit,detection,0.25468456432420356,2021,122.0,,,,,,,C:\git_repo\Stellar-World-Model\experiments\exp08_menu_channel\mu_cache,C:\git_repo\Stellar-World-Model\experiments\exp08_menu_channel\subset_mu_cache
v1,hann0p3_fbwd_s5,hann0p3_fbwd,5,mean_std,linear,mu_perp_full,pulsating,detection,0.3667564695880646,2021,216.0,,,,,,,C:\git_repo\Stellar-World-Model\experiments\exp08_menu_channel\mu_cache,C:\git_repo\Stellar-World-Model\experiments\exp08_menu_channel\subset_mu_cache
v1,hann0p3_fbwd_s5,hann0p3_fbwd,5,mean_std,linear,mu_perp_full,eb,detection,0.38331389083386647,2021,196.0,,,,,,,C:\git_repo\Stellar-World-Model\experiments\exp08_menu_channel\mu_cache,C:\git_repo\Stellar-World-Model\experiments\exp08_menu_channel\subset_mu_cache
v1,hann0p3_fbwd_s5,hann0p3_fbwd,5,mean_std,linear,mu_perp_full,rotation,detection,0.2888312587141446,2021,180.0,,,,,,,C:\git_repo\Stellar-World-Model\experiments\exp08_menu_channel\mu_cache,C:\git_repo\Stellar-World-Model\experiments\exp08_menu_channel\subset_mu_cache
v1,hann0p3_fbwd_s5,hann0p3_fbwd,5,mean_std,linear,mu_perp_full,transit,detection,0.1683498855723995,2021,122.0,,,,,,,C:\git_repo\Stellar-World-Model\experiments\exp08_menu_channel\mu_cache,C:\git_repo\Stellar-World-Model\experiments\exp08_menu_channel\subset_mu_cache
menu,hann0p3_fbwd_s5,hann0p3_fbwd,5,mean_std,linear,mu,osc_giant,detection,0.8917994349206775,3429,1313.0,mean,0.9517515696603833,,,,,C:\git_repo\Stellar-World-Model\experiments\exp08_menu_channel\mu_cache,C:\git_repo\Stellar-World-Model\experiments\exp08_menu_channel\subset_mu_cache
menu,hann0p3_fbwd_s5,hann0p3_fbwd,5,mean_std,linear,mu,solar_like_osc,detection,0.3620965634542811,3429,417.0,mean,0.820698023254703,,,,,C:\git_repo\Stellar-World-Model\experiments\exp08_menu_channel\mu_cache,C:\git_repo\Stellar-World-Model\experiments\exp08_menu_channel\subset_mu_cache
menu,hann0p3_fbwd_s5,hann0p3_fbwd,5,mean_std,linear,mu,flare,detection,0.5049181047459741,3429,304.0,mean,0.8784378947368421,,,,,C:\git_repo\Stellar-World-Model\experiments\exp08_menu_channel\mu_cache,C:\git_repo\Stellar-World-Model\experiments\exp08_menu_channel\subset_mu_cache
menu,hann0p3_fbwd_s5,hann0p3_fbwd,5,mean_std,linear,mu,rgb_vs_heb,contrastive,0.8505490805257279,161,113.0,mean,0.7234513274336283,,,,,C:\git_repo\Stellar-World-Model\experiments\exp08_menu_channel\mu_cache,C:\git_repo\Stellar-World-Model\experiments\exp08_menu_channel\subset_mu_cache
menu,hann0p3_fbwd_s5,hann0p3_fbwd,5,mean_std,linear,mu,numax_hon,regression,,1313,,mean,,0.8446785979278599,0.08182147767747243,0.8800190686075783,True,C:\git_repo\Stellar-World-Model\experiments\exp08_menu_channel\mu_cache,C:\git_repo\Stellar-World-Model\experiments\exp08_menu_channel\subset_mu_cache
menu,hann0p3_fbwd_s5,hann0p3_fbwd,5,mean_std,linear,mu,numax_hatt,regression,,417,,mean,,0.8483808589296647,0.16722542122978523,0.9136960940362988,True,C:\git_repo\Stellar-World-Model\experiments\exp08_menu_channel\mu_cache,C:\git_repo\Stellar-World-Model\experiments\exp08_menu_channel\subset_mu_cache
menu,hann0p3_fbwd_s5,hann0p3_fbwd,5,mean_std,linear,mu,dnu_hatt,regression,,417,,mean,,0.8398730159037949,0.1375863748551379,0.9118606548844392,True,C:\git_repo\Stellar-World-Model\experiments\exp08_menu_channel\mu_cache,C:\git_repo\Stellar-World-Model\experiments\exp08_menu_channel\subset_mu_cache
menu,hann0p3_fbwd_s5,hann0p3_fbwd,5,mean_std,linear,mu,prot_kounkel,regression,,138,,mean,,0.4824327083059252,1.0866440032439302,0.7910253351405933,False,C:\git_repo\Stellar-World-Model\experiments\exp08_menu_channel\mu_cache,C:\git_repo\Stellar-World-Model\experiments\exp08_menu_channel\subset_mu_cache
menu,hann0p3_fbwd_s5,hann0p3_fbwd,5,mean_std,linear,mu,rotation_period,regression,,150,,mean,,0.744399727935023,0.5497769293806163,0.800833814836215,False,C:\git_repo\Stellar-World-Model\experiments\exp08_menu_channel\mu_cache,C:\git_repo\Stellar-World-Model\experiments\exp08_menu_channel\subset_mu_cache
menu,hann0p3_fbwd_s5,hann0p3_fbwd,5,mean_std,linear,mu,ijspeert,detection,0.43191969841838884,2021,93.0,mean,0.8926237005309419,,,,,C:\git_repo\Stellar-World-Model\experiments\exp08_menu_channel\mu_cache,C:\git_repo\Stellar-World-Model\experiments\exp08_menu_channel\subset_mu_cache
menu,hann0p3_fbwd_s5,hann0p3_fbwd,5,mean_std,linear,mu,ijspeert_excl_villanova,detection,0.23149014946433663,1825,19.0,mean,0.6484816692895029,,,,,C:\git_repo\Stellar-World-Model\experiments\exp08_menu_channel\mu_cache,C:\git_repo\Stellar-World-Model\experiments\exp08_menu_channel\subset_mu_cache
menu,hann0p3_fbwd_s5,hann0p3_fbwd,5,mean_std,linear,features_plus_mu,osc_giant,detection,0.9150404692486168,3429,1313.0,mean,0.9626538886257392,,,,,C:\git_repo\Stellar-World-Model\experiments\exp08_menu_channel\mu_cache,C:\git_repo\Stellar-World-Model\experiments\exp08_menu_channel\subset_mu_cache
menu,hann0p3_fbwd_s5,hann0p3_fbwd,5,mean_std,linear,features_plus_mu,solar_like_osc,detection,0.3923850183342795,3429,417.0,mean,0.8360729742898908,,,,,C:\git_repo\Stellar-World-Model\experiments\exp08_menu_channel\mu_cache,C:\git_repo\Stellar-World-Model\experiments\exp08_menu_channel\subset_mu_cache
menu,hann0p3_fbwd_s5,hann0p3_fbwd,5,mean_std,linear,features_plus_mu,flare,detection,0.553076933119235,3429,304.0,mean,0.9003231578947368,,,,,C:\git_repo\Stellar-World-Model\experiments\exp08_menu_channel\mu_cache,C:\git_repo\Stellar-World-Model\experiments\exp08_menu_channel\subset_mu_cache
menu,hann0p3_fbwd_s5,hann0p3_fbwd,5,mean_std,linear,features_plus_mu,rgb_vs_heb,contrastive,0.8469000609950312,161,113.0,mean,0.7208702064896756,,,,,C:\git_repo\Stellar-World-Model\experiments\exp08_menu_channel\mu_cache,C:\git_repo\Stellar-World-Model\experiments\exp08_menu_channel\subset_mu_cache
menu,hann0p3_fbwd_s5,hann0p3_fbwd,5,mean_std,linear,features_plus_mu,numax_hon,regression,,1313,,mean,,0.8762753309364469,0.07302638758231123,0.900317962463292,True,C:\git_repo\Stellar-World-Model\experiments\exp08_menu_channel\mu_cache,C:\git_repo\Stellar-World-Model\experiments\exp08_menu_channel\subset_mu_cache
menu,hann0p3_fbwd_s5,hann0p3_fbwd,5,mean_std,linear,features_plus_mu,numax_hatt,regression,,417,,mean,,0.8845882495294007,0.1458983218645522,0.9349569540030095,True,C:\git_repo\Stellar-World-Model\experiments\exp08_menu_channel\mu_cache,C:\git_repo\Stellar-World-Model\experiments\exp08_menu_channel\subset_mu_cache
menu,hann0p3_fbwd_s5,hann0p3_fbwd,5,mean_std,linear,features_plus_mu,dnu_hatt,regression,,417,,mean,,0.8760354057128189,0.12105758271016398,0.9320233188595436,True,C:\git_repo\Stellar-World-Model\experiments\exp08_menu_channel\mu_cache,C:\git_repo\Stellar-World-Model\experiments\exp08_menu_channel\subset_mu_cache
menu,hann0p3_fbwd_s5,hann0p3_fbwd,5,mean_std,linear,features_plus_mu,prot_kounkel,regression,,138,,mean,,0.5251842946802372,1.040797916182373,0.8094984229043249,False,C:\git_repo\Stellar-World-Model\experiments\exp08_menu_channel\mu_cache,C:\git_repo\Stellar-World-Model\experiments\exp08_menu_channel\subset_mu_cache
menu,hann0p3_fbwd_s5,hann0p3_fbwd,5,mean_std,linear,features_plus_mu,rotation_period,regression,,150,,mean,,0.7661692207927439,0.5258437227390422,0.7842250766700741,False,C:\git_repo\Stellar-World-Model\experiments\exp08_menu_channel\mu_cache,C:\git_repo\Stellar-World-Model\experiments\exp08_menu_channel\subset_mu_cache
menu,hann0p3_fbwd_s5,hann0p3_fbwd,5,mean_std,linear,features_plus_mu,ijspeert,detection,0.4434284689221196,2021,93.0,mean,0.8828804711551332,,,,,C:\git_repo\Stellar-World-Model\experiments\exp08_menu_channel\mu_cache,C:\git_repo\Stellar-World-Model\experiments\exp08_menu_channel\subset_mu_cache
menu,hann0p3_fbwd_s5,hann0p3_fbwd,5,mean_std,linear,features_plus_mu,ijspeert_excl_villanova,detection,0.19480242262742578,1825,19.0,mean,0.6529404907617882,,,,,C:\git_repo\Stellar-World-Model\experiments\exp08_menu_channel\mu_cache,C:\git_repo\Stellar-World-Model\experiments\exp08_menu_channel\subset_mu_cache
menu,hann0p3_fbwd_s5,hann0p3_fbwd,5,mean_std,linear,mu_perp_full,osc_giant,detection,0.5610900579128275,3429,1313.0,mean,0.7332768721106515,,,,,C:\git_repo\Stellar-World-Model\experiments\exp08_menu_channel\mu_cache,C:\git_repo\Stellar-World-Model\experiments\exp08_menu_channel\subset_mu_cache
menu,hann0p3_fbwd_s5,hann0p3_fbwd,5,mean_std,linear,mu_perp_full,solar_like_osc,detection,0.2381852762717166,3429,417.0,mean,0.6873497218161726,,,,,C:\git_repo\Stellar-World-Model\experiments\exp08_menu_channel\mu_cache,C:\git_repo\Stellar-World-Model\experiments\exp08_menu_channel\subset_mu_cache
menu,hann0p3_fbwd_s5,hann0p3_fbwd,5,mean_std,linear,mu_perp_full,flare,detection,0.23157586238300049,3429,304.0,mean,0.67992,,,,,C:\git_repo\Stellar-World-Model\experiments\exp08_menu_channel\mu_cache,C:\git_repo\Stellar-World-Model\experiments\exp08_menu_channel\subset_mu_cache
menu,hann0p3_fbwd_s5,hann0p3_fbwd,5,mean_std,linear,mu_perp_full,rgb_vs_heb,contrastive,0.7803898262537113,161,113.0,mean,0.6259218289085546,,,,,C:\git_repo\Stellar-World-Model\experiments\exp08_menu_channel\mu_cache,C:\git_repo\Stellar-World-Model\experiments\exp08_menu_channel\subset_mu_cache
menu,hann0p3_fbwd_s5,hann0p3_fbwd,5,mean_std,linear,mu_perp_full,numax_hon,regression,,1313,,mean,,0.5464982421307585,0.1398109397249829,0.7420698228238084,True,C:\git_repo\Stellar-World-Model\experiments\exp08_menu_channel\mu_cache,C:\git_repo\Stellar-World-Model\experiments\exp08_menu_channel\subset_mu_cache
menu,hann0p3_fbwd_s5,hann0p3_fbwd,5,mean_std,linear,mu_perp_full,numax_hatt,regression,,417,,mean,,0.32580373751357317,0.35262934697613196,0.5690737572498006,True,C:\git_repo\Stellar-World-Model\experiments\exp08_menu_channel\mu_cache,C:\git_repo\Stellar-World-Model\experiments\exp08_menu_channel\subset_mu_cache
menu,hann0p3_fbwd_s5,hann0p3_fbwd,5,mean_std,linear,mu_perp_full,dnu_hatt,regression,,417,,mean,,0.3305901767370364,0.28131261414635966,0.5711203303222382,True,C:\git_repo\Stellar-World-Model\experiments\exp08_menu_channel\mu_cache,C:\git_repo\Stellar-World-Model\experiments\exp08_menu_channel\subset_mu_cache
menu,hann0p3_fbwd_s5,hann0p3_fbwd,5,mean_std,linear,mu_perp_full,prot_kounkel,regression,,138,,mean,,0.13026132539352853,1.408634326643298,0.41025963010471067,False,C:\git_repo\Stellar-World-Model\experiments\exp08_menu_channel\mu_cache,C:\git_repo\Stellar-World-Model\experiments\exp08_menu_channel\subset_mu_cache
menu,hann0p3_fbwd_s5,hann0p3_fbwd,5,mean_std,linear,mu_perp_full,rotation_period,regression,,150,,mean,,0.12547786416030426,1.0169304668889556,0.2917836348282146,False,C:\git_repo\Stellar-World-Model\experiments\exp08_menu_channel\mu_cache,C:\git_repo\Stellar-World-Model\experiments\exp08_menu_channel\subset_mu_cache
menu,hann0p3_fbwd_s5,hann0p3_fbwd,5,mean_std,linear,mu_perp_full,ijspeert,detection,0.22123066996777435,2021,93.0,mean,0.6608274215856869,,,,,C:\git_repo\Stellar-World-Model\experiments\exp08_menu_channel\mu_cache,C:\git_repo\Stellar-World-Model\experiments\exp08_menu_channel\subset_mu_cache
menu,hann0p3_fbwd_s5,hann0p3_fbwd,5,mean_std,linear,mu_perp_full,ijspeert_excl_villanova,detection,0.12010614219274977,1825,19.0,mean,0.5793262225330769,,,,,C:\git_repo\Stellar-World-Model\experiments\exp08_menu_channel\mu_cache,C:\git_repo\Stellar-World-Model\experiments\exp08_menu_channel\subset_mu_cache
v1,hann0p3_fbwd_s5,hann0p3_fbwd,5,mean_perp_amp,linear,mu,pulsating,detection,0.7811053747999466,2021,216.0,,,,,,,C:\git_repo\Stellar-World-Model\experiments\exp08_menu_channel\mu_cache,C:\git_repo\Stellar-World-Model\experiments\exp08_menu_channel\subset_mu_cache
v1,hann0p3_fbwd_s5,hann0p3_fbwd,5,mean_perp_amp,linear,mu,eb,detection,0.5889555430130217,2021,196.0,,,,,,,C:\git_repo\Stellar-World-Model\experiments\exp08_menu_channel\mu_cache,C:\git_repo\Stellar-World-Model\experiments\exp08_menu_channel\subset_mu_cache
v1,hann0p3_fbwd_s5,hann0p3_fbwd,5,mean_perp_amp,linear,mu,rotation,detection,0.4436471405734233,2021,180.0,,,,,,,C:\git_repo\Stellar-World-Model\experiments\exp08_menu_channel\mu_cache,C:\git_repo\Stellar-World-Model\experiments\exp08_menu_channel\subset_mu_cache
v1,hann0p3_fbwd_s5,hann0p3_fbwd,5,mean_perp_amp,linear,mu,transit,detection,0.18886738046702495,2021,122.0,,,,,,,C:\git_repo\Stellar-World-Model\experiments\exp08_menu_channel\mu_cache,C:\git_repo\Stellar-World-Model\experiments\exp08_menu_channel\subset_mu_cache
menu,hann0p3_fbwd_s5,hann0p3_fbwd,5,mean_perp_amp,linear,mu,osc_giant,detection,0.8419820589595076,3429,1313.0,mean,0.9341703655606217,,,,,C:\git_repo\Stellar-World-Model\experiments\exp08_menu_channel\mu_cache,C:\git_repo\Stellar-World-Model\experiments\exp08_menu_channel\subset_mu_cache
menu,hann0p3_fbwd_s5,hann0p3_fbwd,5,mean_perp_amp,linear,mu,solar_like_osc,detection,0.3356264831045089,3429,417.0,mean,0.8091120728914876,,,,,C:\git_repo\Stellar-World-Model\experiments\exp08_menu_channel\mu_cache,C:\git_repo\Stellar-World-Model\experiments\exp08_menu_channel\subset_mu_cache
menu,hann0p3_fbwd_s5,hann0p3_fbwd,5,mean_perp_amp,linear,mu,flare,detection,0.40919741372810464,3429,304.0,mean,0.8220010526315791,,,,,C:\git_repo\Stellar-World-Model\experiments\exp08_menu_channel\mu_cache,C:\git_repo\Stellar-World-Model\experiments\exp08_menu_channel\subset_mu_cache
menu,hann0p3_fbwd_s5,hann0p3_fbwd,5,mean_perp_amp,linear,mu,rgb_vs_heb,contrastive,0.8328086058515713,161,113.0,mean,0.6714601769911505,,,,,C:\git_repo\Stellar-World-Model\experiments\exp08_menu_channel\mu_cache,C:\git_repo\Stellar-World-Model\experiments\exp08_menu_channel\subset_mu_cache
menu,hann0p3_fbwd_s5,hann0p3_fbwd,5,mean_perp_amp,linear,mu,numax_hon,regression,,1313,,mean,,0.7666050226177222,0.10029918874651404,0.8417373570902655,True,C:\git_repo\Stellar-World-Model\experiments\exp08_menu_channel\mu_cache,C:\git_repo\Stellar-World-Model\experiments\exp08_menu_channel\subset_mu_cache
menu,hann0p3_fbwd_s5,hann0p3_fbwd,5,mean_perp_amp,linear,mu,numax_hatt,regression,,417,,mean,,0.7989437369844246,0.19256798483226092,0.8694804029917371,True,C:\git_repo\Stellar-World-Model\experiments\exp08_menu_channel\mu_cache,C:\git_repo\Stellar-World-Model\experiments\exp08_menu_channel\subset_mu_cache
menu,hann0p3_fbwd_s5,hann0p3_fbwd,5,mean_perp_amp,linear,mu,dnu_hatt,regression,,417,,mean,,0.7951324936025213,0.15562512261164674,0.8706424135683307,True,C:\git_repo\Stellar-World-Model\experiments\exp08_menu_channel\mu_cache,C:\git_repo\Stellar-World-Model\experiments\exp08_menu_channel\subset_mu_cache
menu,hann0p3_fbwd_s5,hann0p3_fbwd,5,mean_perp_amp,linear,mu,prot_kounkel,regression,,138,,mean,,0.36426040302185714,1.2043244610475945,0.7549558949612043,False,C:\git_repo\Stellar-World-Model\experiments\exp08_menu_channel\mu_cache,C:\git_repo\Stellar-World-Model\experiments\exp08_menu_channel\subset_mu_cache
menu,hann0p3_fbwd_s5,hann0p3_fbwd,5,mean_perp_amp,linear,mu,rotation_period,regression,,150,,mean,,0.6562792021242838,0.6375419421142884,0.7916174052180097,False,C:\git_repo\Stellar-World-Model\experiments\exp08_menu_channel\mu_cache,C:\git_repo\Stellar-World-Model\experiments\exp08_menu_channel\subset_mu_cache
menu,hann0p3_fbwd_s5,hann0p3_fbwd,5,mean_perp_amp,linear,mu,ijspeert,detection,0.313342040754456,2021,93.0,mean,0.8013931646812117,,,,,C:\git_repo\Stellar-World-Model\experiments\exp08_menu_channel\mu_cache,C:\git_repo\Stellar-World-Model\experiments\exp08_menu_channel\subset_mu_cache
menu,hann0p3_fbwd_s5,hann0p3_fbwd,5,mean_perp_amp,linear,mu,ijspeert_excl_villanova,detection,0.37988780114128995,1825,19.0,mean,0.7920090924986886,,,,,C:\git_repo\Stellar-World-Model\experiments\exp08_menu_channel\mu_cache,C:\git_repo\Stellar-World-Model\experiments\exp08_menu_channel\subset_mu_cache
v1,hann0p3_off_s0,hann0p3_off,0,mean,linear,mu,pulsating,detection,0.8237050206366132,2021,216.0,,,,,,,C:\git_repo\Stellar-World-Model\experiments\exp08_menu_channel\mu_cache,C:\git_repo\Stellar-World-Model\experiments\exp08_menu_channel\subset_mu_cache
v1,hann0p3_off_s0,hann0p3_off,0,mean,linear,mu,eb,detection,0.7460167928314166,2021,196.0,,,,,,,C:\git_repo\Stellar-World-Model\experiments\exp08_menu_channel\mu_cache,C:\git_repo\Stellar-World-Model\experiments\exp08_menu_channel\subset_mu_cache
v1,hann0p3_off_s0,hann0p3_off,0,mean,linear,mu,rotation,detection,0.49838445699997475,2021,180.0,,,,,,,C:\git_repo\Stellar-World-Model\experiments\exp08_menu_channel\mu_cache,C:\git_repo\Stellar-World-Model\experiments\exp08_menu_channel\subset_mu_cache
v1,hann0p3_off_s0,hann0p3_off,0,mean,linear,mu,transit,detection,0.15597258967106412,2021,122.0,,,,,,,C:\git_repo\Stellar-World-Model\experiments\exp08_menu_channel\mu_cache,C:\git_repo\Stellar-World-Model\experiments\exp08_menu_channel\subset_mu_cache
v1,hann0p3_off_s0,hann0p3_off,0,mean,linear,features_plus_mu,pulsating,detection,0.8470515866674345,2021,216.0,,,,,,,C:\git_repo\Stellar-World-Model\experiments\exp08_menu_channel\mu_cache,C:\git_repo\Stellar-World-Model\experiments\exp08_menu_channel\subset_mu_cache
v1,hann0p3_off_s0,hann0p3_off,0,mean,linear,features_plus_mu,eb,detection,0.760190796183185,2021,196.0,,,,,,,C:\git_repo\Stellar-World-Model\experiments\exp08_menu_channel\mu_cache,C:\git_repo\Stellar-World-Model\experiments\exp08_menu_channel\subset_mu_cache
v1,hann0p3_off_s0,hann0p3_off,0,mean,linear,features_plus_mu,rotation,detection,0.5170576787899727,2021,180.0,,,,,,,C:\git_repo\Stellar-World-Model\experiments\exp08_menu_channel\mu_cache,C:\git_repo\Stellar-World-Model\experiments\exp08_menu_channel\subset_mu_cache
v1,hann0p3_off_s0,hann0p3_off,0,mean,linear,features_plus_mu,transit,detection,0.2269021468051005,2021,122.0,,,,,,,C:\git_repo\Stellar-World-Model\experiments\exp08_menu_channel\mu_cache,C:\git_repo\Stellar-World-Model\experiments\exp08_menu_channel\subset_mu_cache
v1,hann0p3_off_s0,hann0p3_off,0,mean,linear,mu_perp_full,pulsating,detection,0.3064009319411634,2021,216.0,,,,,,,C:\git_repo\Stellar-World-Model\experiments\exp08_menu_channel\mu_cache,C:\git_repo\Stellar-World-Model\experiments\exp08_menu_channel\subset_mu_cache
v1,hann0p3_off_s0,hann0p3_off,0,mean,linear,mu_perp_full,eb,detection,0.2263985775358609,2021,196.0,,,,,,,C:\git_repo\Stellar-World-Model\experiments\exp08_menu_channel\mu_cache,C:\git_repo\Stellar-World-Model\experiments\exp08_menu_channel\subset_mu_cache
v1,hann0p3_off_s0,hann0p3_off,0,mean,linear,mu_perp_full,rotation,detection,0.16214430469753172,2021,180.0,,,,,,,C:\git_repo\Stellar-World-Model\experiments\exp08_menu_channel\mu_cache,C:\git_repo\Stellar-World-Model\experiments\exp08_menu_channel\subset_mu_cache
v1,hann0p3_off_s0,hann0p3_off,0,mean,linear,mu_perp_full,transit,detection,0.12091887682432102,2021,122.0,,,,,,,C:\git_repo\Stellar-World-Model\experiments\exp08_menu_channel\mu_cache,C:\git_repo\Stellar-World-Model\experiments\exp08_menu_channel\subset_mu_cache
menu,hann0p3_off_s0,hann0p3_off,0,mean,linear,mu,osc_giant,detection,0.802890117404152,3429,1313.0,mean,0.9157336047695216,,,,,C:\git_repo\Stellar-World-Model\experiments\exp08_menu_channel\mu_cache,C:\git_repo\Stellar-World-Model\experiments\exp08_menu_channel\subset_mu_cache
menu,hann0p3_off_s0,hann0p3_off,0,mean,linear,mu,solar_like_osc,detection,0.28686061909307886,3429,417.0,mean,0.7851511619389748,,,,,C:\git_repo\Stellar-World-Model\experiments\exp08_menu_channel\mu_cache,C:\git_repo\Stellar-World-Model\experiments\exp08_menu_channel\subset_mu_cache
menu,hann0p3_off_s0,hann0p3_off,0,mean,linear,mu,flare,detection,0.4421486379847741,3429,304.0,mean,0.8606873684210526,,,,,C:\git_repo\Stellar-World-Model\experiments\exp08_menu_channel\mu_cache,C:\git_repo\Stellar-World-Model\experiments\exp08_menu_channel\subset_mu_cache
menu,hann0p3_off_s0,hann0p3_off,0,mean,linear,mu,rgb_vs_heb,contrastive,0.8142435220117079,161,113.0,mean,0.618547197640118,,,,,C:\git_repo\Stellar-World-Model\experiments\exp08_menu_channel\mu_cache,C:\git_repo\Stellar-World-Model\experiments\exp08_menu_channel\subset_mu_cache
menu,hann0p3_off_s0,hann0p3_off,0,mean,linear,mu,numax_hon,regression,,1313,,mean,,0.7591345403697164,0.10189172867550281,0.8299477433038743,True,C:\git_repo\Stellar-World-Model\experiments\exp08_menu_channel\mu_cache,C:\git_repo\Stellar-World-Model\experiments\exp08_menu_channel\subset_mu_cache
menu,hann0p3_off_s0,hann0p3_off,0,mean,linear,mu,numax_hatt,regression,,417,,mean,,0.777967185278607,0.20236428405190826,0.880371647597128,True,C:\git_repo\Stellar-World-Model\experiments\exp08_menu_channel\mu_cache,C:\git_repo\Stellar-World-Model\experiments\exp08_menu_channel\subset_mu_cache
menu,hann0p3_off_s0,hann0p3_off,0,mean,linear,mu,dnu_hatt,regression,,417,,mean,,0.7724485544702682,0.16401477227731656,0.8817829372471253,True,C:\git_repo\Stellar-World-Model\experiments\exp08_menu_channel\mu_cache,C:\git_repo\Stellar-World-Model\experiments\exp08_menu_channel\subset_mu_cache
menu,hann0p3_off_s0,hann0p3_off,0,mean,linear,mu,prot_kounkel,regression,,138,,mean,,0.25722760768633524,1.301762488941269,0.689314902104043,False,C:\git_repo\Stellar-World-Model\experiments\exp08_menu_channel\mu_cache,C:\git_repo\Stellar-World-Model\experiments\exp08_menu_channel\subset_mu_cache
menu,hann0p3_off_s0,hann0p3_off,0,mean,linear,mu,rotation_period,regression,,150,,mean,,0.5432786696884042,0.7349055089911052,0.8035894928663496,False,C:\git_repo\Stellar-World-Model\experiments\exp08_menu_channel\mu_cache,C:\git_repo\Stellar-World-Model\experiments\exp08_menu_channel\subset_mu_cache
menu,hann0p3_off_s0,hann0p3_off,0,mean,linear,mu,ijspeert,detection,0.384713560634115,2021,93.0,mean,0.8433888814527284,,,,,C:\git_repo\Stellar-World-Model\experiments\exp08_menu_channel\mu_cache,C:\git_repo\Stellar-World-Model\experiments\exp08_menu_channel\subset_mu_cache
menu,hann0p3_off_s0,hann0p3_off,0,mean,linear,mu,ijspeert_excl_villanova,detection,0.12786470530090227,1825,19.0,mean,0.6853179460278603,,,,,C:\git_repo\Stellar-World-Model\experiments\exp08_menu_channel\mu_cache,C:\git_repo\Stellar-World-Model\experiments\exp08_menu_channel\subset_mu_cache
menu,hann0p3_off_s0,hann0p3_off,0,mean,linear,features_plus_mu,osc_giant,detection,0.915292004286311,3429,1313.0,mean,0.9613516571956745,,,,,C:\git_repo\Stellar-World-Model\experiments\exp08_menu_channel\mu_cache,C:\git_repo\Stellar-World-Model\experiments\exp08_menu_channel\subset_mu_cache
menu,hann0p3_off_s0,hann0p3_off,0,mean,linear,features_plus_mu,solar_like_osc,detection,0.3391251481313662,3429,417.0,mean,0.8215475428422203,,,,,C:\git_repo\Stellar-World-Model\experiments\exp08_menu_channel\mu_cache,C:\git_repo\Stellar-World-Model\experiments\exp08_menu_channel\subset_mu_cache
menu,hann0p3_off_s0,hann0p3_off,0,mean,linear,features_plus_mu,flare,detection,0.5164716331033035,3429,304.0,mean,0.8972484210526316,,,,,C:\git_repo\Stellar-World-Model\experiments\exp08_menu_channel\mu_cache,C:\git_repo\Stellar-World-Model\experiments\exp08_menu_channel\subset_mu_cache
menu,hann0p3_off_s0,hann0p3_off,0,mean,linear,features_plus_mu,rgb_vs_heb,contrastive,0.8388019209745878,161,113.0,mean,0.683075221238938,,,,,C:\git_repo\Stellar-World-Model\experiments\exp08_menu_channel\mu_cache,C:\git_repo\Stellar-World-Model\experiments\exp08_menu_channel\subset_mu_cache
menu,hann0p3_off_s0,hann0p3_off,0,mean,linear,features_plus_mu,numax_hon,regression,,1313,,mean,,0.8419287354008794,0.0825425974723778,0.8896513299727214,True,C:\git_repo\Stellar-World-Model\experiments\exp08_menu_channel\mu_cache,C:\git_repo\Stellar-World-Model\experiments\exp08_menu_channel\subset_mu_cache
menu,hann0p3_off_s0,hann0p3_off,0,mean,linear,features_plus_mu,numax_hatt,regression,,417,,mean,,0.8501477374482418,0.16624819350743406,0.9213697699304415,True,C:\git_repo\Stellar-World-Model\experiments\exp08_menu_channel\mu_cache,C:\git_repo\Stellar-World-Model\experiments\exp08_menu_channel\subset_mu_cache
menu,hann0p3_off_s0,hann0p3_off,0,mean,linear,features_plus_mu,dnu_hatt,regression,,417,,mean,,0.8516786102867981,0.13241740080041453,0.9213772032394322,True,C:\git_repo\Stellar-World-Model\experiments\exp08_menu_channel\mu_cache,C:\git_repo\Stellar-World-Model\experiments\exp08_menu_channel\subset_mu_cache
menu,hann0p3_off_s0,hann0p3_off,0,mean,linear,features_plus_mu,prot_kounkel,regression,,138,,mean,,0.5119160112084651,1.0552397852730064,0.8011899855823351,False,C:\git_repo\Stellar-World-Model\experiments\exp08_menu_channel\mu_cache,C:\git_repo\Stellar-World-Model\experiments\exp08_menu_channel\subset_mu_cache
menu,hann0p3_off_s0,hann0p3_off,0,mean,linear,features_plus_mu,rotation_period,regression,,150,,mean,,0.7255870901247735,0.5696500305359707,0.7644481976976754,False,C:\git_repo\Stellar-World-Model\experiments\exp08_menu_channel\mu_cache,C:\git_repo\Stellar-World-Model\experiments\exp08_menu_channel\subset_mu_cache
menu,hann0p3_off_s0,hann0p3_off,0,mean,linear,features_plus_mu,ijspeert,detection,0.41521663356134103,2021,93.0,mean,0.8634888234506759,,,,,C:\git_repo\Stellar-World-Model\experiments\exp08_menu_channel\mu_cache,C:\git_repo\Stellar-World-Model\experiments\exp08_menu_channel\subset_mu_cache
menu,hann0p3_off_s0,hann0p3_off,0,mean,linear,features_plus_mu,ijspeert_excl_villanova,detection,0.27989007712245234,1825,19.0,mean,0.7612636241767208,,,,,C:\git_repo\Stellar-World-Model\experiments\exp08_menu_channel\mu_cache,C:\git_repo\Stellar-World-Model\experiments\exp08_menu_channel\subset_mu_cache
menu,hann0p3_off_s0,hann0p3_off,0,mean,linear,mu_perp_full,osc_giant,detection,0.4793312827272186,3429,1313.0,mean,0.6525748765075723,,,,,C:\git_repo\Stellar-World-Model\experiments\exp08_menu_channel\mu_cache,C:\git_repo\Stellar-World-Model\experiments\exp08_menu_channel\subset_mu_cache
menu,hann0p3_off_s0,hann0p3_off,0,mean,linear,mu_perp_full,solar_like_osc,detection,0.17957742859640358,3429,417.0,mean,0.6384876162814768,,,,,C:\git_repo\Stellar-World-Model\experiments\exp08_menu_channel\mu_cache,C:\git_repo\Stellar-World-Model\experiments\exp08_menu_channel\subset_mu_cache
menu,hann0p3_off_s0,hann0p3_off,0,mean,linear,mu_perp_full,flare,detection,0.1795977158187082,3429,304.0,mean,0.6292705263157895,,,,,C:\git_repo\Stellar-World-Model\experiments\exp08_menu_channel\mu_cache,C:\git_repo\Stellar-World-Model\experiments\exp08_menu_channel\subset_mu_cache
menu,hann0p3_off_s0,hann0p3_off,0,mean,linear,mu_perp_full,rgb_vs_heb,contrastive,0.7177998615285276,161,113.0,mean,0.5031342182890856,,,,,C:\git_repo\Stellar-World-Model\experiments\exp08_menu_channel\mu_cache,C:\git_repo\Stellar-World-Model\experiments\exp08_menu_channel\subset_mu_cache
menu,hann0p3_off_s0,hann0p3_off,0,mean,linear,mu_perp_full,numax_hon,regression,,1313,,mean,,0.19521043787356585,0.18624852195219208,0.4283475224496293,True,C:\git_repo\Stellar-World-Model\experiments\exp08_menu_channel\mu_cache,C:\git_repo\Stellar-World-Model\experiments\exp08_menu_channel\subset_mu_cache
menu,hann0p3_off_s0,hann0p3_off,0,mean,linear,mu_perp_full,numax_hatt,regression,,417,,mean,,0.17952790617136694,0.38900679702208907,0.3621188440881501,True,C:\git_repo\Stellar-World-Model\experiments\exp08_menu_channel\mu_cache,C:\git_repo\Stellar-World-Model\experiments\exp08_menu_channel\subset_mu_cache
menu,hann0p3_off_s0,hann0p3_off,0,mean,linear,mu_perp_full,dnu_hatt,regression,,417,,mean,,0.1856119488991469,0.31028362915717334,0.3690190588348572,True,C:\git_repo\Stellar-World-Model\experiments\exp08_menu_channel\mu_cache,C:\git_repo\Stellar-World-Model\experiments\exp08_menu_channel\subset_mu_cache
menu,hann0p3_off_s0,hann0p3_off,0,mean,linear,mu_perp_full,prot_kounkel,regression,,138,,mean,,0.02609260100556554,1.4906054641850313,0.2437392762596953,False,C:\git_repo\Stellar-World-Model\experiments\exp08_menu_channel\mu_cache,C:\git_repo\Stellar-World-Model\experiments\exp08_menu_channel\subset_mu_cache
menu,hann0p3_off_s0,hann0p3_off,0,mean,linear,mu_perp_full,rotation_period,regression,,150,,mean,,0.06377328788869385,1.0521953290061867,0.20566425174452202,False,C:\git_repo\Stellar-World-Model\experiments\exp08_menu_channel\mu_cache,C:\git_repo\Stellar-World-Model\experiments\exp08_menu_channel\subset_mu_cache
menu,hann0p3_off_s0,hann0p3_off,0,mean,linear,mu_perp_full,ijspeert,detection,0.13047686642769996,2021,93.0,mean,0.6373310132512382,,,,,C:\git_repo\Stellar-World-Model\experiments\exp08_menu_channel\mu_cache,C:\git_repo\Stellar-World-Model\experiments\exp08_menu_channel\subset_mu_cache
menu,hann0p3_off_s0,hann0p3_off,0,mean,linear,mu_perp_full,ijspeert_excl_villanova,detection,0.17910888718161144,1825,19.0,mean,0.6920790347962931,,,,,C:\git_repo\Stellar-World-Model\experiments\exp08_menu_channel\mu_cache,C:\git_repo\Stellar-World-Model\experiments\exp08_menu_channel\subset_mu_cache
v1,hann0p3_off_s0,hann0p3_off,0,mean_std,linear,mu,pulsating,detection,0.8206321729249632,2021,216.0,,,,,,,C:\git_repo\Stellar-World-Model\experiments\exp08_menu_channel\mu_cache,C:\git_repo\Stellar-World-Model\experiments\exp08_menu_channel\subset_mu_cache
v1,hann0p3_off_s0,hann0p3_off,0,mean_std,linear,mu,eb,detection,0.7536002388949886,2021,196.0,,,,,,,C:\git_repo\Stellar-World-Model\experiments\exp08_menu_channel\mu_cache,C:\git_repo\Stellar-World-Model\experiments\exp08_menu_channel\subset_mu_cache
v1,hann0p3_off_s0,hann0p3_off,0,mean_std,linear,mu,rotation,detection,0.4938489669028857,2021,180.0,,,,,,,C:\git_repo\Stellar-World-Model\experiments\exp08_menu_channel\mu_cache,C:\git_repo\Stellar-World-Model\experiments\exp08_menu_channel\subset_mu_cache
v1,hann0p3_off_s0,hann0p3_off,0,mean_std,linear,mu,transit,detection,0.25057035737647265,2021,122.0,,,,,,,C:\git_repo\Stellar-World-Model\experiments\exp08_menu_channel\mu_cache,C:\git_repo\Stellar-World-Model\experiments\exp08_menu_channel\subset_mu_cache
v1,hann0p3_off_s0,hann0p3_off,0,mean_std,linear,features_plus_mu,pulsating,detection,0.8535313305467724,2021,216.0,,,,,,,C:\git_repo\Stellar-World-Model\experiments\exp08_menu_channel\mu_cache,C:\git_repo\Stellar-World-Model\experiments\exp08_menu_channel\subset_mu_cache
v1,hann0p3_off_s0,hann0p3_off,0,mean_std,linear,features_plus_mu,eb,detection,0.7514061095270829,2021,196.0,,,,,,,C:\git_repo\Stellar-World-Model\experiments\exp08_menu_channel\mu_cache,C:\git_repo\Stellar-World-Model\experiments\exp08_menu_channel\subset_mu_cache
v1,hann0p3_off_s0,hann0p3_off,0,mean_std,linear,features_plus_mu,rotation,detection,0.4922184990704031,2021,180.0,,,,,,,C:\git_repo\Stellar-World-Model\experiments\exp08_menu_channel\mu_cache,C:\git_repo\Stellar-World-Model\experiments\exp08_menu_channel\subset_mu_cache
v1,hann0p3_off_s0,hann0p3_off,0,mean_std,linear,features_plus_mu,transit,detection,0.2566858354363401,2021,122.0,,,,,,,C:\git_repo\Stellar-World-Model\experiments\exp08_menu_channel\mu_cache,C:\git_repo\Stellar-World-Model\experiments\exp08_menu_channel\subset_mu_cache
v1,hann0p3_off_s0,hann0p3_off,0,mean_std,linear,mu_perp_full,pulsating,detection,0.3391282507791566,2021,216.0,,,,,,,C:\git_repo\Stellar-World-Model\experiments\exp08_menu_channel\mu_cache,C:\git_repo\Stellar-World-Model\experiments\exp08_menu_channel\subset_mu_cache
v1,hann0p3_off_s0,hann0p3_off,0,mean_std,linear,mu_perp_full,eb,detection,0.3866502667262031,2021,196.0,,,,,,,C:\git_repo\Stellar-World-Model\experiments\exp08_menu_channel\mu_cache,C:\git_repo\Stellar-World-Model\experiments\exp08_menu_channel\subset_mu_cache
v1,hann0p3_off_s0,hann0p3_off,0,mean_std,linear,mu_perp_full,rotation,detection,0.18851387717731413,2021,180.0,,,,,,,C:\git_repo\Stellar-World-Model\experiments\exp08_menu_channel\mu_cache,C:\git_repo\Stellar-World-Model\experiments\exp08_menu_channel\subset_mu_cache
v1,hann0p3_off_s0,hann0p3_off,0,mean_std,linear,mu_perp_full,transit,detection,0.16340569243675435,2021,122.0,,,,,,,C:\git_repo\Stellar-World-Model\experiments\exp08_menu_channel\mu_cache,C:\git_repo\Stellar-World-Model\experiments\exp08_menu_channel\subset_mu_cache
menu,hann0p3_off_s0,hann0p3_off,0,mean_std,linear,mu,osc_giant,detection,0.8596320589028071,3429,1313.0,mean,0.9396132466234847,,,,,C:\git_repo\Stellar-World-Model\experiments\exp08_menu_channel\mu_cache,C:\git_repo\Stellar-World-Model\experiments\exp08_menu_channel\subset_mu_cache
menu,hann0p3_off_s0,hann0p3_off,0,mean_std,linear,mu,solar_like_osc,detection,0.28839436460458373,3429,417.0,mean,0.7845484568520483,,,,,C:\git_repo\Stellar-World-Model\experiments\exp08_menu_channel\mu_cache,C:\git_repo\Stellar-World-Model\experiments\exp08_menu_channel\subset_mu_cache
menu,hann0p3_off_s0,hann0p3_off,0,mean_std,linear,mu,flare,detection,0.44253578252245634,3429,304.0,mean,0.8620105263157893,,,,,C:\git_repo\Stellar-World-Model\experiments\exp08_menu_channel\mu_cache,C:\git_repo\Stellar-World-Model\experiments\exp08_menu_channel\subset_mu_cache
menu,hann0p3_off_s0,hann0p3_off,0,mean_std,linear,mu,rgb_vs_heb,contrastive,0.8245057647065501,161,113.0,mean,0.7136799410029497,,,,,C:\git_repo\Stellar-World-Model\experiments\exp08_menu_channel\mu_cache,C:\git_repo\Stellar-World-Model\experiments\exp08_menu_channel\subset_mu_cache
menu,hann0p3_off_s0,hann0p3_off,0,mean_std,linear,mu,numax_hon,regression,,1313,,mean,,0.7887570516301742,0.09542073941587235,0.8540456090216605,True,C:\git_repo\Stellar-World-Model\experiments\exp08_menu_channel\mu_cache,C:\git_repo\Stellar-World-Model\experiments\exp08_menu_channel\subset_mu_cache
menu,hann0p3_off_s0,hann0p3_off,0,mean_std,linear,mu,numax_hatt,regression,,417,,mean,,0.8005426228060639,0.19180076477919958,0.892603621682482,True,C:\git_repo\Stellar-World-Model\experiments\exp08_menu_channel\mu_cache,C:\git_repo\Stellar-World-Model\experiments\exp08_menu_channel\subset_mu_cache
menu,hann0p3_off_s0,hann0p3_off,0,mean_std,linear,mu,dnu_hatt,regression,,417,,mean,,0.7944842215906652,0.15587115412835237,0.8905602317784739,True,C:\git_repo\Stellar-World-Model\experiments\exp08_menu_channel\mu_cache,C:\git_repo\Stellar-World-Model\experiments\exp08_menu_channel\subset_mu_cache
menu,hann0p3_off_s0,hann0p3_off,0,mean_std,linear,mu,prot_kounkel,regression,,138,,mean,,0.48219458747308863,1.0868939444829877,0.8085280777925237,False,C:\git_repo\Stellar-World-Model\experiments\exp08_menu_channel\mu_cache,C:\git_repo\Stellar-World-Model\experiments\exp08_menu_channel\subset_mu_cache
menu,hann0p3_off_s0,hann0p3_off,0,mean_std,linear,mu,rotation_period,regression,,150,,mean,,0.6683703150729381,0.6262281047556473,0.8120023112138318,False,C:\git_repo\Stellar-World-Model\experiments\exp08_menu_channel\mu_cache,C:\git_repo\Stellar-World-Model\experiments\exp08_menu_channel\subset_mu_cache
menu,hann0p3_off_s0,hann0p3_off,0,mean_std,linear,mu,ijspeert,detection,0.38138336473242745,2021,93.0,mean,0.8459376254852096,,,,,C:\git_repo\Stellar-World-Model\experiments\exp08_menu_channel\mu_cache,C:\git_repo\Stellar-World-Model\experiments\exp08_menu_channel\subset_mu_cache
menu,hann0p3_off_s0,hann0p3_off,0,mean_std,linear,mu,ijspeert_excl_villanova,detection,0.2689291589007407,1825,19.0,mean,0.6535524858658273,,,,,C:\git_repo\Stellar-World-Model\experiments\exp08_menu_channel\mu_cache,C:\git_repo\Stellar-World-Model\experiments\exp08_menu_channel\subset_mu_cache
menu,hann0p3_off_s0,hann0p3_off,0,mean_std,linear,features_plus_mu,osc_giant,detection,0.9123454475464152,3429,1313.0,mean,0.9609096615638006,,,,,C:\git_repo\Stellar-World-Model\experiments\exp08_menu_channel\mu_cache,C:\git_repo\Stellar-World-Model\experiments\exp08_menu_channel\subset_mu_cache
menu,hann0p3_off_s0,hann0p3_off,0,mean_std,linear,features_plus_mu,solar_like_osc,detection,0.3447948658474995,3429,417.0,mean,0.8203596485361512,,,,,C:\git_repo\Stellar-World-Model\experiments\exp08_menu_channel\mu_cache,C:\git_repo\Stellar-World-Model\experiments\exp08_menu_channel\subset_mu_cache
menu,hann0p3_off_s0,hann0p3_off,0,mean_std,linear,features_plus_mu,flare,detection,0.5149253137161723,3429,304.0,mean,0.89344,,,,,C:\git_repo\Stellar-World-Model\experiments\exp08_menu_channel\mu_cache,C:\git_repo\Stellar-World-Model\experiments\exp08_menu_channel\subset_mu_cache
menu,hann0p3_off_s0,hann0p3_off,0,mean_std,linear,features_plus_mu,rgb_vs_heb,contrastive,0.8366335321755166,161,113.0,mean,0.7158923303834809,,,,,C:\git_repo\Stellar-World-Model\experiments\exp08_menu_channel\mu_cache,C:\git_repo\Stellar-World-Model\experiments\exp08_menu_channel\subset_mu_cache
menu,hann0p3_off_s0,hann0p3_off,0,mean_std,linear,features_plus_mu,numax_hon,regression,,1313,,mean,,0.8502963566491254,0.08032816614746757,0.8849646951458234,True,C:\git_repo\Stellar-World-Model\experiments\exp08_menu_channel\mu_cache,C:\git_repo\Stellar-World-Model\experiments\exp08_menu_channel\subset_mu_cache
menu,hann0p3_off_s0,hann0p3_off,0,mean_std,linear,features_plus_mu,numax_hatt,regression,,417,,mean,,0.8567397820240781,0.1625504164140227,0.9191669951673673,True,C:\git_repo\Stellar-World-Model\experiments\exp08_menu_channel\mu_cache,C:\git_repo\Stellar-World-Model\experiments\exp08_menu_channel\subset_mu_cache
menu,hann0p3_off_s0,hann0p3_off,0,mean_std,linear,features_plus_mu,dnu_hatt,regression,,417,,mean,,0.8481869237482917,0.133966976614229,0.9149213510656322,True,C:\git_repo\Stellar-World-Model\experiments\exp08_menu_channel\mu_cache,C:\git_repo\Stellar-World-Model\experiments\exp08_menu_channel\subset_mu_cache
menu,hann0p3_off_s0,hann0p3_off,0,mean_std,linear,features_plus_mu,prot_kounkel,regression,,138,,mean,,0.5313133103356371,1.0340586843504764,0.8219119908404777,False,C:\git_repo\Stellar-World-Model\experiments\exp08_menu_channel\mu_cache,C:\git_repo\Stellar-World-Model\experiments\exp08_menu_channel\subset_mu_cache
menu,hann0p3_off_s0,hann0p3_off,0,mean_std,linear,features_plus_mu,rotation_period,regression,,150,,mean,,0.7406221235514807,0.553824699608326,0.8151277834570426,False,C:\git_repo\Stellar-World-Model\experiments\exp08_menu_channel\mu_cache,C:\git_repo\Stellar-World-Model\experiments\exp08_menu_channel\subset_mu_cache
menu,hann0p3_off_s0,hann0p3_off,0,mean_std,linear,features_plus_mu,ijspeert,detection,0.3769598139693566,2021,93.0,mean,0.8456643465845715,,,,,C:\git_repo\Stellar-World-Model\experiments\exp08_menu_channel\mu_cache,C:\git_repo\Stellar-World-Model\experiments\exp08_menu_channel\subset_mu_cache
menu,hann0p3_off_s0,hann0p3_off,0,mean_std,linear,features_plus_mu,ijspeert_excl_villanova,detection,0.2254584325159195,1825,19.0,mean,0.6650929649705659,,,,,C:\git_repo\Stellar-World-Model\experiments\exp08_menu_channel\mu_cache,C:\git_repo\Stellar-World-Model\experiments\exp08_menu_channel\subset_mu_cache
menu,hann0p3_off_s0,hann0p3_off,0,mean_std,linear,mu_perp_full,osc_giant,detection,0.516944935168623,3429,1313.0,mean,0.6827338797570319,,,,,C:\git_repo\Stellar-World-Model\experiments\exp08_menu_channel\mu_cache,C:\git_repo\Stellar-World-Model\experiments\exp08_menu_channel\subset_mu_cache
menu,hann0p3_off_s0,hann0p3_off,0,mean_std,linear,mu_perp_full,solar_like_osc,detection,0.19168061258454525,3429,417.0,mean,0.6483665657115741,,,,,C:\git_repo\Stellar-World-Model\experiments\exp08_menu_channel\mu_cache,C:\git_repo\Stellar-World-Model\experiments\exp08_menu_channel\subset_mu_cache
menu,hann0p3_off_s0,hann0p3_off,0,mean_std,linear,mu_perp_full,flare,detection,0.20144561443873077,3429,304.0,mean,0.6424894736842106,,,,,C:\git_repo\Stellar-World-Model\experiments\exp08_menu_channel\mu_cache,C:\git_repo\Stellar-World-Model\experiments\exp08_menu_channel\subset_mu_cache
menu,hann0p3_off_s0,hann0p3_off,0,mean_std,linear,mu_perp_full,rgb_vs_heb,contrastive,0.7597187205393581,161,113.0,mean,0.6187315634218289,,,,,C:\git_repo\Stellar-World-Model\experiments\exp08_menu_channel\mu_cache,C:\git_repo\Stellar-World-Model\experiments\exp08_menu_channel\subset_mu_cache
menu,hann0p3_off_s0,hann0p3_off,0,mean_std,linear,mu_perp_full,numax_hon,regression,,1313,,mean,,0.2940223726759069,0.17444042517750702,0.5318929345446034,True,C:\git_repo\Stellar-World-Model\experiments\exp08_menu_channel\mu_cache,C:\git_repo\Stellar-World-Model\experiments\exp08_menu_channel\subset_mu_cache
menu,hann0p3_off_s0,hann0p3_off,0,mean_std,linear,mu_perp_full,numax_hatt,regression,,417,,mean,,0.2182807018809646,0.37970883232437525,0.4304622045521655,True,C:\git_repo\Stellar-World-Model\experiments\exp08_menu_channel\mu_cache,C:\git_repo\Stellar-World-Model\experiments\exp08_menu_channel\subset_mu_cache
menu,hann0p3_off_s0,hann0p3_off,0,mean_std,linear,mu_perp_full,dnu_hatt,regression,,417,,mean,,0.21452964996536983,0.30472498469076764,0.4191076840657485,True,C:\git_repo\Stellar-World-Model\experiments\exp08_menu_channel\mu_cache,C:\git_repo\Stellar-World-Model\experiments\exp08_menu_channel\subset_mu_cache
menu,hann0p3_off_s0,hann0p3_off,0,mean_std,linear,mu_perp_full,prot_kounkel,regression,,138,,mean,,0.06759712102024129,1.458497466904444,0.4189858866160175,False,C:\git_repo\Stellar-World-Model\experiments\exp08_menu_channel\mu_cache,C:\git_repo\Stellar-World-Model\experiments\exp08_menu_channel\subset_mu_cache
menu,hann0p3_off_s0,hann0p3_off,0,mean_std,linear,mu_perp_full,rotation_period,regression,,150,,mean,,0.06200124039373622,1.0531906320816036,0.2686430508022579,False,C:\git_repo\Stellar-World-Model\experiments\exp08_menu_channel\mu_cache,C:\git_repo\Stellar-World-Model\experiments\exp08_menu_channel\subset_mu_cache
menu,hann0p3_off_s0,hann0p3_off,0,mean_std,linear,mu_perp_full,ijspeert,detection,0.22647367554906583,2021,93.0,mean,0.6762593137911034,,,,,C:\git_repo\Stellar-World-Model\experiments\exp08_menu_channel\mu_cache,C:\git_repo\Stellar-World-Model\experiments\exp08_menu_channel\subset_mu_cache
menu,hann0p3_off_s0,hann0p3_off,0,mean_std,linear,mu_perp_full,ijspeert_excl_villanova,detection,0.20904485985264126,1825,19.0,mean,0.5837559013813604,,,,,C:\git_repo\Stellar-World-Model\experiments\exp08_menu_channel\mu_cache,C:\git_repo\Stellar-World-Model\experiments\exp08_menu_channel\subset_mu_cache
v1,hann0p3_off_s0,hann0p3_off,0,mean_perp_amp,linear,mu,pulsating,detection,0.8243206799762942,2021,216.0,,,,,,,C:\git_repo\Stellar-World-Model\experiments\exp08_menu_channel\mu_cache,C:\git_repo\Stellar-World-Model\experiments\exp08_menu_channel\subset_mu_cache
v1,hann0p3_off_s0,hann0p3_off,0,mean_perp_amp,linear,mu,eb,detection,0.5142686431985026,2021,196.0,,,,,,,C:\git_repo\Stellar-World-Model\experiments\exp08_menu_channel\mu_cache,C:\git_repo\Stellar-World-Model\experiments\exp08_menu_channel\subset_mu_cache
v1,hann0p3_off_s0,hann0p3_off,0,mean_perp_amp,linear,mu,rotation,detection,0.34646316553507656,2021,180.0,,,,,,,C:\git_repo\Stellar-World-Model\experiments\exp08_menu_channel\mu_cache,C:\git_repo\Stellar-World-Model\experiments\exp08_menu_channel\subset_mu_cache
v1,hann0p3_off_s0,hann0p3_off,0,mean_perp_amp,linear,mu,transit,detection,0.16475359432697248,2021,122.0,,,,,,,C:\git_repo\Stellar-World-Model\experiments\exp08_menu_channel\mu_cache,C:\git_repo\Stellar-World-Model\experiments\exp08_menu_channel\subset_mu_cache
menu,hann0p3_off_s0,hann0p3_off,0,mean_perp_amp,linear,mu,osc_giant,detection,0.7943180580446142,3429,1313.0,mean,0.908722503048618,,,,,C:\git_repo\Stellar-World-Model\experiments\exp08_menu_channel\mu_cache,C:\git_repo\Stellar-World-Model\experiments\exp08_menu_channel\subset_mu_cache
menu,hann0p3_off_s0,hann0p3_off,0,mean_perp_amp,linear,mu,solar_like_osc,detection,0.2676258847698016,3429,417.0,mean,0.7722833685243041,,,,,C:\git_repo\Stellar-World-Model\experiments\exp08_menu_channel\mu_cache,C:\git_repo\Stellar-World-Model\experiments\exp08_menu_channel\subset_mu_cache
menu,hann0p3_off_s0,hann0p3_off,0,mean_perp_amp,linear,mu,flare,detection,0.37221714664224054,3429,304.0,mean,0.7600021052631578,,,,,C:\git_repo\Stellar-World-Model\experiments\exp08_menu_channel\mu_cache,C:\git_repo\Stellar-World-Model\experiments\exp08_menu_channel\subset_mu_cache
menu,hann0p3_off_s0,hann0p3_off,0,mean_perp_amp,linear,mu,rgb_vs_heb,contrastive,0.8140518577466804,161,113.0,mean,0.618731563421829,,,,,C:\git_repo\Stellar-World-Model\experiments\exp08_menu_channel\mu_cache,C:\git_repo\Stellar-World-Model\experiments\exp08_menu_channel\subset_mu_cache
menu,hann0p3_off_s0,hann0p3_off,0,mean_perp_amp,linear,mu,numax_hon,regression,,1313,,mean,,0.6997443327542989,0.11376201452697647,0.8074384221086742,True,C:\git_repo\Stellar-World-Model\experiments\exp08_menu_channel\mu_cache,C:\git_repo\Stellar-World-Model\experiments\exp08_menu_channel\subset_mu_cache
menu,hann0p3_off_s0,hann0p3_off,0,mean_perp_amp,linear,mu,numax_hatt,regression,,417,,mean,,0.7387298705669987,0.21951801291215362,0.8422291640395352,True,C:\git_repo\Stellar-World-Model\experiments\exp08_menu_channel\mu_cache,C:\git_repo\Stellar-World-Model\experiments\exp08_menu_channel\subset_mu_cache
menu,hann0p3_off_s0,hann0p3_off,0,mean_perp_amp,linear,mu,dnu_hatt,regression,,417,,mean,,0.7367934720283785,0.1763971215774676,0.8404466999658817,True,C:\git_repo\Stellar-World-Model\experiments\exp08_menu_channel\mu_cache,C:\git_repo\Stellar-World-Model\experiments\exp08_menu_channel\subset_mu_cache
menu,hann0p3_off_s0,hann0p3_off,0,mean_perp_amp,linear,mu,prot_kounkel,regression,,138,,mean,,0.25964861935035677,1.2996392581351859,0.6908537552931119,False,C:\git_repo\Stellar-World-Model\experiments\exp08_menu_channel\mu_cache,C:\git_repo\Stellar-World-Model\experiments\exp08_menu_channel\subset_mu_cache
menu,hann0p3_off_s0,hann0p3_off,0,mean_perp_amp,linear,mu,rotation_period,regression,,150,,mean,,0.5651297562695223,0.7171098722553068,0.7944975332236988,False,C:\git_repo\Stellar-World-Model\experiments\exp08_menu_channel\mu_cache,C:\git_repo\Stellar-World-Model\experiments\exp08_menu_channel\subset_mu_cache
menu,hann0p3_off_s0,hann0p3_off,0,mean_perp_amp,linear,mu,ijspeert,detection,0.2936991933755962,2021,93.0,mean,0.7562854147146745,,,,,C:\git_repo\Stellar-World-Model\experiments\exp08_menu_channel\mu_cache,C:\git_repo\Stellar-World-Model\experiments\exp08_menu_channel\subset_mu_cache
menu,hann0p3_off_s0,hann0p3_off,0,mean_perp_amp,linear,mu,ijspeert_excl_villanova,detection,0.25619377926461523,1825,19.0,mean,0.6893396281401176,,,,,C:\git_repo\Stellar-World-Model\experiments\exp08_menu_channel\mu_cache,C:\git_repo\Stellar-World-Model\experiments\exp08_menu_channel\subset_mu_cache
v1,hann0p3_off_s1,hann0p3_off,1,mean,linear,mu,pulsating,detection,0.7858189723139352,2021,216.0,,,,,,,C:\git_repo\Stellar-World-Model\experiments\exp08_menu_channel\mu_cache,C:\git_repo\Stellar-World-Model\experiments\exp08_menu_channel\subset_mu_cache
v1,hann0p3_off_s1,hann0p3_off,1,mean,linear,mu,eb,detection,0.7512375691858441,2021,196.0,,,,,,,C:\git_repo\Stellar-World-Model\experiments\exp08_menu_channel\mu_cache,C:\git_repo\Stellar-World-Model\experiments\exp08_menu_channel\subset_mu_cache
v1,hann0p3_off_s1,hann0p3_off,1,mean,linear,mu,rotation,detection,0.5562303849937874,2021,180.0,,,,,,,C:\git_repo\Stellar-World-Model\experiments\exp08_menu_channel\mu_cache,C:\git_repo\Stellar-World-Model\experiments\exp08_menu_channel\subset_mu_cache
v1,hann0p3_off_s1,hann0p3_off,1,mean,linear,mu,transit,detection,0.1805806550987944,2021,122.0,,,,,,,C:\git_repo\Stellar-World-Model\experiments\exp08_menu_channel\mu_cache,C:\git_repo\Stellar-World-Model\experiments\exp08_menu_channel\subset_mu_cache
v1,hann0p3_off_s1,hann0p3_off,1,mean,linear,features_plus_mu,pulsating,detection,0.820457463434765,2021,216.0,,,,,,,C:\git_repo\Stellar-World-Model\experiments\exp08_menu_channel\mu_cache,C:\git_repo\Stellar-World-Model\experiments\exp08_menu_channel\subset_mu_cache
v1,hann0p3_off_s1,hann0p3_off,1,mean,linear,features_plus_mu,eb,detection,0.7607734279167605,2021,196.0,,,,,,,C:\git_repo\Stellar-World-Model\experiments\exp08_menu_channel\mu_cache,C:\git_repo\Stellar-World-Model\experiments\exp08_menu_channel\subset_mu_cache
v1,hann0p3_off_s1,hann0p3_off,1,mean,linear,features_plus_mu,rotation,detection,0.5440661568061012,2021,180.0,,,,,,,C:\git_repo\Stellar-World-Model\experiments\exp08_menu_channel\mu_cache,C:\git_repo\Stellar-World-Model\experiments\exp08_menu_channel\subset_mu_cache
v1,hann0p3_off_s1,hann0p3_off,1,mean,linear,features_plus_mu,transit,detection,0.22004789911984213,2021,122.0,,,,,,,C:\git_repo\Stellar-World-Model\experiments\exp08_menu_channel\mu_cache,C:\git_repo\Stellar-World-Model\experiments\exp08_menu_channel\subset_mu_cache
v1,hann0p3_off_s1,hann0p3_off,1,mean,linear,mu_perp_full,pulsating,detection,0.281812026545983,2021,216.0,,,,,,,C:\git_repo\Stellar-World-Model\experiments\exp08_menu_channel\mu_cache,C:\git_repo\Stellar-World-Model\experiments\exp08_menu_channel\subset_mu_cache
v1,hann0p3_off_s1,hann0p3_off,1,mean,linear,mu_perp_full,eb,detection,0.1548647086661688,2021,196.0,,,,,,,C:\git_repo\Stellar-World-Model\experiments\exp08_menu_channel\mu_cache,C:\git_repo\Stellar-World-Model\experiments\exp08_menu_channel\subset_mu_cache
v1,hann0p3_off_s1,hann0p3_off,1,mean,linear,mu_perp_full,rotation,detection,0.16572718197562622,2021,180.0,,,,,,,C:\git_repo\Stellar-World-Model\experiments\exp08_menu_channel\mu_cache,C:\git_repo\Stellar-World-Model\experiments\exp08_menu_channel\subset_mu_cache
v1,hann0p3_off_s1,hann0p3_off,1,mean,linear,mu_perp_full,transit,detection,0.13313482554372094,2021,122.0,,,,,,,C:\git_repo\Stellar-World-Model\experiments\exp08_menu_channel\mu_cache,C:\git_repo\Stellar-World-Model\experiments\exp08_menu_channel\subset_mu_cache
menu,hann0p3_off_s1,hann0p3_off,1,mean,linear,mu,osc_giant,detection,0.7826505350915954,3429,1313.0,mean,0.9005837365763623,,,,,C:\git_repo\Stellar-World-Model\experiments\exp08_menu_channel\mu_cache,C:\git_repo\Stellar-World-Model\experiments\exp08_menu_channel\subset_mu_cache
menu,hann0p3_off_s1,hann0p3_off,1,mean,linear,mu,solar_like_osc,detection,0.29319366782744,3429,417.0,mean,0.7728255642497954,,,,,C:\git_repo\Stellar-World-Model\experiments\exp08_menu_channel\mu_cache,C:\git_repo\Stellar-World-Model\experiments\exp08_menu_channel\subset_mu_cache
menu,hann0p3_off_s1,hann0p3_off,1,mean,linear,mu,flare,detection,0.44817367070230135,3429,304.0,mean,0.8553915789473685,,,,,C:\git_repo\Stellar-World-Model\experiments\exp08_menu_channel\mu_cache,C:\git_repo\Stellar-World-Model\experiments\exp08_menu_channel\subset_mu_cache
menu,hann0p3_off_s1,hann0p3_off,1,mean,linear,mu,rgb_vs_heb,contrastive,0.7986111353526102,161,113.0,mean,0.622787610619469,,,,,C:\git_repo\Stellar-World-Model\experiments\exp08_menu_channel\mu_cache,C:\git_repo\Stellar-World-Model\experiments\exp08_menu_channel\subset_mu_cache
menu,hann0p3_off_s1,hann0p3_off,1,mean,linear,mu,numax_hon,regression,,1313,,mean,,0.6857248387527659,0.11638759558407816,0.7793897658232224,True,C:\git_repo\Stellar-World-Model\experiments\exp08_menu_channel\mu_cache,C:\git_repo\Stellar-World-Model\experiments\exp08_menu_channel\subset_mu_cache
menu,hann0p3_off_s1,hann0p3_off,1,mean,linear,mu,numax_hatt,regression,,417,,mean,,0.7683320298285694,0.20670847326464084,0.8772886234846838,True,C:\git_repo\Stellar-World-Model\experiments\exp08_menu_channel\mu_cache,C:\git_repo\Stellar-World-Model\experiments\exp08_menu_channel\subset_mu_cache
menu,hann0p3_off_s1,hann0p3_off,1,mean,linear,mu,dnu_hatt,regression,,417,,mean,,0.7592304365409424,0.16871121715006648,0.870852588709595,True,C:\git_repo\Stellar-World-Model\experiments\exp08_menu_channel\mu_cache,C:\git_repo\Stellar-World-Model\experiments\exp08_menu_channel\subset_mu_cache
menu,hann0p3_off_s1,hann0p3_off,1,mean,linear,mu,prot_kounkel,regression,,138,,mean,,0.29067397288998664,1.2721163195406149,0.7193796184151074,False,C:\git_repo\Stellar-World-Model\experiments\exp08_menu_channel\mu_cache,C:\git_repo\Stellar-World-Model\experiments\exp08_menu_channel\subset_mu_cache
menu,hann0p3_off_s1,hann0p3_off,1,mean,linear,mu,rotation_period,regression,,150,,mean,,0.5191030454164052,0.7541050842367526,0.8013813947286548,False,C:\git_repo\Stellar-World-Model\experiments\exp08_menu_channel\mu_cache,C:\git_repo\Stellar-World-Model\experiments\exp08_menu_channel\subset_mu_cache
menu,hann0p3_off_s1,hann0p3_off,1,mean,linear,mu,ijspeert,detection,0.39603494476968876,2021,93.0,mean,0.8464061036005889,,,,,C:\git_repo\Stellar-World-Model\experiments\exp08_menu_channel\mu_cache,C:\git_repo\Stellar-World-Model\experiments\exp08_menu_channel\subset_mu_cache
menu,hann0p3_off_s1,hann0p3_off,1,mean,linear,mu,ijspeert_excl_villanova,detection,0.24392047223123928,1825,19.0,mean,0.6970624235006121,,,,,C:\git_repo\Stellar-World-Model\experiments\exp08_menu_channel\mu_cache,C:\git_repo\Stellar-World-Model\experiments\exp08_menu_channel\subset_mu_cache
menu,hann0p3_off_s1,hann0p3_off,1,mean,linear,features_plus_mu,osc_giant,detection,0.9143893292674901,3429,1313.0,mean,0.9606490713052691,,,,,C:\git_repo\Stellar-World-Model\experiments\exp08_menu_channel\mu_cache,C:\git_repo\Stellar-World-Model\experiments\exp08_menu_channel\subset_mu_cache
menu,hann0p3_off_s1,hann0p3_off,1,mean,linear,features_plus_mu,solar_like_osc,detection,0.3646100996406564,3429,417.0,mean,0.8226781124900875,,,,,C:\git_repo\Stellar-World-Model\experiments\exp08_menu_channel\mu_cache,C:\git_repo\Stellar-World-Model\experiments\exp08_menu_channel\subset_mu_cache
menu,hann0p3_off_s1,hann0p3_off,1,mean,linear,features_plus_mu,flare,detection,0.4990355100957825,3429,304.0,mean,0.892322105263158,,,,,C:\git_repo\Stellar-World-Model\experiments\exp08_menu_channel\mu_cache,C:\git_repo\Stellar-World-Model\experiments\exp08_menu_channel\subset_mu_cache
menu,hann0p3_off_s1,hann0p3_off,1,mean,linear,features_plus_mu,rgb_vs_heb,contrastive,0.831915025385888,161,113.0,mean,0.6943215339233039,,,,,C:\git_repo\Stellar-World-Model\experiments\exp08_menu_channel\mu_cache,C:\git_repo\Stellar-World-Model\experiments\exp08_menu_channel\subset_mu_cache
menu,hann0p3_off_s1,hann0p3_off,1,mean,linear,features_plus_mu,numax_hon,regression,,1313,,mean,,0.8385596155332806,0.08341761312158795,0.8841629704482008,True,C:\git_repo\Stellar-World-Model\experiments\exp08_menu_channel\mu_cache,C:\git_repo\Stellar-World-Model\experiments\exp08_menu_channel\subset_mu_cache
menu,hann0p3_off_s1,hann0p3_off,1,mean,linear,features_plus_mu,numax_hatt,regression,,417,,mean,,0.8594544628742834,0.16100294215990363,0.9242253259604062,True,C:\git_repo\Stellar-World-Model\experiments\exp08_menu_channel\mu_cache,C:\git_repo\Stellar-World-Model\experiments\exp08_menu_channel\subset_mu_cache
menu,hann0p3_off_s1,hann0p3_off,1,mean,linear,features_plus_mu,dnu_hatt,regression,,417,,mean,,0.8496849504370999,0.13330437349621885,0.9183737673723158,True,C:\git_repo\Stellar-World-Model\experiments\exp08_menu_channel\mu_cache,C:\git_repo\Stellar-World-Model\experiments\exp08_menu_channel\subset_mu_cache
menu,hann0p3_off_s1,hann0p3_off,1,mean,linear,features_plus_mu,prot_kounkel,regression,,138,,mean,,0.5098751647102279,1.0574436435716328,0.8086239707212192,False,C:\git_repo\Stellar-World-Model\experiments\exp08_menu_channel\mu_cache,C:\git_repo\Stellar-World-Model\experiments\exp08_menu_channel\subset_mu_cache
menu,hann0p3_off_s1,hann0p3_off,1,mean,linear,features_plus_mu,rotation_period,regression,,150,,mean,,0.6894893223377108,0.6059602344795962,0.7641886306058048,False,C:\git_repo\Stellar-World-Model\experiments\exp08_menu_channel\mu_cache,C:\git_repo\Stellar-World-Model\experiments\exp08_menu_channel\subset_mu_cache
menu,hann0p3_off_s1,hann0p3_off,1,mean,linear,features_plus_mu,ijspeert,detection,0.42846670919977975,2021,93.0,mean,0.8592334805693125,,,,,C:\git_repo\Stellar-World-Model\experiments\exp08_menu_channel\mu_cache,C:\git_repo\Stellar-World-Model\experiments\exp08_menu_channel\subset_mu_cache
menu,hann0p3_off_s1,hann0p3_off,1,mean,linear,features_plus_mu,ijspeert_excl_villanova,detection,0.3192152531857771,1825,19.0,mean,0.769889840881273,,,,,C:\git_repo\Stellar-World-Model\experiments\exp08_menu_channel\mu_cache,C:\git_repo\Stellar-World-Model\experiments\exp08_menu_channel\subset_mu_cache
menu,hann0p3_off_s1,hann0p3_off,1,mean,linear,mu_perp_full,osc_giant,detection,0.46898180074690865,3429,1313.0,mean,0.6402947405399257,,,,,C:\git_repo\Stellar-World-Model\experiments\exp08_menu_channel\mu_cache,C:\git_repo\Stellar-World-Model\experiments\exp08_menu_channel\subset_mu_cache
menu,hann0p3_off_s1,hann0p3_off,1,mean,linear,mu_perp_full,solar_like_osc,detection,0.19288254359473597,3429,417.0,mean,0.6414143585529982,,,,,C:\git_repo\Stellar-World-Model\experiments\exp08_menu_channel\mu_cache,C:\git_repo\Stellar-World-Model\experiments\exp08_menu_channel\subset_mu_cache
menu,hann0p3_off_s1,hann0p3_off,1,mean,linear,mu_perp_full,flare,detection,0.1682609943512545,3429,304.0,mean,0.6241757894736841,,,,,C:\git_repo\Stellar-World-Model\experiments\exp08_menu_channel\mu_cache,C:\git_repo\Stellar-World-Model\experiments\exp08_menu_channel\subset_mu_cache
menu,hann0p3_off_s1,hann0p3_off,1,mean,linear,mu_perp_full,rgb_vs_heb,contrastive,0.7327122395176735,161,113.0,mean,0.5320796460176991,,,,,C:\git_repo\Stellar-World-Model\experiments\exp08_menu_channel\mu_cache,C:\git_repo\Stellar-World-Model\experiments\exp08_menu_channel\subset_mu_cache
menu,hann0p3_off_s1,hann0p3_off,1,mean,linear,mu_perp_full,numax_hon,regression,,1313,,mean,,0.1894160975868906,0.18691779739856335,0.44554394174718487,True,C:\git_repo\Stellar-World-Model\experiments\exp08_menu_channel\mu_cache,C:\git_repo\Stellar-World-Model\experiments\exp08_menu_channel\subset_mu_cache
menu,hann0p3_off_s1,hann0p3_off,1,mean,linear,mu_perp_full,numax_hatt,regression,,417,,mean,,0.10850713650161792,0.4054937998302117,0.3047349934779962,True,C:\git_repo\Stellar-World-Model\experiments\exp08_menu_channel\mu_cache,C:\git_repo\Stellar-World-Model\experiments\exp08_menu_channel\subset_mu_cache
menu,hann0p3_off_s1,hann0p3_off,1,mean,linear,mu_perp_full,dnu_hatt,regression,,417,,mean,,0.11326087667141582,0.32377335163733806,0.30911004150144417,True,C:\git_repo\Stellar-World-Model\experiments\exp08_menu_channel\mu_cache,C:\git_repo\Stellar-World-Model\experiments\exp08_menu_channel\subset_mu_cache
menu,hann0p3_off_s1,hann0p3_off,1,mean,linear,mu_perp_full,prot_kounkel,regression,,138,,mean,,0.0419413533941112,1.4784271305579926,0.26180596065895495,False,C:\git_repo\Stellar-World-Model\experiments\exp08_menu_channel\mu_cache,C:\git_repo\Stellar-World-Model\experiments\exp08_menu_channel\subset_mu_cache
menu,hann0p3_off_s1,hann0p3_off,1,mean,linear,mu_perp_full,rotation_period,regression,,150,,mean,,0.08618938269287912,1.039522647012138,0.25853415707364774,False,C:\git_repo\Stellar-World-Model\experiments\exp08_menu_channel\mu_cache,C:\git_repo\Stellar-World-Model\experiments\exp08_menu_channel\subset_mu_cache
menu,hann0p3_off_s1,hann0p3_off,1,mean,linear,mu_perp_full,ijspeert,detection,0.1390814944480637,2021,93.0,mean,0.6159539106768394,,,,,C:\git_repo\Stellar-World-Model\experiments\exp08_menu_channel\mu_cache,C:\git_repo\Stellar-World-Model\experiments\exp08_menu_channel\subset_mu_cache
menu,hann0p3_off_s1,hann0p3_off,1,mean,linear,mu_perp_full,ijspeert_excl_villanova,detection,0.25147936164878393,1825,19.0,mean,0.6952847234364983,,,,,C:\git_repo\Stellar-World-Model\experiments\exp08_menu_channel\mu_cache,C:\git_repo\Stellar-World-Model\experiments\exp08_menu_channel\subset_mu_cache
v1,hann0p3_off_s1,hann0p3_off,1,mean_std,linear,mu,pulsating,detection,0.7960663888252912,2021,216.0,,,,,,,C:\git_repo\Stellar-World-Model\experiments\exp08_menu_channel\mu_cache,C:\git_repo\Stellar-World-Model\experiments\exp08_menu_channel\subset_mu_cache
v1,hann0p3_off_s1,hann0p3_off,1,mean_std,linear,mu,eb,detection,0.7566278246849669,2021,196.0,,,,,,,C:\git_repo\Stellar-World-Model\experiments\exp08_menu_channel\mu_cache,C:\git_repo\Stellar-World-Model\experiments\exp08_menu_channel\subset_mu_cache
v1,hann0p3_off_s1,hann0p3_off,1,mean_std,linear,mu,rotation,detection,0.5177099512961084,2021,180.0,,,,,,,C:\git_repo\Stellar-World-Model\experiments\exp08_menu_channel\mu_cache,C:\git_repo\Stellar-World-Model\experiments\exp08_menu_channel\subset_mu_cache
v1,hann0p3_off_s1,hann0p3_off,1,mean_std,linear,mu,transit,detection,0.19803358039627605,2021,122.0,,,,,,,C:\git_repo\Stellar-World-Model\experiments\exp08_menu_channel\mu_cache,C:\git_repo\Stellar-World-Model\experiments\exp08_menu_channel\subset_mu_cache
v1,hann0p3_off_s1,hann0p3_off,1,mean_std,linear,features_plus_mu,pulsating,detection,0.825436433437735,2021,216.0,,,,,,,C:\git_repo\Stellar-World-Model\experiments\exp08_menu_channel\mu_cache,C:\git_repo\Stellar-World-Model\experiments\exp08_menu_channel\subset_mu_cache
v1,hann0p3_off_s1,hann0p3_off,1,mean_std,linear,features_plus_mu,eb,detection,0.756883534038539,2021,196.0,,,,,,,C:\git_repo\Stellar-World-Model\experiments\exp08_menu_channel\mu_cache,C:\git_repo\Stellar-World-Model\experiments\exp08_menu_channel\subset_mu_cache
v1,hann0p3_off_s1,hann0p3_off,1,mean_std,linear,features_plus_mu,rotation,detection,0.5141792314194957,2021,180.0,,,,,,,C:\git_repo\Stellar-World-Model\experiments\exp08_menu_channel\mu_cache,C:\git_repo\Stellar-World-Model\experiments\exp08_menu_channel\subset_mu_cache
v1,hann0p3_off_s1,hann0p3_off,1,mean_std,linear,features_plus_mu,transit,detection,0.21999231402459268,2021,122.0,,,,,,,C:\git_repo\Stellar-World-Model\experiments\exp08_menu_channel\mu_cache,C:\git_repo\Stellar-World-Model\experiments\exp08_menu_channel\subset_mu_cache
v1,hann0p3_off_s1,hann0p3_off,1,mean_std,linear,mu_perp_full,pulsating,detection,0.29449927906055373,2021,216.0,,,,,,,C:\git_repo\Stellar-World-Model\experiments\exp08_menu_channel\mu_cache,C:\git_repo\Stellar-World-Model\experiments\exp08_menu_channel\subset_mu_cache
v1,hann0p3_off_s1,hann0p3_off,1,mean_std,linear,mu_perp_full,eb,detection,0.32429434654919115,2021,196.0,,,,,,,C:\git_repo\Stellar-World-Model\experiments\exp08_menu_channel\mu_cache,C:\git_repo\Stellar-World-Model\experiments\exp08_menu_channel\subset_mu_cache
v1,hann0p3_off_s1,hann0p3_off,1,mean_std,linear,mu_perp_full,rotation,detection,0.18368573627339463,2021,180.0,,,,,,,C:\git_repo\Stellar-World-Model\experiments\exp08_menu_channel\mu_cache,C:\git_repo\Stellar-World-Model\experiments\exp08_menu_channel\subset_mu_cache
v1,hann0p3_off_s1,hann0p3_off,1,mean_std,linear,mu_perp_full,transit,detection,0.1381739840201056,2021,122.0,,,,,,,C:\git_repo\Stellar-World-Model\experiments\exp08_menu_channel\mu_cache,C:\git_repo\Stellar-World-Model\experiments\exp08_menu_channel\subset_mu_cache
menu,hann0p3_off_s1,hann0p3_off,1,mean_std,linear,mu,osc_giant,detection,0.8761570947488094,3429,1313.0,mean,0.9442772363611234,,,,,C:\git_repo\Stellar-World-Model\experiments\exp08_menu_channel\mu_cache,C:\git_repo\Stellar-World-Model\experiments\exp08_menu_channel\subset_mu_cache
menu,hann0p3_off_s1,hann0p3_off,1,mean_std,linear,mu,solar_like_osc,detection,0.29644279372227894,3429,417.0,mean,0.7938581405791703,,,,,C:\git_repo\Stellar-World-Model\experiments\exp08_menu_channel\mu_cache,C:\git_repo\Stellar-World-Model\experiments\exp08_menu_channel\subset_mu_cache
menu,hann0p3_off_s1,hann0p3_off,1,mean_std,linear,mu,flare,detection,0.4476138499404098,3429,304.0,mean,0.8720063157894736,,,,,C:\git_repo\Stellar-World-Model\experiments\exp08_menu_channel\mu_cache,C:\git_repo\Stellar-World-Model\experiments\exp08_menu_channel\subset_mu_cache
menu,hann0p3_off_s1,hann0p3_off,1,mean_std,linear,mu,rgb_vs_heb,contrastive,0.8131991495568982,161,113.0,mean,0.7016961651917404,,,,,C:\git_repo\Stellar-World-Model\experiments\exp08_menu_channel\mu_cache,C:\git_repo\Stellar-World-Model\experiments\exp08_menu_channel\subset_mu_cache
menu,hann0p3_off_s1,hann0p3_off,1,mean_std,linear,mu,numax_hon,regression,,1313,,mean,,0.7473661916646566,0.10435118898999966,0.8311251222160404,True,C:\git_repo\Stellar-World-Model\experiments\exp08_menu_channel\mu_cache,C:\git_repo\Stellar-World-Model\experiments\exp08_menu_channel\subset_mu_cache
menu,hann0p3_off_s1,hann0p3_off,1,mean_std,linear,mu,numax_hatt,regression,,417,,mean,,0.7956934137471393,0.19411829414506446,0.8933604971100709,True,C:\git_repo\Stellar-World-Model\experiments\exp08_menu_channel\mu_cache,C:\git_repo\Stellar-World-Model\experiments\exp08_menu_channel\subset_mu_cache
menu,hann0p3_off_s1,hann0p3_off,1,mean_std,linear,mu,dnu_hatt,regression,,417,,mean,,0.7888579500497366,0.15799033967433554,0.8899753822121522,True,C:\git_repo\Stellar-World-Model\experiments\exp08_menu_channel\mu_cache,C:\git_repo\Stellar-World-Model\experiments\exp08_menu_channel\subset_mu_cache
menu,hann0p3_off_s1,hann0p3_off,1,mean_std,linear,mu,prot_kounkel,regression,,138,,mean,,0.40567442561476097,1.1644372385003439,0.7780341264672976,False,C:\git_repo\Stellar-World-Model\experiments\exp08_menu_channel\mu_cache,C:\git_repo\Stellar-World-Model\experiments\exp08_menu_channel\subset_mu_cache
menu,hann0p3_off_s1,hann0p3_off,1,mean_std,linear,mu,rotation_period,regression,,150,,mean,,0.7061744419275606,0.5894549788044222,0.7715454020178675,False,C:\git_repo\Stellar-World-Model\experiments\exp08_menu_channel\mu_cache,C:\git_repo\Stellar-World-Model\experiments\exp08_menu_channel\subset_mu_cache
menu,hann0p3_off_s1,hann0p3_off,1,mean_std,linear,mu,ijspeert,detection,0.48240431509645865,2021,93.0,mean,0.8644536652835408,,,,,C:\git_repo\Stellar-World-Model\experiments\exp08_menu_channel\mu_cache,C:\git_repo\Stellar-World-Model\experiments\exp08_menu_channel\subset_mu_cache
menu,hann0p3_off_s1,hann0p3_off,1,mean_std,linear,mu,ijspeert_excl_villanova,detection,0.19392583563267035,1825,19.0,mean,0.6598181500262283,,,,,C:\git_repo\Stellar-World-Model\experiments\exp08_menu_channel\mu_cache,C:\git_repo\Stellar-World-Model\experiments\exp08_menu_channel\subset_mu_cache
menu,hann0p3_off_s1,hann0p3_off,1,mean_std,linear,features_plus_mu,osc_giant,detection,0.914070239444341,3429,1313.0,mean,0.9610140416397318,,,,,C:\git_repo\Stellar-World-Model\experiments\exp08_menu_channel\mu_cache,C:\git_repo\Stellar-World-Model\experiments\exp08_menu_channel\subset_mu_cache
menu,hann0p3_off_s1,hann0p3_off,1,mean_std,linear,features_plus_mu,solar_like_osc,detection,0.34627304814834936,3429,417.0,mean,0.8255459377517906,,,,,C:\git_repo\Stellar-World-Model\experiments\exp08_menu_channel\mu_cache,C:\git_repo\Stellar-World-Model\experiments\exp08_menu_channel\subset_mu_cache
menu,hann0p3_off_s1,hann0p3_off,1,mean_std,linear,features_plus_mu,flare,detection,0.5129522319493449,3429,304.0,mean,0.898198947368421,,,,,C:\git_repo\Stellar-World-Model\experiments\exp08_menu_channel\mu_cache,C:\git_repo\Stellar-World-Model\experiments\exp08_menu_channel\subset_mu_cache
menu,hann0p3_off_s1,hann0p3_off,1,mean_std,linear,features_plus_mu,rgb_vs_heb,contrastive,0.8266514201017603,161,113.0,mean,0.7164454277286135,,,,,C:\git_repo\Stellar-World-Model\experiments\exp08_menu_channel\mu_cache,C:\git_repo\Stellar-World-Model\experiments\exp08_menu_channel\subset_mu_cache
menu,hann0p3_off_s1,hann0p3_off,1,mean_std,linear,features_plus_mu,numax_hon,regression,,1313,,mean,,0.8460319527127571,0.08146423213462968,0.8819375560644294,True,C:\git_repo\Stellar-World-Model\experiments\exp08_menu_channel\mu_cache,C:\git_repo\Stellar-World-Model\experiments\exp08_menu_channel\subset_mu_cache
menu,hann0p3_off_s1,hann0p3_off,1,mean_std,linear,features_plus_mu,numax_hatt,regression,,417,,mean,,0.8687531531388821,0.15558571564723034,0.9222954466997031,True,C:\git_repo\Stellar-World-Model\experiments\exp08_menu_channel\mu_cache,C:\git_repo\Stellar-World-Model\experiments\exp08_menu_channel\subset_mu_cache
menu,hann0p3_off_s1,hann0p3_off,1,mean_std,linear,features_plus_mu,dnu_hatt,regression,,417,,mean,,0.8586225527040943,0.12928056273418564,0.9180022372997658,True,C:\git_repo\Stellar-World-Model\experiments\exp08_menu_channel\mu_cache,C:\git_repo\Stellar-World-Model\experiments\exp08_menu_channel\subset_mu_cache
menu,hann0p3_off_s1,hann0p3_off,1,mean_std,linear,features_plus_mu,prot_kounkel,regression,,138,,mean,,0.48972926653033044,1.0789571723596876,0.8024206115005963,False,C:\git_repo\Stellar-World-Model\experiments\exp08_menu_channel\mu_cache,C:\git_repo\Stellar-World-Model\experiments\exp08_menu_channel\subset_mu_cache
menu,hann0p3_off_s1,hann0p3_off,1,mean_std,linear,features_plus_mu,rotation_period,regression,,150,,mean,,0.7223762201228725,0.5729730389841126,0.7503142361882751,False,C:\git_repo\Stellar-World-Model\experiments\exp08_menu_channel\mu_cache,C:\git_repo\Stellar-World-Model\experiments\exp08_menu_channel\subset_mu_cache
menu,hann0p3_off_s1,hann0p3_off,1,mean_std,linear,features_plus_mu,ijspeert,detection,0.4799497347186951,2021,93.0,mean,0.8583690269040289,,,,,C:\git_repo\Stellar-World-Model\experiments\exp08_menu_channel\mu_cache,C:\git_repo\Stellar-World-Model\experiments\exp08_menu_channel\subset_mu_cache
menu,hann0p3_off_s1,hann0p3_off,1,mean_std,linear,features_plus_mu,ijspeert_excl_villanova,detection,0.16433139991599435,1825,19.0,mean,0.6569038876260418,,,,,C:\git_repo\Stellar-World-Model\experiments\exp08_menu_channel\mu_cache,C:\git_repo\Stellar-World-Model\experiments\exp08_menu_channel\subset_mu_cache
menu,hann0p3_off_s1,hann0p3_off,1,mean_std,linear,mu_perp_full,osc_giant,detection,0.5134495874219938,3429,1313.0,mean,0.6736412953495436,,,,,C:\git_repo\Stellar-World-Model\experiments\exp08_menu_channel\mu_cache,C:\git_repo\Stellar-World-Model\experiments\exp08_menu_channel\subset_mu_cache
menu,hann0p3_off_s1,hann0p3_off,1,mean_std,linear,mu_perp_full,solar_like_osc,detection,0.1977112870129917,3429,417.0,mean,0.6548442520883692,,,,,C:\git_repo\Stellar-World-Model\experiments\exp08_menu_channel\mu_cache,C:\git_repo\Stellar-World-Model\experiments\exp08_menu_channel\subset_mu_cache
menu,hann0p3_off_s1,hann0p3_off,1,mean_std,linear,mu_perp_full,flare,detection,0.20070220173336611,3429,304.0,mean,0.6483863157894737,,,,,C:\git_repo\Stellar-World-Model\experiments\exp08_menu_channel\mu_cache,C:\git_repo\Stellar-World-Model\experiments\exp08_menu_channel\subset_mu_cache
menu,hann0p3_off_s1,hann0p3_off,1,mean_std,linear,mu_perp_full,rgb_vs_heb,contrastive,0.7593058715351967,161,113.0,mean,0.62297197640118,,,,,C:\git_repo\Stellar-World-Model\experiments\exp08_menu_channel\mu_cache,C:\git_repo\Stellar-World-Model\experiments\exp08_menu_channel\subset_mu_cache
menu,hann0p3_off_s1,hann0p3_off,1,mean_std,linear,mu_perp_full,numax_hon,regression,,1313,,mean,,0.28685732341463055,0.17532339859120732,0.5510444606864876,True,C:\git_repo\Stellar-World-Model\experiments\exp08_menu_channel\mu_cache,C:\git_repo\Stellar-World-Model\experiments\exp08_menu_channel\subset_mu_cache
menu,hann0p3_off_s1,hann0p3_off,1,mean_std,linear,mu_perp_full,numax_hatt,regression,,417,,mean,,0.1640544740426142,0.3926578384065674,0.3788450711497863,True,C:\git_repo\Stellar-World-Model\experiments\exp08_menu_channel\mu_cache,C:\git_repo\Stellar-World-Model\experiments\exp08_menu_channel\subset_mu_cache
menu,hann0p3_off_s1,hann0p3_off,1,mean_std,linear,mu_perp_full,dnu_hatt,regression,,417,,mean,,0.16447073853624694,0.31428524910754596,0.3738048460967909,True,C:\git_repo\Stellar-World-Model\experiments\exp08_menu_channel\mu_cache,C:\git_repo\Stellar-World-Model\experiments\exp08_menu_channel\subset_mu_cache
menu,hann0p3_off_s1,hann0p3_off,1,mean_std,linear,mu_perp_full,prot_kounkel,regression,,138,,mean,,0.07581363546669873,1.4520569659356233,0.4048873429327836,False,C:\git_repo\Stellar-World-Model\experiments\exp08_menu_channel\mu_cache,C:\git_repo\Stellar-World-Model\experiments\exp08_menu_channel\subset_mu_cache
menu,hann0p3_off_s1,hann0p3_off,1,mean_std,linear,mu_perp_full,rotation_period,regression,,150,,mean,,0.10783182935449587,1.0271389964831392,0.31870394239743993,False,C:\git_repo\Stellar-World-Model\experiments\exp08_menu_channel\mu_cache,C:\git_repo\Stellar-World-Model\experiments\exp08_menu_channel\subset_mu_cache
menu,hann0p3_off_s1,hann0p3_off,1,mean_std,linear,mu_perp_full,ijspeert,detection,0.26930636469628744,2021,93.0,mean,0.6478829250881184,,,,,C:\git_repo\Stellar-World-Model\experiments\exp08_menu_channel\mu_cache,C:\git_repo\Stellar-World-Model\experiments\exp08_menu_channel\subset_mu_cache
menu,hann0p3_off_s1,hann0p3_off,1,mean_std,linear,mu_perp_full,ijspeert_excl_villanova,detection,0.1738230756781811,1825,19.0,mean,0.6276738357521712,,,,,C:\git_repo\Stellar-World-Model\experiments\exp08_menu_channel\mu_cache,C:\git_repo\Stellar-World-Model\experiments\exp08_menu_channel\subset_mu_cache
v1,hann0p3_off_s1,hann0p3_off,1,mean_perp_amp,linear,mu,pulsating,detection,0.778355678358867,2021,216.0,,,,,,,C:\git_repo\Stellar-World-Model\experiments\exp08_menu_channel\mu_cache,C:\git_repo\Stellar-World-Model\experiments\exp08_menu_channel\subset_mu_cache
v1,hann0p3_off_s1,hann0p3_off,1,mean_perp_amp,linear,mu,eb,detection,0.503624390052512,2021,196.0,,,,,,,C:\git_repo\Stellar-World-Model\experiments\exp08_menu_channel\mu_cache,C:\git_repo\Stellar-World-Model\experiments\exp08_menu_channel\subset_mu_cache
v1,hann0p3_off_s1,hann0p3_off,1,mean_perp_amp,linear,mu,rotation,detection,0.4047533178163993,2021,180.0,,,,,,,C:\git_repo\Stellar-World-Model\experiments\exp08_menu_channel\mu_cache,C:\git_repo\Stellar-World-Model\experiments\exp08_menu_channel\subset_mu_cache
v1,hann0p3_off_s1,hann0p3_off,1,mean_perp_amp,linear,mu,transit,detection,0.16889952636518193,2021,122.0,,,,,,,C:\git_repo\Stellar-World-Model\experiments\exp08_menu_channel\mu_cache,C:\git_repo\Stellar-World-Model\experiments\exp08_menu_channel\subset_mu_cache
menu,hann0p3_off_s1,hann0p3_off,1,mean_perp_amp,linear,mu,osc_giant,detection,0.7682836516876566,3429,1313.0,mean,0.8911808913914512,,,,,C:\git_repo\Stellar-World-Model\experiments\exp08_menu_channel\mu_cache,C:\git_repo\Stellar-World-Model\experiments\exp08_menu_channel\subset_mu_cache
menu,hann0p3_off_s1,hann0p3_off,1,mean_perp_amp,linear,mu,solar_like_osc,detection,0.2786429816210261,3429,417.0,mean,0.7607053799191722,,,,,C:\git_repo\Stellar-World-Model\experiments\exp08_menu_channel\mu_cache,C:\git_repo\Stellar-World-Model\experiments\exp08_menu_channel\subset_mu_cache
menu,hann0p3_off_s1,hann0p3_off,1,mean_perp_amp,linear,mu,flare,detection,0.37207129632034375,3429,304.0,mean,0.7653031578947369,,,,,C:\git_repo\Stellar-World-Model\experiments\exp08_menu_channel\mu_cache,C:\git_repo\Stellar-World-Model\experiments\exp08_menu_channel\subset_mu_cache
menu,hann0p3_off_s1,hann0p3_off,1,mean_perp_amp,linear,mu,rgb_vs_heb,contrastive,0.8026250752931245,161,113.0,mean,0.6216814159292036,,,,,C:\git_repo\Stellar-World-Model\experiments\exp08_menu_channel\mu_cache,C:\git_repo\Stellar-World-Model\experiments\exp08_menu_channel\subset_mu_cache
menu,hann0p3_off_s1,hann0p3_off,1,mean_perp_amp,linear,mu,numax_hon,regression,,1313,,mean,,0.5958554593243601,0.13198361690073881,0.7413357704361604,True,C:\git_repo\Stellar-World-Model\experiments\exp08_menu_channel\mu_cache,C:\git_repo\Stellar-World-Model\experiments\exp08_menu_channel\subset_mu_cache
menu,hann0p3_off_s1,hann0p3_off,1,mean_perp_amp,linear,mu,numax_hatt,regression,,417,,mean,,0.6989479287169085,0.23563841474462047,0.8209592020396949,True,C:\git_repo\Stellar-World-Model\experiments\exp08_menu_channel\mu_cache,C:\git_repo\Stellar-World-Model\experiments\exp08_menu_channel\subset_mu_cache
menu,hann0p3_off_s1,hann0p3_off,1,mean_perp_amp,linear,mu,dnu_hatt,regression,,417,,mean,,0.6949942796423536,0.18988784169057554,0.8126167806405553,True,C:\git_repo\Stellar-World-Model\experiments\exp08_menu_channel\mu_cache,C:\git_repo\Stellar-World-Model\experiments\exp08_menu_channel\subset_mu_cache
menu,hann0p3_off_s1,hann0p3_off,1,mean_perp_amp,linear,mu,prot_kounkel,regression,,138,,mean,,0.2920382355041018,1.2708923858666101,0.7046075410660348,False,C:\git_repo\Stellar-World-Model\experiments\exp08_menu_channel\mu_cache,C:\git_repo\Stellar-World-Model\experiments\exp08_menu_channel\subset_mu_cache
menu,hann0p3_off_s1,hann0p3_off,1,mean_perp_amp,linear,mu,rotation_period,regression,,150,,mean,,0.5070301402839905,0.7635123021762114,0.7797662118316371,False,C:\git_repo\Stellar-World-Model\experiments\exp08_menu_channel\mu_cache,C:\git_repo\Stellar-World-Model\experiments\exp08_menu_channel\subset_mu_cache
menu,hann0p3_off_s1,hann0p3_off,1,mean_perp_amp,linear,mu,ijspeert,detection,0.2982651010280033,2021,93.0,mean,0.7561459867041449,,,,,C:\git_repo\Stellar-World-Model\experiments\exp08_menu_channel\mu_cache,C:\git_repo\Stellar-World-Model\experiments\exp08_menu_channel\subset_mu_cache
menu,hann0p3_off_s1,hann0p3_off,1,mean_perp_amp,linear,mu,ijspeert_excl_villanova,detection,0.3870156420943992,1825,19.0,mean,0.7093897534534008,,,,,C:\git_repo\Stellar-World-Model\experiments\exp08_menu_channel\mu_cache,C:\git_repo\Stellar-World-Model\experiments\exp08_menu_channel\subset_mu_cache
v1,hann0p3_off_s2,hann0p3_off,2,mean,linear,mu,pulsating,detection,0.8205586338796809,2021,216.0,,,,,,,C:\git_repo\Stellar-World-Model\experiments\exp08_menu_channel\mu_cache,C:\git_repo\Stellar-World-Model\experiments\exp08_menu_channel\subset_mu_cache
v1,hann0p3_off_s2,hann0p3_off,2,mean,linear,mu,eb,detection,0.7294782776659947,2021,196.0,,,,,,,C:\git_repo\Stellar-World-Model\experiments\exp08_menu_channel\mu_cache,C:\git_repo\Stellar-World-Model\experiments\exp08_menu_channel\subset_mu_cache
v1,hann0p3_off_s2,hann0p3_off,2,mean,linear,mu,rotation,detection,0.5380485873053689,2021,180.0,,,,,,,C:\git_repo\Stellar-World-Model\experiments\exp08_menu_channel\mu_cache,C:\git_repo\Stellar-World-Model\experiments\exp08_menu_channel\subset_mu_cache
v1,hann0p3_off_s2,hann0p3_off,2,mean,linear,mu,transit,detection,0.10353669200181963,2021,122.0,,,,,,,C:\git_repo\Stellar-World-Model\experiments\exp08_menu_channel\mu_cache,C:\git_repo\Stellar-World-Model\experiments\exp08_menu_channel\subset_mu_cache
v1,hann0p3_off_s2,hann0p3_off,2,mean,linear,features_plus_mu,pulsating,detection,0.8323706724267577,2021,216.0,,,,,,,C:\git_repo\Stellar-World-Model\experiments\exp08_menu_channel\mu_cache,C:\git_repo\Stellar-World-Model\experiments\exp08_menu_channel\subset_mu_cache
v1,hann0p3_off_s2,hann0p3_off,2,mean,linear,features_plus_mu,eb,detection,0.7571710745733397,2021,196.0,,,,,,,C:\git_repo\Stellar-World-Model\experiments\exp08_menu_channel\mu_cache,C:\git_repo\Stellar-World-Model\experiments\exp08_menu_channel\subset_mu_cache
v1,hann0p3_off_s2,hann0p3_off,2,mean,linear,features_plus_mu,rotation,detection,0.5241002874082011,2021,180.0,,,,,,,C:\git_repo\Stellar-World-Model\experiments\exp08_menu_channel\mu_cache,C:\git_repo\Stellar-World-Model\experiments\exp08_menu_channel\subset_mu_cache
v1,hann0p3_off_s2,hann0p3_off,2,mean,linear,features_plus_mu,transit,detection,0.18233482803583465,2021,122.0,,,,,,,C:\git_repo\Stellar-World-Model\experiments\exp08_menu_channel\mu_cache,C:\git_repo\Stellar-World-Model\experiments\exp08_menu_channel\subset_mu_cache
v1,hann0p3_off_s2,hann0p3_off,2,mean,linear,mu_perp_full,pulsating,detection,0.2841570727672447,2021,216.0,,,,,,,C:\git_repo\Stellar-World-Model\experiments\exp08_menu_channel\mu_cache,C:\git_repo\Stellar-World-Model\experiments\exp08_menu_channel\subset_mu_cache
v1,hann0p3_off_s2,hann0p3_off,2,mean,linear,mu_perp_full,eb,detection,0.20584686227057675,2021,196.0,,,,,,,C:\git_repo\Stellar-World-Model\experiments\exp08_menu_channel\mu_cache,C:\git_repo\Stellar-World-Model\experiments\exp08_menu_channel\subset_mu_cache
v1,hann0p3_off_s2,hann0p3_off,2,mean,linear,mu_perp_full,rotation,detection,0.15615719834596473,2021,180.0,,,,,,,C:\git_repo\Stellar-World-Model\experiments\exp08_menu_channel\mu_cache,C:\git_repo\Stellar-World-Model\experiments\exp08_menu_channel\subset_mu_cache
v1,hann0p3_off_s2,hann0p3_off,2,mean,linear,mu_perp_full,transit,detection,0.10720672658831631,2021,122.0,,,,,,,C:\git_repo\Stellar-World-Model\experiments\exp08_menu_channel\mu_cache,C:\git_repo\Stellar-World-Model\experiments\exp08_menu_channel\subset_mu_cache
menu,hann0p3_off_s2,hann0p3_off,2,mean,linear,mu,osc_giant,detection,0.8034605321103071,3429,1313.0,mean,0.9084093628208247,,,,,C:\git_repo\Stellar-World-Model\experiments\exp08_menu_channel\mu_cache,C:\git_repo\Stellar-World-Model\experiments\exp08_menu_channel\subset_mu_cache
menu,hann0p3_off_s2,hann0p3_off,2,mean,linear,mu,solar_like_osc,detection,0.2788824462414928,3429,417.0,mean,0.7631536205298709,,,,,C:\git_repo\Stellar-World-Model\experiments\exp08_menu_channel\mu_cache,C:\git_repo\Stellar-World-Model\experiments\exp08_menu_channel\subset_mu_cache
menu,hann0p3_off_s2,hann0p3_off,2,mean,linear,mu,flare,detection,0.44581622451882613,3429,304.0,mean,0.8384884210526317,,,,,C:\git_repo\Stellar-World-Model\experiments\exp08_menu_channel\mu_cache,C:\git_repo\Stellar-World-Model\experiments\exp08_menu_channel\subset_mu_cache
menu,hann0p3_off_s2,hann0p3_off,2,mean,linear,mu,rgb_vs_heb,contrastive,0.801068780428454,161,113.0,mean,0.6347713864306784,,,,,C:\git_repo\Stellar-World-Model\experiments\exp08_menu_channel\mu_cache,C:\git_repo\Stellar-World-Model\experiments\exp08_menu_channel\subset_mu_cache
menu,hann0p3_off_s2,hann0p3_off,2,mean,linear,mu,numax_hon,regression,,1313,,mean,,0.7237942198836183,0.10911087756291045,0.8076847832459113,True,C:\git_repo\Stellar-World-Model\experiments\exp08_menu_channel\mu_cache,C:\git_repo\Stellar-World-Model\experiments\exp08_menu_channel\subset_mu_cache
menu,hann0p3_off_s2,hann0p3_off,2,mean,linear,mu,numax_hatt,regression,,417,,mean,,0.7373631161677932,0.22009143448624488,0.8584307002641385,True,C:\git_repo\Stellar-World-Model\experiments\exp08_menu_channel\mu_cache,C:\git_repo\Stellar-World-Model\experiments\exp08_menu_channel\subset_mu_cache
menu,hann0p3_off_s2,hann0p3_off,2,mean,linear,mu,dnu_hatt,regression,,417,,mean,,0.7251526076258334,0.18025568740229472,0.8555860125725288,True,C:\git_repo\Stellar-World-Model\experiments\exp08_menu_channel\mu_cache,C:\git_repo\Stellar-World-Model\experiments\exp08_menu_channel\subset_mu_cache
menu,hann0p3_off_s2,hann0p3_off,2,mean,linear,mu,prot_kounkel,regression,,138,,mean,,0.3347285715742826,1.2319790207114525,0.7379600149323796,False,C:\git_repo\Stellar-World-Model\experiments\exp08_menu_channel\mu_cache,C:\git_repo\Stellar-World-Model\experiments\exp08_menu_channel\subset_mu_cache
menu,hann0p3_off_s2,hann0p3_off,2,mean,linear,mu,rotation_period,regression,,150,,mean,,0.5523290567555226,0.7275876333297001,0.7461789412862795,False,C:\git_repo\Stellar-World-Model\experiments\exp08_menu_channel\mu_cache,C:\git_repo\Stellar-World-Model\experiments\exp08_menu_channel\subset_mu_cache
menu,hann0p3_off_s2,hann0p3_off,2,mean,linear,mu,ijspeert,detection,0.3731904683116888,2021,93.0,mean,0.8269029134877081,,,,,C:\git_repo\Stellar-World-Model\experiments\exp08_menu_channel\mu_cache,C:\git_repo\Stellar-World-Model\experiments\exp08_menu_channel\subset_mu_cache
menu,hann0p3_off_s2,hann0p3_off,2,mean,linear,mu,ijspeert_excl_villanova,detection,0.045461453068956326,1825,19.0,mean,0.6893396281401177,,,,,C:\git_repo\Stellar-World-Model\experiments\exp08_menu_channel\mu_cache,C:\git_repo\Stellar-World-Model\experiments\exp08_menu_channel\subset_mu_cache
menu,hann0p3_off_s2,hann0p3_off,2,mean,linear,features_plus_mu,osc_giant,detection,0.909736632868701,3429,1313.0,mean,0.9602020366352471,,,,,C:\git_repo\Stellar-World-Model\experiments\exp08_menu_channel\mu_cache,C:\git_repo\Stellar-World-Model\experiments\exp08_menu_channel\subset_mu_cache
menu,hann0p3_off_s2,hann0p3_off,2,mean,linear,features_plus_mu,solar_like_osc,detection,0.3246075194581187,3429,417.0,mean,0.8133883331581745,,,,,C:\git_repo\Stellar-World-Model\experiments\exp08_menu_channel\mu_cache,C:\git_repo\Stellar-World-Model\experiments\exp08_menu_channel\subset_mu_cache
menu,hann0p3_off_s2,hann0p3_off,2,mean,linear,features_plus_mu,flare,detection,0.4965285918751861,3429,304.0,mean,0.8868684210526316,,,,,C:\git_repo\Stellar-World-Model\experiments\exp08_menu_channel\mu_cache,C:\git_repo\Stellar-World-Model\experiments\exp08_menu_channel\subset_mu_cache
menu,hann0p3_off_s2,hann0p3_off,2,mean,linear,features_plus_mu,rgb_vs_heb,contrastive,0.8585677756358885,161,113.0,mean,0.7260324483775812,,,,,C:\git_repo\Stellar-World-Model\experiments\exp08_menu_channel\mu_cache,C:\git_repo\Stellar-World-Model\experiments\exp08_menu_channel\subset_mu_cache
menu,hann0p3_off_s2,hann0p3_off,2,mean,linear,features_plus_mu,numax_hon,regression,,1313,,mean,,0.8444515591168991,0.08188125652048614,0.889723049897946,True,C:\git_repo\Stellar-World-Model\experiments\exp08_menu_channel\mu_cache,C:\git_repo\Stellar-World-Model\experiments\exp08_menu_channel\subset_mu_cache
menu,hann0p3_off_s2,hann0p3_off,2,mean,linear,features_plus_mu,numax_hatt,regression,,417,,mean,,0.8604468098301982,0.16043354022290046,0.9228406584841551,True,C:\git_repo\Stellar-World-Model\experiments\exp08_menu_channel\mu_cache,C:\git_repo\Stellar-World-Model\experiments\exp08_menu_channel\subset_mu_cache
menu,hann0p3_off_s2,hann0p3_off,2,mean,linear,features_plus_mu,dnu_hatt,regression,,417,,mean,,0.8497891144887251,0.13325817742308732,0.9180974780822836,True,C:\git_repo\Stellar-World-Model\experiments\exp08_menu_channel\mu_cache,C:\git_repo\Stellar-World-Model\experiments\exp08_menu_channel\subset_mu_cache
menu,hann0p3_off_s2,hann0p3_off,2,mean,linear,features_plus_mu,prot_kounkel,regression,,138,,mean,,0.5280809018157745,1.037618372386679,0.8244919672553852,False,C:\git_repo\Stellar-World-Model\experiments\exp08_menu_channel\mu_cache,C:\git_repo\Stellar-World-Model\experiments\exp08_menu_channel\subset_mu_cache
menu,hann0p3_off_s2,hann0p3_off,2,mean,linear,features_plus_mu,rotation_period,regression,,150,,mean,,0.6870323721108675,0.6083528746286606,0.7278065691808525,False,C:\git_repo\Stellar-World-Model\experiments\exp08_menu_channel\mu_cache,C:\git_repo\Stellar-World-Model\experiments\exp08_menu_channel\subset_mu_cache
menu,hann0p3_off_s2,hann0p3_off,2,mean,linear,features_plus_mu,ijspeert,detection,0.42529106219258944,2021,93.0,mean,0.8423738455360728,,,,,C:\git_repo\Stellar-World-Model\experiments\exp08_menu_channel\mu_cache,C:\git_repo\Stellar-World-Model\experiments\exp08_menu_channel\subset_mu_cache
menu,hann0p3_off_s2,hann0p3_off,2,mean,linear,features_plus_mu,ijspeert_excl_villanova,detection,0.2568986139389615,1825,19.0,mean,0.7665384391210586,,,,,C:\git_repo\Stellar-World-Model\experiments\exp08_menu_channel\mu_cache,C:\git_repo\Stellar-World-Model\experiments\exp08_menu_channel\subset_mu_cache
menu,hann0p3_off_s2,hann0p3_off,2,mean,linear,mu_perp_full,osc_giant,detection,0.484299814532092,3429,1313.0,mean,0.6622710656989794,,,,,C:\git_repo\Stellar-World-Model\experiments\exp08_menu_channel\mu_cache,C:\git_repo\Stellar-World-Model\experiments\exp08_menu_channel\subset_mu_cache
menu,hann0p3_off_s2,hann0p3_off,2,mean,linear,mu_perp_full,solar_like_osc,detection,0.17899559682984179,3429,417.0,mean,0.6162806806347749,,,,,C:\git_repo\Stellar-World-Model\experiments\exp08_menu_channel\mu_cache,C:\git_repo\Stellar-World-Model\experiments\exp08_menu_channel\subset_mu_cache
menu,hann0p3_off_s2,hann0p3_off,2,mean,linear,mu_perp_full,flare,detection,0.15353762144813582,3429,304.0,mean,0.6095621052631579,,,,,C:\git_repo\Stellar-World-Model\experiments\exp08_menu_channel\mu_cache,C:\git_repo\Stellar-World-Model\experiments\exp08_menu_channel\subset_mu_cache
menu,hann0p3_off_s2,hann0p3_off,2,mean,linear,mu_perp_full,rgb_vs_heb,contrastive,0.7223829149745733,161,113.0,mean,0.5683997050147492,,,,,C:\git_repo\Stellar-World-Model\experiments\exp08_menu_channel\mu_cache,C:\git_repo\Stellar-World-Model\experiments\exp08_menu_channel\subset_mu_cache
menu,hann0p3_off_s2,hann0p3_off,2,mean,linear,mu_perp_full,numax_hon,regression,,1313,,mean,,0.2607799099405955,0.17850013465107245,0.4993641009676747,True,C:\git_repo\Stellar-World-Model\experiments\exp08_menu_channel\mu_cache,C:\git_repo\Stellar-World-Model\experiments\exp08_menu_channel\subset_mu_cache
menu,hann0p3_off_s2,hann0p3_off,2,mean,linear,mu_perp_full,numax_hatt,regression,,417,,mean,,0.19777933679884008,0.3846557285672987,0.39698583690548944,True,C:\git_repo\Stellar-World-Model\experiments\exp08_menu_channel\mu_cache,C:\git_repo\Stellar-World-Model\experiments\exp08_menu_channel\subset_mu_cache
menu,hann0p3_off_s2,hann0p3_off,2,mean,linear,mu_perp_full,dnu_hatt,regression,,417,,mean,,0.20221551108663527,0.3071043443133454,0.4035800439244738,True,C:\git_repo\Stellar-World-Model\experiments\exp08_menu_channel\mu_cache,C:\git_repo\Stellar-World-Model\experiments\exp08_menu_channel\subset_mu_cache
menu,hann0p3_off_s2,hann0p3_off,2,mean,linear,mu_perp_full,prot_kounkel,regression,,138,,mean,,0.10534020383530751,1.4286729995662248,0.46219706681826545,False,C:\git_repo\Stellar-World-Model\experiments\exp08_menu_channel\mu_cache,C:\git_repo\Stellar-World-Model\experiments\exp08_menu_channel\subset_mu_cache
menu,hann0p3_off_s2,hann0p3_off,2,mean,linear,mu_perp_full,rotation_period,regression,,150,,mean,,0.0417724533139332,1.064486556961014,0.2319871994310858,False,C:\git_repo\Stellar-World-Model\experiments\exp08_menu_channel\mu_cache,C:\git_repo\Stellar-World-Model\experiments\exp08_menu_channel\subset_mu_cache
menu,hann0p3_off_s2,hann0p3_off,2,mean,linear,mu_perp_full,ijspeert,detection,0.11853595452133883,2021,93.0,mean,0.5781633427028956,,,,,C:\git_repo\Stellar-World-Model\experiments\exp08_menu_channel\mu_cache,C:\git_repo\Stellar-World-Model\experiments\exp08_menu_channel\subset_mu_cache
menu,hann0p3_off_s2,hann0p3_off,2,mean,linear,mu_perp_full,ijspeert_excl_villanova,detection,0.09345137414920886,1825,19.0,mean,0.7453517514717025,,,,,C:\git_repo\Stellar-World-Model\experiments\exp08_menu_channel\mu_cache,C:\git_repo\Stellar-World-Model\experiments\exp08_menu_channel\subset_mu_cache
v1,hann0p3_off_s2,hann0p3_off,2,mean_std,linear,mu,pulsating,detection,0.8203417796345319,2021,216.0,,,,,,,C:\git_repo\Stellar-World-Model\experiments\exp08_menu_channel\mu_cache,C:\git_repo\Stellar-World-Model\experiments\exp08_menu_channel\subset_mu_cache
v1,hann0p3_off_s2,hann0p3_off,2,mean_std,linear,mu,eb,detection,0.740104627555227,2021,196.0,,,,,,,C:\git_repo\Stellar-World-Model\experiments\exp08_menu_channel\mu_cache,C:\git_repo\Stellar-World-Model\experiments\exp08_menu_channel\subset_mu_cache
v1,hann0p3_off_s2,hann0p3_off,2,mean_std,linear,mu,rotation,detection,0.4720573473973959,2021,180.0,,,,,,,C:\git_repo\Stellar-World-Model\experiments\exp08_menu_channel\mu_cache,C:\git_repo\Stellar-World-Model\experiments\exp08_menu_channel\subset_mu_cache
v1,hann0p3_off_s2,hann0p3_off,2,mean_std,linear,mu,transit,detection,0.1320732142602329,2021,122.0,,,,,,,C:\git_repo\Stellar-World-Model\experiments\exp08_menu_channel\mu_cache,C:\git_repo\Stellar-World-Model\experiments\exp08_menu_channel\subset_mu_cache
v1,hann0p3_off_s2,hann0p3_off,2,mean_std,linear,features_plus_mu,pulsating,detection,0.8520112310082693,2021,216.0,,,,,,,C:\git_repo\Stellar-World-Model\experiments\exp08_menu_channel\mu_cache,C:\git_repo\Stellar-World-Model\experiments\exp08_menu_channel\subset_mu_cache
v1,hann0p3_off_s2,hann0p3_off,2,mean_std,linear,features_plus_mu,eb,detection,0.7549769770557707,2021,196.0,,,,,,,C:\git_repo\Stellar-World-Model\experiments\exp08_menu_channel\mu_cache,C:\git_repo\Stellar-World-Model\experiments\exp08_menu_channel\subset_mu_cache
v1,hann0p3_off_s2,hann0p3_off,2,mean_std,linear,features_plus_mu,rotation,detection,0.45748125290972363,2021,180.0,,,,,,,C:\git_repo\Stellar-World-Model\experiments\exp08_menu_channel\mu_cache,C:\git_repo\Stellar-World-Model\experiments\exp08_menu_channel\subset_mu_cache
v1,hann0p3_off_s2,hann0p3_off,2,mean_std,linear,features_plus_mu,transit,detection,0.1517783945630539,2021,122.0,,,,,,,C:\git_repo\Stellar-World-Model\experiments\exp08_menu_channel\mu_cache,C:\git_repo\Stellar-World-Model\experiments\exp08_menu_channel\subset_mu_cache
v1,hann0p3_off_s2,hann0p3_off,2,mean_std,linear,mu_perp_full,pulsating,detection,0.3070232281328279,2021,216.0,,,,,,,C:\git_repo\Stellar-World-Model\experiments\exp08_menu_channel\mu_cache,C:\git_repo\Stellar-World-Model\experiments\exp08_menu_channel\subset_mu_cache
v1,hann0p3_off_s2,hann0p3_off,2,mean_std,linear,mu_perp_full,eb,detection,0.29798184616505063,2021,196.0,,,,,,,C:\git_repo\Stellar-World-Model\experiments\exp08_menu_channel\mu_cache,C:\git_repo\Stellar-World-Model\experiments\exp08_menu_channel\subset_mu_cache
v1,hann0p3_off_s2,hann0p3_off,2,mean_std,linear,mu_perp_full,rotation,detection,0.16081967581116235,2021,180.0,,,,,,,C:\git_repo\Stellar-World-Model\experiments\exp08_menu_channel\mu_cache,C:\git_repo\Stellar-World-Model\experiments\exp08_menu_channel\subset_mu_cache
v1,hann0p3_off_s2,hann0p3_off,2,mean_std,linear,mu_perp_full,transit,detection,0.10291626417991129,2021,122.0,,,,,,,C:\git_repo\Stellar-World-Model\experiments\exp08_menu_channel\mu_cache,C:\git_repo\Stellar-World-Model\experiments\exp08_menu_channel\subset_mu_cache
menu,hann0p3_off_s2,hann0p3_off,2,mean_std,linear,mu,osc_giant,detection,0.8579120878368278,3429,1313.0,mean,0.9343049798654433,,,,,C:\git_repo\Stellar-World-Model\experiments\exp08_menu_channel\mu_cache,C:\git_repo\Stellar-World-Model\experiments\exp08_menu_channel\subset_mu_cache
menu,hann0p3_off_s2,hann0p3_off,2,mean_std,linear,mu,solar_like_osc,detection,0.2728435294384598,3429,417.0,mean,0.762701392670724,,,,,C:\git_repo\Stellar-World-Model\experiments\exp08_menu_channel\mu_cache,C:\git_repo\Stellar-World-Model\experiments\exp08_menu_channel\subset_mu_cache
menu,hann0p3_off_s2,hann0p3_off,2,mean_std,linear,mu,flare,detection,0.4164096954925672,3429,304.0,mean,0.8480399999999999,,,,,C:\git_repo\Stellar-World-Model\experiments\exp08_menu_channel\mu_cache,C:\git_repo\Stellar-World-Model\experiments\exp08_menu_channel\subset_mu_cache
menu,hann0p3_off_s2,hann0p3_off,2,mean_std,linear,mu,rgb_vs_heb,contrastive,0.8090279250033254,161,113.0,mean,0.6666666666666667,,,,,C:\git_repo\Stellar-World-Model\experiments\exp08_menu_channel\mu_cache,C:\git_repo\Stellar-World-Model\experiments\exp08_menu_channel\subset_mu_cache
menu,hann0p3_off_s2,hann0p3_off,2,mean_std,linear,mu,numax_hon,regression,,1313,,mean,,0.7572880284775859,0.10228154189063648,0.8364054258344813,True,C:\git_repo\Stellar-World-Model\experiments\exp08_menu_channel\mu_cache,C:\git_repo\Stellar-World-Model\experiments\exp08_menu_channel\subset_mu_cache
menu,hann0p3_off_s2,hann0p3_off,2,mean_std,linear,mu,numax_hatt,regression,,417,,mean,,0.7602504745260532,0.2102829982874097,0.8759871154929331,True,C:\git_repo\Stellar-World-Model\experiments\exp08_menu_channel\mu_cache,C:\git_repo\Stellar-World-Model\experiments\exp08_menu_channel\subset_mu_cache
menu,hann0p3_off_s2,hann0p3_off,2,mean_std,linear,mu,dnu_hatt,regression,,417,,mean,,0.7474066503662848,0.17280413164624692,0.8746503873153487,True,C:\git_repo\Stellar-World-Model\experiments\exp08_menu_channel\mu_cache,C:\git_repo\Stellar-World-Model\experiments\exp08_menu_channel\subset_mu_cache
menu,hann0p3_off_s2,hann0p3_off,2,mean_std,linear,mu,prot_kounkel,regression,,138,,mean,,0.5059871045492725,1.0616296005525203,0.8054343892596035,False,C:\git_repo\Stellar-World-Model\experiments\exp08_menu_channel\mu_cache,C:\git_repo\Stellar-World-Model\experiments\exp08_menu_channel\subset_mu_cache
menu,hann0p3_off_s2,hann0p3_off,2,mean_std,linear,mu,rotation_period,regression,,150,,mean,,0.6579293936864745,0.6360096925185871,0.7476723409929331,False,C:\git_repo\Stellar-World-Model\experiments\exp08_menu_channel\mu_cache,C:\git_repo\Stellar-World-Model\experiments\exp08_menu_channel\subset_mu_cache
menu,hann0p3_off_s2,hann0p3_off,2,mean_std,linear,mu,ijspeert,detection,0.35602965225803246,2021,93.0,mean,0.8247222594030251,,,,,C:\git_repo\Stellar-World-Model\experiments\exp08_menu_channel\mu_cache,C:\git_repo\Stellar-World-Model\experiments\exp08_menu_channel\subset_mu_cache
menu,hann0p3_off_s2,hann0p3_off,2,mean_std,linear,mu,ijspeert_excl_villanova,detection,0.08735025702688866,1825,19.0,mean,0.6389228886168912,,,,,C:\git_repo\Stellar-World-Model\experiments\exp08_menu_channel\mu_cache,C:\git_repo\Stellar-World-Model\experiments\exp08_menu_channel\subset_mu_cache
menu,hann0p3_off_s2,hann0p3_off,2,mean_std,linear,features_plus_mu,osc_giant,detection,0.9115558398213153,3429,1313.0,mean,0.9606055196184152,,,,,C:\git_repo\Stellar-World-Model\experiments\exp08_menu_channel\mu_cache,C:\git_repo\Stellar-World-Model\experiments\exp08_menu_channel\subset_mu_cache
menu,hann0p3_off_s2,hann0p3_off,2,mean_std,linear,features_plus_mu,solar_like_osc,detection,0.32463715166534163,3429,417.0,mean,0.8124695462753304,,,,,C:\git_repo\Stellar-World-Model\experiments\exp08_menu_channel\mu_cache,C:\git_repo\Stellar-World-Model\experiments\exp08_menu_channel\subset_mu_cache
menu,hann0p3_off_s2,hann0p3_off,2,mean_std,linear,features_plus_mu,flare,detection,0.48642815924962696,3429,304.0,mean,0.8811252631578947,,,,,C:\git_repo\Stellar-World-Model\experiments\exp08_menu_channel\mu_cache,C:\git_repo\Stellar-World-Model\experiments\exp08_menu_channel\subset_mu_cache
menu,hann0p3_off_s2,hann0p3_off,2,mean_std,linear,features_plus_mu,rgb_vs_heb,contrastive,0.812806265368467,161,113.0,mean,0.6900811209439528,,,,,C:\git_repo\Stellar-World-Model\experiments\exp08_menu_channel\mu_cache,C:\git_repo\Stellar-World-Model\experiments\exp08_menu_channel\subset_mu_cache
menu,hann0p3_off_s2,hann0p3_off,2,mean_std,linear,features_plus_mu,numax_hon,regression,,1313,,mean,,0.8454149312711288,0.08162730142243267,0.8880119636248652,True,C:\git_repo\Stellar-World-Model\experiments\exp08_menu_channel\mu_cache,C:\git_repo\Stellar-World-Model\experiments\exp08_menu_channel\subset_mu_cache
menu,hann0p3_off_s2,hann0p3_off,2,mean_std,linear,features_plus_mu,numax_hatt,regression,,417,,mean,,0.8574791298079802,0.16213042280603204,0.9205604336937251,True,C:\git_repo\Stellar-World-Model\experiments\exp08_menu_channel\mu_cache,C:\git_repo\Stellar-World-Model\experiments\exp08_menu_channel\subset_mu_cache
menu,hann0p3_off_s2,hann0p3_off,2,mean_std,linear,features_plus_mu,dnu_hatt,regression,,417,,mean,,0.8477600469624847,0.1341551924435515,0.9113073315893072,True,C:\git_repo\Stellar-World-Model\experiments\exp08_menu_channel\mu_cache,C:\git_repo\Stellar-World-Model\experiments\exp08_menu_channel\subset_mu_cache
menu,hann0p3_off_s2,hann0p3_off,2,mean_std,linear,features_plus_mu,prot_kounkel,regression,,138,,mean,,0.5487625913985126,1.0146270221004712,0.83304926955899,False,C:\git_repo\Stellar-World-Model\experiments\exp08_menu_channel\mu_cache,C:\git_repo\Stellar-World-Model\experiments\exp08_menu_channel\subset_mu_cache
menu,hann0p3_off_s2,hann0p3_off,2,mean_std,linear,features_plus_mu,rotation_period,regression,,150,,mean,,0.7248479836952646,0.5704166651643332,0.7368914173963287,False,C:\git_repo\Stellar-World-Model\experiments\exp08_menu_channel\mu_cache,C:\git_repo\Stellar-World-Model\experiments\exp08_menu_channel\subset_mu_cache
menu,hann0p3_off_s2,hann0p3_off,2,mean_std,linear,features_plus_mu,ijspeert,detection,0.34938394275616147,2021,93.0,mean,0.8270367643778165,,,,,C:\git_repo\Stellar-World-Model\experiments\exp08_menu_channel\mu_cache,C:\git_repo\Stellar-World-Model\experiments\exp08_menu_channel\subset_mu_cache
menu,hann0p3_off_s2,hann0p3_off,2,mean_std,linear,features_plus_mu,ijspeert_excl_villanova,detection,0.128539282888213,1825,19.0,mean,0.6789065687474499,,,,,C:\git_repo\Stellar-World-Model\experiments\exp08_menu_channel\mu_cache,C:\git_repo\Stellar-World-Model\experiments\exp08_menu_channel\subset_mu_cache
menu,hann0p3_off_s2,hann0p3_off,2,mean_std,linear,mu_perp_full,osc_giant,detection,0.5217401083023857,3429,1313.0,mean,0.6832032301674256,,,,,C:\git_repo\Stellar-World-Model\experiments\exp08_menu_channel\mu_cache,C:\git_repo\Stellar-World-Model\experiments\exp08_menu_channel\subset_mu_cache
menu,hann0p3_off_s2,hann0p3_off,2,mean_std,linear,mu_perp_full,solar_like_osc,detection,0.18330120588003998,3429,417.0,mean,0.624552151107799,,,,,C:\git_repo\Stellar-World-Model\experiments\exp08_menu_channel\mu_cache,C:\git_repo\Stellar-World-Model\experiments\exp08_menu_channel\subset_mu_cache
menu,hann0p3_off_s2,hann0p3_off,2,mean_std,linear,mu_perp_full,flare,detection,0.19250338696817113,3429,304.0,mean,0.6306200000000001,,,,,C:\git_repo\Stellar-World-Model\experiments\exp08_menu_channel\mu_cache,C:\git_repo\Stellar-World-Model\experiments\exp08_menu_channel\subset_mu_cache
menu,hann0p3_off_s2,hann0p3_off,2,mean_std,linear,mu_perp_full,rgb_vs_heb,contrastive,0.7231458877487602,161,113.0,mean,0.582042772861357,,,,,C:\git_repo\Stellar-World-Model\experiments\exp08_menu_channel\mu_cache,C:\git_repo\Stellar-World-Model\experiments\exp08_menu_channel\subset_mu_cache
menu,hann0p3_off_s2,hann0p3_off,2,mean_std,linear,mu_perp_full,numax_hon,regression,,1313,,mean,,0.31190402901648073,0.17221706155948152,0.5453316029786142,True,C:\git_repo\Stellar-World-Model\experiments\exp08_menu_channel\mu_cache,C:\git_repo\Stellar-World-Model\experiments\exp08_menu_channel\subset_mu_cache
menu,hann0p3_off_s2,hann0p3_off,2,mean_std,linear,mu_perp_full,numax_hatt,regression,,417,,mean,,0.20224303532688048,0.3835840893277305,0.4337427427835182,True,C:\git_repo\Stellar-World-Model\experiments\exp08_menu_channel\mu_cache,C:\git_repo\Stellar-World-Model\experiments\exp08_menu_channel\subset_mu_cache
menu,hann0p3_off_s2,hann0p3_off,2,mean_std,linear,mu_perp_full,dnu_hatt,regression,,417,,mean,,0.2056812680607364,0.3064365527612243,0.4390033263161049,True,C:\git_repo\Stellar-World-Model\experiments\exp08_menu_channel\mu_cache,C:\git_repo\Stellar-World-Model\experiments\exp08_menu_channel\subset_mu_cache
menu,hann0p3_off_s2,hann0p3_off,2,mean_std,linear,mu_perp_full,prot_kounkel,regression,,138,,mean,,0.15383528834582383,1.3894129138028763,0.5434480585681019,False,C:\git_repo\Stellar-World-Model\experiments\exp08_menu_channel\mu_cache,C:\git_repo\Stellar-World-Model\experiments\exp08_menu_channel\subset_mu_cache
menu,hann0p3_off_s2,hann0p3_off,2,mean_std,linear,mu_perp_full,rotation_period,regression,,150,,mean,,0.11319986743806087,1.0240442659829367,0.3884528201253389,False,C:\git_repo\Stellar-World-Model\experiments\exp08_menu_channel\mu_cache,C:\git_repo\Stellar-World-Model\experiments\exp08_menu_channel\subset_mu_cache
menu,hann0p3_off_s2,hann0p3_off,2,mean_std,linear,mu_perp_full,ijspeert,detection,0.18932741795516805,2021,93.0,mean,0.5940358274215858,,,,,C:\git_repo\Stellar-World-Model\experiments\exp08_menu_channel\mu_cache,C:\git_repo\Stellar-World-Model\experiments\exp08_menu_channel\subset_mu_cache
menu,hann0p3_off_s2,hann0p3_off,2,mean_std,linear,mu_perp_full,ijspeert_excl_villanova,detection,0.06481580952436532,1825,19.0,mean,0.5858250276854928,,,,,C:\git_repo\Stellar-World-Model\experiments\exp08_menu_channel\mu_cache,C:\git_repo\Stellar-World-Model\experiments\exp08_menu_channel\subset_mu_cache
v1,hann0p3_off_s2,hann0p3_off,2,mean_perp_amp,linear,mu,pulsating,detection,0.8079004373789347,2021,216.0,,,,,,,C:\git_repo\Stellar-World-Model\experiments\exp08_menu_channel\mu_cache,C:\git_repo\Stellar-World-Model\experiments\exp08_menu_channel\subset_mu_cache
v1,hann0p3_off_s2,hann0p3_off,2,mean_perp_amp,linear,mu,eb,detection,0.5069634481727104,2021,196.0,,,,,,,C:\git_repo\Stellar-World-Model\experiments\exp08_menu_channel\mu_cache,C:\git_repo\Stellar-World-Model\experiments\exp08_menu_channel\subset_mu_cache
v1,hann0p3_off_s2,hann0p3_off,2,mean_perp_amp,linear,mu,rotation,detection,0.37275289156364366,2021,180.0,,,,,,,C:\git_repo\Stellar-World-Model\experiments\exp08_menu_channel\mu_cache,C:\git_repo\Stellar-World-Model\experiments\exp08_menu_channel\subset_mu_cache
v1,hann0p3_off_s2,hann0p3_off,2,mean_perp_amp,linear,mu,transit,detection,0.12385113720367512,2021,122.0,,,,,,,C:\git_repo\Stellar-World-Model\experiments\exp08_menu_channel\mu_cache,C:\git_repo\Stellar-World-Model\experiments\exp08_menu_channel\subset_mu_cache
menu,hann0p3_off_s2,hann0p3_off,2,mean_perp_amp,linear,mu,osc_giant,detection,0.7953586533568116,3429,1313.0,mean,0.9023607173862653,,,,,C:\git_repo\Stellar-World-Model\experiments\exp08_menu_channel\mu_cache,C:\git_repo\Stellar-World-Model\experiments\exp08_menu_channel\subset_mu_cache
menu,hann0p3_off_s2,hann0p3_off,2,mean_perp_amp,linear,mu,solar_like_osc,detection,0.26851582759268994,3429,417.0,mean,0.7543614510781812,,,,,C:\git_repo\Stellar-World-Model\experiments\exp08_menu_channel\mu_cache,C:\git_repo\Stellar-World-Model\experiments\exp08_menu_channel\subset_mu_cache
menu,hann0p3_off_s2,hann0p3_off,2,mean_perp_amp,linear,mu,flare,detection,0.36296325151827696,3429,304.0,mean,0.7447105263157895,,,,,C:\git_repo\Stellar-World-Model\experiments\exp08_menu_channel\mu_cache,C:\git_repo\Stellar-World-Model\experiments\exp08_menu_channel\subset_mu_cache
menu,hann0p3_off_s2,hann0p3_off,2,mean_perp_amp,linear,mu,rgb_vs_heb,contrastive,0.7952550293385083,161,113.0,mean,0.6299778761061947,,,,,C:\git_repo\Stellar-World-Model\experiments\exp08_menu_channel\mu_cache,C:\git_repo\Stellar-World-Model\experiments\exp08_menu_channel\subset_mu_cache
menu,hann0p3_off_s2,hann0p3_off,2,mean_perp_amp,linear,mu,numax_hon,regression,,1313,,mean,,0.6441592686683573,0.12384529057197136,0.780318294593096,True,C:\git_repo\Stellar-World-Model\experiments\exp08_menu_channel\mu_cache,C:\git_repo\Stellar-World-Model\experiments\exp08_menu_channel\subset_mu_cache
menu,hann0p3_off_s2,hann0p3_off,2,mean_perp_amp,linear,mu,numax_hatt,regression,,417,,mean,,0.6534532141685045,0.2528169689227252,0.8003593979154467,True,C:\git_repo\Stellar-World-Model\experiments\exp08_menu_channel\mu_cache,C:\git_repo\Stellar-World-Model\experiments\exp08_menu_channel\subset_mu_cache
menu,hann0p3_off_s2,hann0p3_off,2,mean_perp_amp,linear,mu,dnu_hatt,regression,,417,,mean,,0.6473301206625508,0.20418665312125642,0.7966462005263718,True,C:\git_repo\Stellar-World-Model\experiments\exp08_menu_channel\mu_cache,C:\git_repo\Stellar-World-Model\experiments\exp08_menu_channel\subset_mu_cache
menu,hann0p3_off_s2,hann0p3_off,2,mean_perp_amp,linear,mu,prot_kounkel,regression,,138,,mean,,0.32865696437005776,1.237588087199057,0.7433094704546171,False,C:\git_repo\Stellar-World-Model\experiments\exp08_menu_channel\mu_cache,C:\git_repo\Stellar-World-Model\experiments\exp08_menu_channel\subset_mu_cache
menu,hann0p3_off_s2,hann0p3_off,2,mean_perp_amp,linear,mu,rotation_period,regression,,150,,mean,,0.5294711114320405,0.7459315932785706,0.7156389172852127,False,C:\git_repo\Stellar-World-Model\experiments\exp08_menu_channel\mu_cache,C:\git_repo\Stellar-World-Model\experiments\exp08_menu_channel\subset_mu_cache
menu,hann0p3_off_s2,hann0p3_off,2,mean_perp_amp,linear,mu,ijspeert,detection,0.2624077033307041,2021,93.0,mean,0.749185740418507,,,,,C:\git_repo\Stellar-World-Model\experiments\exp08_menu_channel\mu_cache,C:\git_repo\Stellar-World-Model\experiments\exp08_menu_channel\subset_mu_cache
menu,hann0p3_off_s2,hann0p3_off,2,mean_perp_amp,linear,mu,ijspeert_excl_villanova,detection,0.16932792489575355,1825,19.0,mean,0.7197353849740631,,,,,C:\git_repo\Stellar-World-Model\experiments\exp08_menu_channel\mu_cache,C:\git_repo\Stellar-World-Model\experiments\exp08_menu_channel\subset_mu_cache
v1,hann0p3_off_s3,hann0p3_off,3,mean,linear,mu,pulsating,detection,0.8120649072525341,2021,216.0,,,,,,,C:\git_repo\Stellar-World-Model\experiments\exp08_menu_channel\mu_cache,C:\git_repo\Stellar-World-Model\experiments\exp08_menu_channel\subset_mu_cache
v1,hann0p3_off_s3,hann0p3_off,3,mean,linear,mu,eb,detection,0.7479059210658853,2021,196.0,,,,,,,C:\git_repo\Stellar-World-Model\experiments\exp08_menu_channel\mu_cache,C:\git_repo\Stellar-World-Model\experiments\exp08_menu_channel\subset_mu_cache
v1,hann0p3_off_s3,hann0p3_off,3,mean,linear,mu,rotation,detection,0.5104173494608487,2021,180.0,,,,,,,C:\git_repo\Stellar-World-Model\experiments\exp08_menu_channel\mu_cache,C:\git_repo\Stellar-World-Model\experiments\exp08_menu_channel\subset_mu_cache
v1,hann0p3_off_s3,hann0p3_off,3,mean,linear,mu,transit,detection,0.11708552382762925,2021,122.0,,,,,,,C:\git_repo\Stellar-World-Model\experiments\exp08_menu_channel\mu_cache,C:\git_repo\Stellar-World-Model\experiments\exp08_menu_channel\subset_mu_cache
v1,hann0p3_off_s3,hann0p3_off,3,mean,linear,features_plus_mu,pulsating,detection,0.8557108109905662,2021,216.0,,,,,,,C:\git_repo\Stellar-World-Model\experiments\exp08_menu_channel\mu_cache,C:\git_repo\Stellar-World-Model\experiments\exp08_menu_channel\subset_mu_cache
v1,hann0p3_off_s3,hann0p3_off,3,mean,linear,features_plus_mu,eb,detection,0.7720047304092078,2021,196.0,,,,,,,C:\git_repo\Stellar-World-Model\experiments\exp08_menu_channel\mu_cache,C:\git_repo\Stellar-World-Model\experiments\exp08_menu_channel\subset_mu_cache
v1,hann0p3_off_s3,hann0p3_off,3,mean,linear,features_plus_mu,rotation,detection,0.5182045776744776,2021,180.0,,,,,,,C:\git_repo\Stellar-World-Model\experiments\exp08_menu_channel\mu_cache,C:\git_repo\Stellar-World-Model\experiments\exp08_menu_channel\subset_mu_cache
v1,hann0p3_off_s3,hann0p3_off,3,mean,linear,features_plus_mu,transit,detection,0.2037935057524636,2021,122.0,,,,,,,C:\git_repo\Stellar-World-Model\experiments\exp08_menu_channel\mu_cache,C:\git_repo\Stellar-World-Model\experiments\exp08_menu_channel\subset_mu_cache
v1,hann0p3_off_s3,hann0p3_off,3,mean,linear,mu_perp_full,pulsating,detection,0.31181968333165055,2021,216.0,,,,,,,C:\git_repo\Stellar-World-Model\experiments\exp08_menu_channel\mu_cache,C:\git_repo\Stellar-World-Model\experiments\exp08_menu_channel\subset_mu_cache
v1,hann0p3_off_s3,hann0p3_off,3,mean,linear,mu_perp_full,eb,detection,0.24277839120151629,2021,196.0,,,,,,,C:\git_repo\Stellar-World-Model\experiments\exp08_menu_channel\mu_cache,C:\git_repo\Stellar-World-Model\experiments\exp08_menu_channel\subset_mu_cache
v1,hann0p3_off_s3,hann0p3_off,3,mean,linear,mu_perp_full,rotation,detection,0.18662632742495847,2021,180.0,,,,,,,C:\git_repo\Stellar-World-Model\experiments\exp08_menu_channel\mu_cache,C:\git_repo\Stellar-World-Model\experiments\exp08_menu_channel\subset_mu_cache
v1,hann0p3_off_s3,hann0p3_off,3,mean,linear,mu_perp_full,transit,detection,0.11404103165554333,2021,122.0,,,,,,,C:\git_repo\Stellar-World-Model\experiments\exp08_menu_channel\mu_cache,C:\git_repo\Stellar-World-Model\experiments\exp08_menu_channel\subset_mu_cache
menu,hann0p3_off_s3,hann0p3_off,3,mean,linear,mu,osc_giant,detection,0.8099443836668143,3429,1313.0,mean,0.9109137647805786,,,,,C:\git_repo\Stellar-World-Model\experiments\exp08_menu_channel\mu_cache,C:\git_repo\Stellar-World-Model\experiments\exp08_menu_channel\subset_mu_cache
menu,hann0p3_off_s3,hann0p3_off,3,mean,linear,mu,solar_like_osc,detection,0.27677923382954667,3429,417.0,mean,0.7615692306712399,,,,,C:\git_repo\Stellar-World-Model\experiments\exp08_menu_channel\mu_cache,C:\git_repo\Stellar-World-Model\experiments\exp08_menu_channel\subset_mu_cache
menu,hann0p3_off_s3,hann0p3_off,3,mean,linear,mu,flare,detection,0.4350056472361013,3429,304.0,mean,0.8521389473684211,,,,,C:\git_repo\Stellar-World-Model\experiments\exp08_menu_channel\mu_cache,C:\git_repo\Stellar-World-Model\experiments\exp08_menu_channel\subset_mu_cache
menu,hann0p3_off_s3,hann0p3_off,3,mean,linear,mu,rgb_vs_heb,contrastive,0.8235107833175779,161,113.0,mean,0.6631637168141592,,,,,C:\git_repo\Stellar-World-Model\experiments\exp08_menu_channel\mu_cache,C:\git_repo\Stellar-World-Model\experiments\exp08_menu_channel\subset_mu_cache
menu,hann0p3_off_s3,hann0p3_off,3,mean,linear,mu,numax_hon,regression,,1313,,mean,,0.664496122822327,0.12025425138493416,0.7782604175517432,True,C:\git_repo\Stellar-World-Model\experiments\exp08_menu_channel\mu_cache,C:\git_repo\Stellar-World-Model\experiments\exp08_menu_channel\subset_mu_cache
menu,hann0p3_off_s3,hann0p3_off,3,mean,linear,mu,numax_hatt,regression,,417,,mean,,0.7329502740379726,0.22193272767353764,0.84881481599169,True,C:\git_repo\Stellar-World-Model\experiments\exp08_menu_channel\mu_cache,C:\git_repo\Stellar-World-Model\experiments\exp08_menu_channel\subset_mu_cache
menu,hann0p3_off_s3,hann0p3_off,3,mean,linear,mu,dnu_hatt,regression,,417,,mean,,0.7213401607796281,0.1815015578699102,0.8419748552843351,True,C:\git_repo\Stellar-World-Model\experiments\exp08_menu_channel\mu_cache,C:\git_repo\Stellar-World-Model\experiments\exp08_menu_channel\subset_mu_cache
menu,hann0p3_off_s3,hann0p3_off,3,mean,linear,mu,prot_kounkel,regression,,138,,mean,,0.26117034203339573,1.2983029279306482,0.6820727028225504,False,C:\git_repo\Stellar-World-Model\experiments\exp08_menu_channel\mu_cache,C:\git_repo\Stellar-World-Model\experiments\exp08_menu_channel\subset_mu_cache
menu,hann0p3_off_s3,hann0p3_off,3,mean,linear,mu,rotation_period,regression,,150,,mean,,0.5217462617668001,0.752029785796899,0.7783190364016179,False,C:\git_repo\Stellar-World-Model\experiments\exp08_menu_channel\mu_cache,C:\git_repo\Stellar-World-Model\experiments\exp08_menu_channel\subset_mu_cache
menu,hann0p3_off_s3,hann0p3_off,3,mean,linear,mu,ijspeert,detection,0.4153542099341184,2021,93.0,mean,0.8496017936019274,,,,,C:\git_repo\Stellar-World-Model\experiments\exp08_menu_channel\mu_cache,C:\git_repo\Stellar-World-Model\experiments\exp08_menu_channel\subset_mu_cache
menu,hann0p3_off_s3,hann0p3_off,3,mean,linear,mu,ijspeert_excl_villanova,detection,0.2026878142204328,1825,19.0,mean,0.6601095762662469,,,,,C:\git_repo\Stellar-World-Model\experiments\exp08_menu_channel\mu_cache,C:\git_repo\Stellar-World-Model\experiments\exp08_menu_channel\subset_mu_cache
menu,hann0p3_off_s3,hann0p3_off,3,mean,linear,features_plus_mu,osc_giant,detection,0.9134270878554773,3429,1313.0,mean,0.9613163839286357,,,,,C:\git_repo\Stellar-World-Model\experiments\exp08_menu_channel\mu_cache,C:\git_repo\Stellar-World-Model\experiments\exp08_menu_channel\subset_mu_cache
menu,hann0p3_off_s3,hann0p3_off,3,mean,linear,features_plus_mu,solar_like_osc,detection,0.34002989860378424,3429,417.0,mean,0.8152410342642221,,,,,C:\git_repo\Stellar-World-Model\experiments\exp08_menu_channel\mu_cache,C:\git_repo\Stellar-World-Model\experiments\exp08_menu_channel\subset_mu_cache
menu,hann0p3_off_s3,hann0p3_off,3,mean,linear,features_plus_mu,flare,detection,0.5181013998980993,3429,304.0,mean,0.8929136842105263,,,,,C:\git_repo\Stellar-World-Model\experiments\exp08_menu_channel\mu_cache,C:\git_repo\Stellar-World-Model\experiments\exp08_menu_channel\subset_mu_cache
menu,hann0p3_off_s3,hann0p3_off,3,mean,linear,features_plus_mu,rgb_vs_heb,contrastive,0.8627055695579653,161,113.0,mean,0.7507374631268436,,,,,C:\git_repo\Stellar-World-Model\experiments\exp08_menu_channel\mu_cache,C:\git_repo\Stellar-World-Model\experiments\exp08_menu_channel\subset_mu_cache
menu,hann0p3_off_s3,hann0p3_off,3,mean,linear,features_plus_mu,numax_hon,regression,,1313,,mean,,0.8362721744641997,0.08400650454609772,0.8854813638225031,True,C:\git_repo\Stellar-World-Model\experiments\exp08_menu_channel\mu_cache,C:\git_repo\Stellar-World-Model\experiments\exp08_menu_channel\subset_mu_cache
menu,hann0p3_off_s3,hann0p3_off,3,mean,linear,features_plus_mu,numax_hatt,regression,,417,,mean,,0.8633007839408873,0.1587845690120009,0.9242296287397037,True,C:\git_repo\Stellar-World-Model\experiments\exp08_menu_channel\mu_cache,C:\git_repo\Stellar-World-Model\experiments\exp08_menu_channel\subset_mu_cache
menu,hann0p3_off_s3,hann0p3_off,3,mean,linear,features_plus_mu,dnu_hatt,regression,,417,,mean,,0.8518419653694176,0.13234446117026158,0.9168878125743526,True,C:\git_repo\Stellar-World-Model\experiments\exp08_menu_channel\mu_cache,C:\git_repo\Stellar-World-Model\experiments\exp08_menu_channel\subset_mu_cache
menu,hann0p3_off_s3,hann0p3_off,3,mean,linear,features_plus_mu,prot_kounkel,regression,,138,,mean,,0.48394755736315853,1.0850526083518073,0.7935550819261841,False,C:\git_repo\Stellar-World-Model\experiments\exp08_menu_channel\mu_cache,C:\git_repo\Stellar-World-Model\experiments\exp08_menu_channel\subset_mu_cache
menu,hann0p3_off_s3,hann0p3_off,3,mean,linear,features_plus_mu,rotation_period,regression,,150,,mean,,0.6927893739401765,0.6027316151076069,0.7273194364193964,False,C:\git_repo\Stellar-World-Model\experiments\exp08_menu_channel\mu_cache,C:\git_repo\Stellar-World-Model\experiments\exp08_menu_channel\subset_mu_cache
menu,hann0p3_off_s3,hann0p3_off,3,mean,linear,features_plus_mu,ijspeert,detection,0.4282109487866671,2021,93.0,mean,0.8621447374291705,,,,,C:\git_repo\Stellar-World-Model\experiments\exp08_menu_channel\mu_cache,C:\git_repo\Stellar-World-Model\experiments\exp08_menu_channel\subset_mu_cache
menu,hann0p3_off_s3,hann0p3_off,3,mean,linear,features_plus_mu,ijspeert_excl_villanova,detection,0.26919096058318165,1825,19.0,mean,0.6916127528122632,,,,,C:\git_repo\Stellar-World-Model\experiments\exp08_menu_channel\mu_cache,C:\git_repo\Stellar-World-Model\experiments\exp08_menu_channel\subset_mu_cache
menu,hann0p3_off_s3,hann0p3_off,3,mean,linear,mu_perp_full,osc_giant,detection,0.473376382406151,3429,1313.0,mean,0.6498512763883629,,,,,C:\git_repo\Stellar-World-Model\experiments\exp08_menu_channel\mu_cache,C:\git_repo\Stellar-World-Model\experiments\exp08_menu_channel\subset_mu_cache
menu,hann0p3_off_s3,hann0p3_off,3,mean,linear,mu_perp_full,solar_like_osc,detection,0.18632514486648355,3429,417.0,mean,0.6243634574412184,,,,,C:\git_repo\Stellar-World-Model\experiments\exp08_menu_channel\mu_cache,C:\git_repo\Stellar-World-Model\experiments\exp08_menu_channel\subset_mu_cache
menu,hann0p3_off_s3,hann0p3_off,3,mean,linear,mu_perp_full,flare,detection,0.16814690806205757,3429,304.0,mean,0.6162684210526316,,,,,C:\git_repo\Stellar-World-Model\experiments\exp08_menu_channel\mu_cache,C:\git_repo\Stellar-World-Model\experiments\exp08_menu_channel\subset_mu_cache
menu,hann0p3_off_s3,hann0p3_off,3,mean,linear,mu_perp_full,rgb_vs_heb,contrastive,0.7477323766149337,161,113.0,mean,0.5881268436578172,,,,,C:\git_repo\Stellar-World-Model\experiments\exp08_menu_channel\mu_cache,C:\git_repo\Stellar-World-Model\experiments\exp08_menu_channel\subset_mu_cache
menu,hann0p3_off_s3,hann0p3_off,3,mean,linear,mu_perp_full,numax_hon,regression,,1313,,mean,,0.23029727477955186,0.18214329111256167,0.47848632921308004,True,C:\git_repo\Stellar-World-Model\experiments\exp08_menu_channel\mu_cache,C:\git_repo\Stellar-World-Model\experiments\exp08_menu_channel\subset_mu_cache
menu,hann0p3_off_s3,hann0p3_off,3,mean,linear,mu_perp_full,numax_hatt,regression,,417,,mean,,0.20121493183833616,0.3838311803474101,0.40179435826200377,True,C:\git_repo\Stellar-World-Model\experiments\exp08_menu_channel\mu_cache,C:\git_repo\Stellar-World-Model\experiments\exp08_menu_channel\subset_mu_cache
menu,hann0p3_off_s3,hann0p3_off,3,mean,linear,mu_perp_full,dnu_hatt,regression,,417,,mean,,0.20219661882423257,0.3071079805469337,0.39283132311728836,True,C:\git_repo\Stellar-World-Model\experiments\exp08_menu_channel\mu_cache,C:\git_repo\Stellar-World-Model\experiments\exp08_menu_channel\subset_mu_cache
menu,hann0p3_off_s3,hann0p3_off,3,mean,linear,mu_perp_full,prot_kounkel,regression,,138,,mean,,0.09022851998247383,1.4406883204107512,0.43027613738744913,False,C:\git_repo\Stellar-World-Model\experiments\exp08_menu_channel\mu_cache,C:\git_repo\Stellar-World-Model\experiments\exp08_menu_channel\subset_mu_cache
menu,hann0p3_off_s3,hann0p3_off,3,mean,linear,mu_perp_full,rotation_period,regression,,150,,mean,,0.07078820237163719,1.0482459979778929,0.26582692564113963,False,C:\git_repo\Stellar-World-Model\experiments\exp08_menu_channel\mu_cache,C:\git_repo\Stellar-World-Model\experiments\exp08_menu_channel\subset_mu_cache
menu,hann0p3_off_s3,hann0p3_off,3,mean,linear,mu_perp_full,ijspeert,detection,0.12620425022302292,2021,93.0,mean,0.6463101771293446,,,,,C:\git_repo\Stellar-World-Model\experiments\exp08_menu_channel\mu_cache,C:\git_repo\Stellar-World-Model\experiments\exp08_menu_channel\subset_mu_cache
menu,hann0p3_off_s3,hann0p3_off,3,mean,linear,mu_perp_full,ijspeert_excl_villanova,detection,0.20269594157384754,1825,19.0,mean,0.6520370694177303,,,,,C:\git_repo\Stellar-World-Model\experiments\exp08_menu_channel\mu_cache,C:\git_repo\Stellar-World-Model\experiments\exp08_menu_channel\subset_mu_cache
v1,hann0p3_off_s3,hann0p3_off,3,mean_std,linear,mu,pulsating,detection,0.804807446501472,2021,216.0,,,,,,,C:\git_repo\Stellar-World-Model\experiments\exp08_menu_channel\mu_cache,C:\git_repo\Stellar-World-Model\experiments\exp08_menu_channel\subset_mu_cache
v1,hann0p3_off_s3,hann0p3_off,3,mean_std,linear,mu,eb,detection,0.7455284034598745,2021,196.0,,,,,,,C:\git_repo\Stellar-World-Model\experiments\exp08_menu_channel\mu_cache,C:\git_repo\Stellar-World-Model\experiments\exp08_menu_channel\subset_mu_cache
v1,hann0p3_off_s3,hann0p3_off,3,mean_std,linear,mu,rotation,detection,0.4940609432536926,2021,180.0,,,,,,,C:\git_repo\Stellar-World-Model\experiments\exp08_menu_channel\mu_cache,C:\git_repo\Stellar-World-Model\experiments\exp08_menu_channel\subset_mu_cache
v1,hann0p3_off_s3,hann0p3_off,3,mean_std,linear,mu,transit,detection,0.1583660109282068,2021,122.0,,,,,,,C:\git_repo\Stellar-World-Model\experiments\exp08_menu_channel\mu_cache,C:\git_repo\Stellar-World-Model\experiments\exp08_menu_channel\subset_mu_cache
v1,hann0p3_off_s3,hann0p3_off,3,mean_std,linear,features_plus_mu,pulsating,detection,0.8361082033688646,2021,216.0,,,,,,,C:\git_repo\Stellar-World-Model\experiments\exp08_menu_channel\mu_cache,C:\git_repo\Stellar-World-Model\experiments\exp08_menu_channel\subset_mu_cache
v1,hann0p3_off_s3,hann0p3_off,3,mean_std,linear,features_plus_mu,eb,detection,0.7573958809926944,2021,196.0,,,,,,,C:\git_repo\Stellar-World-Model\experiments\exp08_menu_channel\mu_cache,C:\git_repo\Stellar-World-Model\experiments\exp08_menu_channel\subset_mu_cache
v1,hann0p3_off_s3,hann0p3_off,3,mean_std,linear,features_plus_mu,rotation,detection,0.47397059801644653,2021,180.0,,,,,,,C:\git_repo\Stellar-World-Model\experiments\exp08_menu_channel\mu_cache,C:\git_repo\Stellar-World-Model\experiments\exp08_menu_channel\subset_mu_cache
v1,hann0p3_off_s3,hann0p3_off,3,mean_std,linear,features_plus_mu,transit,detection,0.18112387415675324,2021,122.0,,,,,,,C:\git_repo\Stellar-World-Model\experiments\exp08_menu_channel\mu_cache,C:\git_repo\Stellar-World-Model\experiments\exp08_menu_channel\subset_mu_cache
v1,hann0p3_off_s3,hann0p3_off,3,mean_std,linear,mu_perp_full,pulsating,detection,0.3109921788119203,2021,216.0,,,,,,,C:\git_repo\Stellar-World-Model\experiments\exp08_menu_channel\mu_cache,C:\git_repo\Stellar-World-Model\experiments\exp08_menu_channel\subset_mu_cache
v1,hann0p3_off_s3,hann0p3_off,3,mean_std,linear,mu_perp_full,eb,detection,0.3020889872240941,2021,196.0,,,,,,,C:\git_repo\Stellar-World-Model\experiments\exp08_menu_channel\mu_cache,C:\git_repo\Stellar-World-Model\experiments\exp08_menu_channel\subset_mu_cache
v1,hann0p3_off_s3,hann0p3_off,3,mean_std,linear,mu_perp_full,rotation,detection,0.16529642509453377,2021,180.0,,,,,,,C:\git_repo\Stellar-World-Model\experiments\exp08_menu_channel\mu_cache,C:\git_repo\Stellar-World-Model\experiments\exp08_menu_channel\subset_mu_cache
v1,hann0p3_off_s3,hann0p3_off,3,mean_std,linear,mu_perp_full,transit,detection,0.11947247281325946,2021,122.0,,,,,,,C:\git_repo\Stellar-World-Model\experiments\exp08_menu_channel\mu_cache,C:\git_repo\Stellar-World-Model\experiments\exp08_menu_channel\subset_mu_cache
menu,hann0p3_off_s3,hann0p3_off,3,mean_std,linear,mu,osc_giant,detection,0.8744670493025671,3429,1313.0,mean,0.9405868607800143,,,,,C:\git_repo\Stellar-World-Model\experiments\exp08_menu_channel\mu_cache,C:\git_repo\Stellar-World-Model\experiments\exp08_menu_channel\subset_mu_cache
menu,hann0p3_off_s3,hann0p3_off,3,mean_std,linear,mu,solar_like_osc,detection,0.2845670154308362,3429,417.0,mean,0.7735676001031843,,,,,C:\git_repo\Stellar-World-Model\experiments\exp08_menu_channel\mu_cache,C:\git_repo\Stellar-World-Model\experiments\exp08_menu_channel\subset_mu_cache
menu,hann0p3_off_s3,hann0p3_off,3,mean_std,linear,mu,flare,detection,0.4170762199629089,3429,304.0,mean,0.8567621052631579,,,,,C:\git_repo\Stellar-World-Model\experiments\exp08_menu_channel\mu_cache,C:\git_repo\Stellar-World-Model\experiments\exp08_menu_channel\subset_mu_cache
menu,hann0p3_off_s3,hann0p3_off,3,mean_std,linear,mu,rgb_vs_heb,contrastive,0.8183513580558275,161,113.0,mean,0.6511799410029498,,,,,C:\git_repo\Stellar-World-Model\experiments\exp08_menu_channel\mu_cache,C:\git_repo\Stellar-World-Model\experiments\exp08_menu_channel\subset_mu_cache
menu,hann0p3_off_s3,hann0p3_off,3,mean_std,linear,mu,numax_hon,regression,,1313,,mean,,0.7311097238590225,0.10765624207502579,0.824797981241314,True,C:\git_repo\Stellar-World-Model\experiments\exp08_menu_channel\mu_cache,C:\git_repo\Stellar-World-Model\experiments\exp08_menu_channel\subset_mu_cache
menu,hann0p3_off_s3,hann0p3_off,3,mean_std,linear,mu,numax_hatt,regression,,417,,mean,,0.7689963928796612,0.20641186758896723,0.8691769743055047,True,C:\git_repo\Stellar-World-Model\experiments\exp08_menu_channel\mu_cache,C:\git_repo\Stellar-World-Model\experiments\exp08_menu_channel\subset_mu_cache
menu,hann0p3_off_s3,hann0p3_off,3,mean_std,linear,mu,dnu_hatt,regression,,417,,mean,,0.7598256558685574,0.16850254808877058,0.8666475137080527,True,C:\git_repo\Stellar-World-Model\experiments\exp08_menu_channel\mu_cache,C:\git_repo\Stellar-World-Model\experiments\exp08_menu_channel\subset_mu_cache
menu,hann0p3_off_s3,hann0p3_off,3,mean_std,linear,mu,prot_kounkel,regression,,138,,mean,,0.46453731034171386,1.105270258529102,0.791947733788047,False,C:\git_repo\Stellar-World-Model\experiments\exp08_menu_channel\mu_cache,C:\git_repo\Stellar-World-Model\experiments\exp08_menu_channel\subset_mu_cache
menu,hann0p3_off_s3,hann0p3_off,3,mean_std,linear,mu,rotation_period,regression,,150,,mean,,0.6838671205249869,0.6114214758194283,0.7639788435041559,False,C:\git_repo\Stellar-World-Model\experiments\exp08_menu_channel\mu_cache,C:\git_repo\Stellar-World-Model\experiments\exp08_menu_channel\subset_mu_cache
menu,hann0p3_off_s3,hann0p3_off,3,mean_std,linear,mu,ijspeert,detection,0.41488210400834763,2021,93.0,mean,0.8380515772096551,,,,,C:\git_repo\Stellar-World-Model\experiments\exp08_menu_channel\mu_cache,C:\git_repo\Stellar-World-Model\experiments\exp08_menu_channel\subset_mu_cache
menu,hann0p3_off_s3,hann0p3_off,3,mean_std,linear,mu,ijspeert_excl_villanova,detection,0.1011804470500738,1825,19.0,mean,0.6313312350644051,,,,,C:\git_repo\Stellar-World-Model\experiments\exp08_menu_channel\mu_cache,C:\git_repo\Stellar-World-Model\experiments\exp08_menu_channel\subset_mu_cache
menu,hann0p3_off_s3,hann0p3_off,3,mean_std,linear,features_plus_mu,osc_giant,detection,0.915389041452652,3429,1313.0,mean,0.9614286824930857,,,,,C:\git_repo\Stellar-World-Model\experiments\exp08_menu_channel\mu_cache,C:\git_repo\Stellar-World-Model\experiments\exp08_menu_channel\subset_mu_cache
menu,hann0p3_off_s3,hann0p3_off,3,mean_std,linear,features_plus_mu,solar_like_osc,detection,0.3344296965651434,3429,417.0,mean,0.8142784577119182,,,,,C:\git_repo\Stellar-World-Model\experiments\exp08_menu_channel\mu_cache,C:\git_repo\Stellar-World-Model\experiments\exp08_menu_channel\subset_mu_cache
menu,hann0p3_off_s3,hann0p3_off,3,mean_std,linear,features_plus_mu,flare,detection,0.5051107580648131,3429,304.0,mean,0.8889821052631579,,,,,C:\git_repo\Stellar-World-Model\experiments\exp08_menu_channel\mu_cache,C:\git_repo\Stellar-World-Model\experiments\exp08_menu_channel\subset_mu_cache
menu,hann0p3_off_s3,hann0p3_off,3,mean_std,linear,features_plus_mu,rgb_vs_heb,contrastive,0.8412778740999859,161,113.0,mean,0.6878687315634219,,,,,C:\git_repo\Stellar-World-Model\experiments\exp08_menu_channel\mu_cache,C:\git_repo\Stellar-World-Model\experiments\exp08_menu_channel\subset_mu_cache
menu,hann0p3_off_s3,hann0p3_off,3,mean_std,linear,features_plus_mu,numax_hon,regression,,1313,,mean,,0.839339895286579,0.08321578037328711,0.8840987493465139,True,C:\git_repo\Stellar-World-Model\experiments\exp08_menu_channel\mu_cache,C:\git_repo\Stellar-World-Model\experiments\exp08_menu_channel\subset_mu_cache
menu,hann0p3_off_s3,hann0p3_off,3,mean_std,linear,features_plus_mu,numax_hatt,regression,,417,,mean,,0.8632682411164718,0.15880346813593538,0.910589652874985,True,C:\git_repo\Stellar-World-Model\experiments\exp08_menu_channel\mu_cache,C:\git_repo\Stellar-World-Model\experiments\exp08_menu_channel\subset_mu_cache
menu,hann0p3_off_s3,hann0p3_off,3,mean_std,linear,features_plus_mu,dnu_hatt,regression,,417,,mean,,0.8478278363138244,0.134125320830041,0.9018179239612175,True,C:\git_repo\Stellar-World-Model\experiments\exp08_menu_channel\mu_cache,C:\git_repo\Stellar-World-Model\experiments\exp08_menu_channel\subset_mu_cache
menu,hann0p3_off_s3,hann0p3_off,3,mean_std,linear,features_plus_mu,prot_kounkel,regression,,138,,mean,,0.512750296649219,1.0543375351094688,0.8057289175405973,False,C:\git_repo\Stellar-World-Model\experiments\exp08_menu_channel\mu_cache,C:\git_repo\Stellar-World-Model\experiments\exp08_menu_channel\subset_mu_cache
menu,hann0p3_off_s3,hann0p3_off,3,mean_std,linear,features_plus_mu,rotation_period,regression,,150,,mean,,0.7323659653325385,0.5625699444643338,0.7657318103026801,False,C:\git_repo\Stellar-World-Model\experiments\exp08_menu_channel\mu_cache,C:\git_repo\Stellar-World-Model\experiments\exp08_menu_channel\subset_mu_cache
menu,hann0p3_off_s3,hann0p3_off,3,mean_std,linear,features_plus_mu,ijspeert,detection,0.40548787466013203,2021,93.0,mean,0.8448389327622362,,,,,C:\git_repo\Stellar-World-Model\experiments\exp08_menu_channel\mu_cache,C:\git_repo\Stellar-World-Model\experiments\exp08_menu_channel\subset_mu_cache
menu,hann0p3_off_s3,hann0p3_off,3,mean_std,linear,features_plus_mu,ijspeert_excl_villanova,detection,0.1206101269696872,1825,19.0,mean,0.6823016844436672,,,,,C:\git_repo\Stellar-World-Model\experiments\exp08_menu_channel\mu_cache,C:\git_repo\Stellar-World-Model\experiments\exp08_menu_channel\subset_mu_cache
menu,hann0p3_off_s3,hann0p3_off,3,mean_std,linear,mu_perp_full,osc_giant,detection,0.5227260950099606,3429,1313.0,mean,0.6819521089814375,,,,,C:\git_repo\Stellar-World-Model\experiments\exp08_menu_channel\mu_cache,C:\git_repo\Stellar-World-Model\experiments\exp08_menu_channel\subset_mu_cache
menu,hann0p3_off_s3,hann0p3_off,3,mean_std,linear,mu_perp_full,solar_like_osc,detection,0.19350404345597355,3429,417.0,mean,0.6349573727472206,,,,,C:\git_repo\Stellar-World-Model\experiments\exp08_menu_channel\mu_cache,C:\git_repo\Stellar-World-Model\experiments\exp08_menu_channel\subset_mu_cache
menu,hann0p3_off_s3,hann0p3_off,3,mean_std,linear,mu_perp_full,flare,detection,0.19064294491467587,3429,304.0,mean,0.62336,,,,,C:\git_repo\Stellar-World-Model\experiments\exp08_menu_channel\mu_cache,C:\git_repo\Stellar-World-Model\experiments\exp08_menu_channel\subset_mu_cache
menu,hann0p3_off_s3,hann0p3_off,3,mean_std,linear,mu_perp_full,rgb_vs_heb,contrastive,0.721696352573074,161,113.0,mean,0.5440634218289085,,,,,C:\git_repo\Stellar-World-Model\experiments\exp08_menu_channel\mu_cache,C:\git_repo\Stellar-World-Model\experiments\exp08_menu_channel\subset_mu_cache
menu,hann0p3_off_s3,hann0p3_off,3,mean_std,linear,mu_perp_full,numax_hon,regression,,1313,,mean,,0.29614683147273757,0.17417776053931133,0.5500484955187265,True,C:\git_repo\Stellar-World-Model\experiments\exp08_menu_channel\mu_cache,C:\git_repo\Stellar-World-Model\experiments\exp08_menu_channel\subset_mu_cache
menu,hann0p3_off_s3,hann0p3_off,3,mean_std,linear,mu_perp_full,numax_hatt,regression,,417,,mean,,0.23627801389168324,0.37531241370650625,0.4804224369419683,True,C:\git_repo\Stellar-World-Model\experiments\exp08_menu_channel\mu_cache,C:\git_repo\Stellar-World-Model\experiments\exp08_menu_channel\subset_mu_cache
menu,hann0p3_off_s3,hann0p3_off,3,mean_std,linear,mu_perp_full,dnu_hatt,regression,,417,,mean,,0.23552893514714335,0.3006240296906547,0.47227703003853605,True,C:\git_repo\Stellar-World-Model\experiments\exp08_menu_channel\mu_cache,C:\git_repo\Stellar-World-Model\experiments\exp08_menu_channel\subset_mu_cache
menu,hann0p3_off_s3,hann0p3_off,3,mean_std,linear,mu_perp_full,prot_kounkel,regression,,138,,mean,,0.1367458366033294,1.4033733242431818,0.5199223267280952,False,C:\git_repo\Stellar-World-Model\experiments\exp08_menu_channel\mu_cache,C:\git_repo\Stellar-World-Model\experiments\exp08_menu_channel\subset_mu_cache
menu,hann0p3_off_s3,hann0p3_off,3,mean_std,linear,mu_perp_full,rotation_period,regression,,150,,mean,,0.13660536626945874,1.010439994876733,0.3523267700786702,False,C:\git_repo\Stellar-World-Model\experiments\exp08_menu_channel\mu_cache,C:\git_repo\Stellar-World-Model\experiments\exp08_menu_channel\subset_mu_cache
menu,hann0p3_off_s3,hann0p3_off,3,mean_std,linear,mu_perp_full,ijspeert,detection,0.21309948582160876,2021,93.0,mean,0.6525175121581225,,,,,C:\git_repo\Stellar-World-Model\experiments\exp08_menu_channel\mu_cache,C:\git_repo\Stellar-World-Model\experiments\exp08_menu_channel\subset_mu_cache
menu,hann0p3_off_s3,hann0p3_off,3,mean_std,linear,mu_perp_full,ijspeert_excl_villanova,detection,0.12400510908322115,1825,19.0,mean,0.6624118435623944,,,,,C:\git_repo\Stellar-World-Model\experiments\exp08_menu_channel\mu_cache,C:\git_repo\Stellar-World-Model\experiments\exp08_menu_channel\subset_mu_cache
v1,hann0p3_off_s3,hann0p3_off,3,mean_perp_amp,linear,mu,pulsating,detection,0.796549401964005,2021,216.0,,,,,,,C:\git_repo\Stellar-World-Model\experiments\exp08_menu_channel\mu_cache,C:\git_repo\Stellar-World-Model\experiments\exp08_menu_channel\subset_mu_cache
v1,hann0p3_off_s3,hann0p3_off,3,mean_perp_amp,linear,mu,eb,detection,0.5049312710913032,2021,196.0,,,,,,,C:\git_repo\Stellar-World-Model\experiments\exp08_menu_channel\mu_cache,C:\git_repo\Stellar-World-Model\experiments\exp08_menu_channel\subset_mu_cache
v1,hann0p3_off_s3,hann0p3_off,3,mean_perp_amp,linear,mu,rotation,detection,0.3827368422725011,2021,180.0,,,,,,,C:\git_repo\Stellar-World-Model\experiments\exp08_menu_channel\mu_cache,C:\git_repo\Stellar-World-Model\experiments\exp08_menu_channel\subset_mu_cache
v1,hann0p3_off_s3,hann0p3_off,3,mean_perp_amp,linear,mu,transit,detection,0.13840073831876157,2021,122.0,,,,,,,C:\git_repo\Stellar-World-Model\experiments\exp08_menu_channel\mu_cache,C:\git_repo\Stellar-World-Model\experiments\exp08_menu_channel\subset_mu_cache
menu,hann0p3_off_s3,hann0p3_off,3,mean_perp_amp,linear,mu,osc_giant,detection,0.7996429167649085,3429,1313.0,mean,0.9064592550573947,,,,,C:\git_repo\Stellar-World-Model\experiments\exp08_menu_channel\mu_cache,C:\git_repo\Stellar-World-Model\experiments\exp08_menu_channel\subset_mu_cache
menu,hann0p3_off_s3,hann0p3_off,3,mean_perp_amp,linear,mu,solar_like_osc,detection,0.26936008914010867,3429,417.0,mean,0.7513335944789986,,,,,C:\git_repo\Stellar-World-Model\experiments\exp08_menu_channel\mu_cache,C:\git_repo\Stellar-World-Model\experiments\exp08_menu_channel\subset_mu_cache
menu,hann0p3_off_s3,hann0p3_off,3,mean_perp_amp,linear,mu,flare,detection,0.3662210824086998,3429,304.0,mean,0.7444357894736842,,,,,C:\git_repo\Stellar-World-Model\experiments\exp08_menu_channel\mu_cache,C:\git_repo\Stellar-World-Model\experiments\exp08_menu_channel\subset_mu_cache
menu,hann0p3_off_s3,hann0p3_off,3,mean_perp_amp,linear,mu,rgb_vs_heb,contrastive,0.828746521269112,161,113.0,mean,0.6793879056047197,,,,,C:\git_repo\Stellar-World-Model\experiments\exp08_menu_channel\mu_cache,C:\git_repo\Stellar-World-Model\experiments\exp08_menu_channel\subset_mu_cache
menu,hann0p3_off_s3,hann0p3_off,3,mean_perp_amp,linear,mu,numax_hon,regression,,1313,,mean,,0.5650785273969108,0.1369169109678353,0.7290329365306795,True,C:\git_repo\Stellar-World-Model\experiments\exp08_menu_channel\mu_cache,C:\git_repo\Stellar-World-Model\experiments\exp08_menu_channel\subset_mu_cache
menu,hann0p3_off_s3,hann0p3_off,3,mean_perp_amp,linear,mu,numax_hatt,regression,,417,,mean,,0.63911421435244,0.2579943356036516,0.780078744171018,True,C:\git_repo\Stellar-World-Model\experiments\exp08_menu_channel\mu_cache,C:\git_repo\Stellar-World-Model\experiments\exp08_menu_channel\subset_mu_cache
menu,hann0p3_off_s3,hann0p3_off,3,mean_perp_amp,linear,mu,dnu_hatt,regression,,417,,mean,,0.6360192592741265,0.20743515881326827,0.7772016073685479,True,C:\git_repo\Stellar-World-Model\experiments\exp08_menu_channel\mu_cache,C:\git_repo\Stellar-World-Model\experiments\exp08_menu_channel\subset_mu_cache
menu,hann0p3_off_s3,hann0p3_off,3,mean_perp_amp,linear,mu,prot_kounkel,regression,,138,,mean,,0.30336893451831937,1.2606812538552032,0.7209070557793313,False,C:\git_repo\Stellar-World-Model\experiments\exp08_menu_channel\mu_cache,C:\git_repo\Stellar-World-Model\experiments\exp08_menu_channel\subset_mu_cache
menu,hann0p3_off_s3,hann0p3_off,3,mean_perp_amp,linear,mu,rotation_period,regression,,150,,mean,,0.5501977910304673,0.7293175215114095,0.7428721276501179,False,C:\git_repo\Stellar-World-Model\experiments\exp08_menu_channel\mu_cache,C:\git_repo\Stellar-World-Model\experiments\exp08_menu_channel\subset_mu_cache
menu,hann0p3_off_s3,hann0p3_off,3,mean_perp_amp,linear,mu,ijspeert,detection,0.25996086916266703,2021,93.0,mean,0.7506469459688574,,,,,C:\git_repo\Stellar-World-Model\experiments\exp08_menu_channel\mu_cache,C:\git_repo\Stellar-World-Model\experiments\exp08_menu_channel\subset_mu_cache
menu,hann0p3_off_s3,hann0p3_off,3,mean_perp_amp,linear,mu,ijspeert_excl_villanova,detection,0.25161405280570287,1825,19.0,mean,0.6537564842338404,,,,,C:\git_repo\Stellar-World-Model\experiments\exp08_menu_channel\mu_cache,C:\git_repo\Stellar-World-Model\experiments\exp08_menu_channel\subset_mu_cache
v1,hann0p3_off_s4,hann0p3_off,4,mean,linear,mu,pulsating,detection,0.8058124169605585,2021,216.0,,,,,,,C:\git_repo\Stellar-World-Model\experiments\exp08_menu_channel\mu_cache,C:\git_repo\Stellar-World-Model\experiments\exp08_menu_channel\subset_mu_cache
v1,hann0p3_off_s4,hann0p3_off,4,mean,linear,mu,eb,detection,0.7266515113150889,2021,196.0,,,,,,,C:\git_repo\Stellar-World-Model\experiments\exp08_menu_channel\mu_cache,C:\git_repo\Stellar-World-Model\experiments\exp08_menu_channel\subset_mu_cache
v1,hann0p3_off_s4,hann0p3_off,4,mean,linear,mu,rotation,detection,0.5562547592460403,2021,180.0,,,,,,,C:\git_repo\Stellar-World-Model\experiments\exp08_menu_channel\mu_cache,C:\git_repo\Stellar-World-Model\experiments\exp08_menu_channel\subset_mu_cache
v1,hann0p3_off_s4,hann0p3_off,4,mean,linear,mu,transit,detection,0.13562220541565173,2021,122.0,,,,,,,C:\git_repo\Stellar-World-Model\experiments\exp08_menu_channel\mu_cache,C:\git_repo\Stellar-World-Model\experiments\exp08_menu_channel\subset_mu_cache
v1,hann0p3_off_s4,hann0p3_off,4,mean,linear,features_plus_mu,pulsating,detection,0.8275184231212352,2021,216.0,,,,,,,C:\git_repo\Stellar-World-Model\experiments\exp08_menu_channel\mu_cache,C:\git_repo\Stellar-World-Model\experiments\exp08_menu_channel\subset_mu_cache
v1,hann0p3_off_s4,hann0p3_off,4,mean,linear,features_plus_mu,eb,detection,0.7435768503843541,2021,196.0,,,,,,,C:\git_repo\Stellar-World-Model\experiments\exp08_menu_channel\mu_cache,C:\git_repo\Stellar-World-Model\experiments\exp08_menu_channel\subset_mu_cache
v1,hann0p3_off_s4,hann0p3_off,4,mean,linear,features_plus_mu,rotation,detection,0.5325434843204886,2021,180.0,,,,,,,C:\git_repo\Stellar-World-Model\experiments\exp08_menu_channel\mu_cache,C:\git_repo\Stellar-World-Model\experiments\exp08_menu_channel\subset_mu_cache
v1,hann0p3_off_s4,hann0p3_off,4,mean,linear,features_plus_mu,transit,detection,0.19938285719747662,2021,122.0,,,,,,,C:\git_repo\Stellar-World-Model\experiments\exp08_menu_channel\mu_cache,C:\git_repo\Stellar-World-Model\experiments\exp08_menu_channel\subset_mu_cache
v1,hann0p3_off_s4,hann0p3_off,4,mean,linear,mu_perp_full,pulsating,detection,0.29998833016500726,2021,216.0,,,,,,,C:\git_repo\Stellar-World-Model\experiments\exp08_menu_channel\mu_cache,C:\git_repo\Stellar-World-Model\experiments\exp08_menu_channel\subset_mu_cache
v1,hann0p3_off_s4,hann0p3_off,4,mean,linear,mu_perp_full,eb,detection,0.2037408536973247,2021,196.0,,,,,,,C:\git_repo\Stellar-World-Model\experiments\exp08_menu_channel\mu_cache,C:\git_repo\Stellar-World-Model\experiments\exp08_menu_channel\subset_mu_cache
v1,hann0p3_off_s4,hann0p3_off,4,mean,linear,mu_perp_full,rotation,detection,0.1678575777893263,2021,180.0,,,,,,,C:\git_repo\Stellar-World-Model\experiments\exp08_menu_channel\mu_cache,C:\git_repo\Stellar-World-Model\experiments\exp08_menu_channel\subset_mu_cache
v1,hann0p3_off_s4,hann0p3_off,4,mean,linear,mu_perp_full,transit,detection,0.10571727194546952,2021,122.0,,,,,,,C:\git_repo\Stellar-World-Model\experiments\exp08_menu_channel\mu_cache,C:\git_repo\Stellar-World-Model\experiments\exp08_menu_channel\subset_mu_cache
menu,hann0p3_off_s4,hann0p3_off,4,mean,linear,mu,osc_giant,detection,0.814376926696096,3429,1313.0,mean,0.9113669182826382,,,,,C:\git_repo\Stellar-World-Model\experiments\exp08_menu_channel\mu_cache,C:\git_repo\Stellar-World-Model\experiments\exp08_menu_channel\subset_mu_cache
menu,hann0p3_off_s4,hann0p3_off,4,mean,linear,mu,solar_like_osc,detection,0.2870515645026447,3429,417.0,mean,0.7737188735067723,,,,,C:\git_repo\Stellar-World-Model\experiments\exp08_menu_channel\mu_cache,C:\git_repo\Stellar-World-Model\experiments\exp08_menu_channel\subset_mu_cache
menu,hann0p3_off_s4,hann0p3_off,4,mean,linear,mu,flare,detection,0.42696170826190616,3429,304.0,mean,0.851038947368421,,,,,C:\git_repo\Stellar-World-Model\experiments\exp08_menu_channel\mu_cache,C:\git_repo\Stellar-World-Model\experiments\exp08_menu_channel\subset_mu_cache
menu,hann0p3_off_s4,hann0p3_off,4,mean,linear,mu,rgb_vs_heb,contrastive,0.7730019932281289,161,113.0,mean,0.5822271386430677,,,,,C:\git_repo\Stellar-World-Model\experiments\exp08_menu_channel\mu_cache,C:\git_repo\Stellar-World-Model\experiments\exp08_menu_channel\subset_mu_cache
menu,hann0p3_off_s4,hann0p3_off,4,mean,linear,mu,numax_hon,regression,,1313,,mean,,0.7127116068881396,0.1112783576926461,0.801504403445739,True,C:\git_repo\Stellar-World-Model\experiments\exp08_menu_channel\mu_cache,C:\git_repo\Stellar-World-Model\experiments\exp08_menu_channel\subset_mu_cache
menu,hann0p3_off_s4,hann0p3_off,4,mean,linear,mu,numax_hatt,regression,,417,,mean,,0.774053882953785,0.2041398182166868,0.8838299237117716,True,C:\git_repo\Stellar-World-Model\experiments\exp08_menu_channel\mu_cache,C:\git_repo\Stellar-World-Model\experiments\exp08_menu_channel\subset_mu_cache
menu,hann0p3_off_s4,hann0p3_off,4,mean,linear,mu,dnu_hatt,regression,,417,,mean,,0.7614226558318207,0.16794139866786484,0.8783373888682862,True,C:\git_repo\Stellar-World-Model\experiments\exp08_menu_channel\mu_cache,C:\git_repo\Stellar-World-Model\experiments\exp08_menu_channel\subset_mu_cache
menu,hann0p3_off_s4,hann0p3_off,4,mean,linear,mu,prot_kounkel,regression,,138,,mean,,0.26375564468331636,1.2960294354061752,0.6760382978096294,False,C:\git_repo\Stellar-World-Model\experiments\exp08_menu_channel\mu_cache,C:\git_repo\Stellar-World-Model\experiments\exp08_menu_channel\subset_mu_cache
menu,hann0p3_off_s4,hann0p3_off,4,mean,linear,mu,rotation_period,regression,,150,,mean,,0.5171862005928971,0.7556065128085614,0.7972176541179608,False,C:\git_repo\Stellar-World-Model\experiments\exp08_menu_channel\mu_cache,C:\git_repo\Stellar-World-Model\experiments\exp08_menu_channel\subset_mu_cache
menu,hann0p3_off_s4,hann0p3_off,4,mean,linear,mu,ijspeert,detection,0.40966107760184955,2021,93.0,mean,0.8465399544906973,,,,,C:\git_repo\Stellar-World-Model\experiments\exp08_menu_channel\mu_cache,C:\git_repo\Stellar-World-Model\experiments\exp08_menu_channel\subset_mu_cache
menu,hann0p3_off_s4,hann0p3_off,4,mean,linear,mu,ijspeert_excl_villanova,detection,0.18387873151140408,1825,19.0,mean,0.6638106895144839,,,,,C:\git_repo\Stellar-World-Model\experiments\exp08_menu_channel\mu_cache,C:\git_repo\Stellar-World-Model\experiments\exp08_menu_channel\subset_mu_cache
menu,hann0p3_off_s4,hann0p3_off,4,mean,linear,features_plus_mu,osc_giant,detection,0.9172509396700158,3429,1313.0,mean,0.9612746318982633,,,,,C:\git_repo\Stellar-World-Model\experiments\exp08_menu_channel\mu_cache,C:\git_repo\Stellar-World-Model\experiments\exp08_menu_channel\subset_mu_cache
menu,hann0p3_off_s4,hann0p3_off,4,mean,linear,features_plus_mu,solar_like_osc,detection,0.35312921561067256,3429,417.0,mean,0.8186677749433919,,,,,C:\git_repo\Stellar-World-Model\experiments\exp08_menu_channel\mu_cache,C:\git_repo\Stellar-World-Model\experiments\exp08_menu_channel\subset_mu_cache
menu,hann0p3_off_s4,hann0p3_off,4,mean,linear,features_plus_mu,flare,detection,0.5044871445847189,3429,304.0,mean,0.8907494736842106,,,,,C:\git_repo\Stellar-World-Model\experiments\exp08_menu_channel\mu_cache,C:\git_repo\Stellar-World-Model\experiments\exp08_menu_channel\subset_mu_cache
menu,hann0p3_off_s4,hann0p3_off,4,mean,linear,features_plus_mu,rgb_vs_heb,contrastive,0.8099676309175101,161,113.0,mean,0.6694321533923304,,,,,C:\git_repo\Stellar-World-Model\experiments\exp08_menu_channel\mu_cache,C:\git_repo\Stellar-World-Model\experiments\exp08_menu_channel\subset_mu_cache
menu,hann0p3_off_s4,hann0p3_off,4,mean,linear,features_plus_mu,numax_hon,regression,,1313,,mean,,0.8477125441733895,0.08101841320364078,0.8930900110635961,True,C:\git_repo\Stellar-World-Model\experiments\exp08_menu_channel\mu_cache,C:\git_repo\Stellar-World-Model\experiments\exp08_menu_channel\subset_mu_cache
menu,hann0p3_off_s4,hann0p3_off,4,mean,linear,features_plus_mu,numax_hatt,regression,,417,,mean,,0.8653924852074357,0.157565065973196,0.9278946864978964,True,C:\git_repo\Stellar-World-Model\experiments\exp08_menu_channel\mu_cache,C:\git_repo\Stellar-World-Model\experiments\exp08_menu_channel\subset_mu_cache
menu,hann0p3_off_s4,hann0p3_off,4,mean,linear,features_plus_mu,dnu_hatt,regression,,417,,mean,,0.8525280961077452,0.13203765709081913,0.9219230793838895,True,C:\git_repo\Stellar-World-Model\experiments\exp08_menu_channel\mu_cache,C:\git_repo\Stellar-World-Model\experiments\exp08_menu_channel\subset_mu_cache
menu,hann0p3_off_s4,hann0p3_off,4,mean,linear,features_plus_mu,prot_kounkel,regression,,138,,mean,,0.5256059589970408,1.040335668603322,0.8116582969649467,False,C:\git_repo\Stellar-World-Model\experiments\exp08_menu_channel\mu_cache,C:\git_repo\Stellar-World-Model\experiments\exp08_menu_channel\subset_mu_cache
menu,hann0p3_off_s4,hann0p3_off,4,mean,linear,features_plus_mu,rotation_period,regression,,150,,mean,,0.7133246851002906,0.582238614198851,0.7815405129116851,False,C:\git_repo\Stellar-World-Model\experiments\exp08_menu_channel\mu_cache,C:\git_repo\Stellar-World-Model\experiments\exp08_menu_channel\subset_mu_cache
menu,hann0p3_off_s4,hann0p3_off,4,mean,linear,features_plus_mu,ijspeert,detection,0.45815024502368484,2021,93.0,mean,0.8570137866416812,,,,,C:\git_repo\Stellar-World-Model\experiments\exp08_menu_channel\mu_cache,C:\git_repo\Stellar-World-Model\experiments\exp08_menu_channel\subset_mu_cache
menu,hann0p3_off_s4,hann0p3_off,4,mean,linear,features_plus_mu,ijspeert_excl_villanova,detection,0.35052138499981145,1825,19.0,mean,0.7016669580929067,,,,,C:\git_repo\Stellar-World-Model\experiments\exp08_menu_channel\mu_cache,C:\git_repo\Stellar-World-Model\experiments\exp08_menu_channel\subset_mu_cache
menu,hann0p3_off_s4,hann0p3_off,4,mean,linear,mu_perp_full,osc_giant,detection,0.4818836608812101,3429,1313.0,mean,0.6591756565506776,,,,,C:\git_repo\Stellar-World-Model\experiments\exp08_menu_channel\mu_cache,C:\git_repo\Stellar-World-Model\experiments\exp08_menu_channel\subset_mu_cache
menu,hann0p3_off_s4,hann0p3_off,4,mean,linear,mu_perp_full,solar_like_osc,detection,0.19724963555974875,3429,417.0,mean,0.6336890646845074,,,,,C:\git_repo\Stellar-World-Model\experiments\exp08_menu_channel\mu_cache,C:\git_repo\Stellar-World-Model\experiments\exp08_menu_channel\subset_mu_cache
menu,hann0p3_off_s4,hann0p3_off,4,mean,linear,mu_perp_full,flare,detection,0.17355291605328416,3429,304.0,mean,0.6054463157894736,,,,,C:\git_repo\Stellar-World-Model\experiments\exp08_menu_channel\mu_cache,C:\git_repo\Stellar-World-Model\experiments\exp08_menu_channel\subset_mu_cache
menu,hann0p3_off_s4,hann0p3_off,4,mean,linear,mu_perp_full,rgb_vs_heb,contrastive,0.6902556609760019,161,113.0,mean,0.48396017699115046,,,,,C:\git_repo\Stellar-World-Model\experiments\exp08_menu_channel\mu_cache,C:\git_repo\Stellar-World-Model\experiments\exp08_menu_channel\subset_mu_cache
menu,hann0p3_off_s4,hann0p3_off,4,mean,linear,mu_perp_full,numax_hon,regression,,1313,,mean,,0.17138497880443815,0.1889853191285682,0.4231119387505611,True,C:\git_repo\Stellar-World-Model\experiments\exp08_menu_channel\mu_cache,C:\git_repo\Stellar-World-Model\experiments\exp08_menu_channel\subset_mu_cache
menu,hann0p3_off_s4,hann0p3_off,4,mean,linear,mu_perp_full,numax_hatt,regression,,417,,mean,,0.20302492197541966,0.3833960666494258,0.36091257646123537,True,C:\git_repo\Stellar-World-Model\experiments\exp08_menu_channel\mu_cache,C:\git_repo\Stellar-World-Model\experiments\exp08_menu_channel\subset_mu_cache
menu,hann0p3_off_s4,hann0p3_off,4,mean,linear,mu_perp_full,dnu_hatt,regression,,417,,mean,,0.21050815804417367,0.30550406218053605,0.37505571917178876,True,C:\git_repo\Stellar-World-Model\experiments\exp08_menu_channel\mu_cache,C:\git_repo\Stellar-World-Model\experiments\exp08_menu_channel\subset_mu_cache
menu,hann0p3_off_s4,hann0p3_off,4,mean,linear,mu_perp_full,prot_kounkel,regression,,138,,mean,,0.0818122803152519,1.4473368388032841,0.33467317064282626,False,C:\git_repo\Stellar-World-Model\experiments\exp08_menu_channel\mu_cache,C:\git_repo\Stellar-World-Model\experiments\exp08_menu_channel\subset_mu_cache
menu,hann0p3_off_s4,hann0p3_off,4,mean,linear,mu_perp_full,rotation_period,regression,,150,,mean,,0.08210609369730881,1.041842569831243,0.18903417929685767,False,C:\git_repo\Stellar-World-Model\experiments\exp08_menu_channel\mu_cache,C:\git_repo\Stellar-World-Model\experiments\exp08_menu_channel\subset_mu_cache
menu,hann0p3_off_s4,hann0p3_off,4,mean,linear,mu_perp_full,ijspeert,detection,0.16749086965080973,2021,93.0,mean,0.6337895417837863,,,,,C:\git_repo\Stellar-World-Model\experiments\exp08_menu_channel\mu_cache,C:\git_repo\Stellar-World-Model\experiments\exp08_menu_channel\subset_mu_cache
menu,hann0p3_off_s4,hann0p3_off,4,mean,linear,mu_perp_full,ijspeert_excl_villanova,detection,0.2466460891499766,1825,19.0,mean,0.650813079209652,,,,,C:\git_repo\Stellar-World-Model\experiments\exp08_menu_channel\mu_cache,C:\git_repo\Stellar-World-Model\experiments\exp08_menu_channel\subset_mu_cache
v1,hann0p3_off_s4,hann0p3_off,4,mean_std,linear,mu,pulsating,detection,0.7990669604384312,2021,216.0,,,,,,,C:\git_repo\Stellar-World-Model\experiments\exp08_menu_channel\mu_cache,C:\git_repo\Stellar-World-Model\experiments\exp08_menu_channel\subset_mu_cache
v1,hann0p3_off_s4,hann0p3_off,4,mean_std,linear,mu,eb,detection,0.7560170813207675,2021,196.0,,,,,,,C:\git_repo\Stellar-World-Model\experiments\exp08_menu_channel\mu_cache,C:\git_repo\Stellar-World-Model\experiments\exp08_menu_channel\subset_mu_cache
v1,hann0p3_off_s4,hann0p3_off,4,mean_std,linear,mu,rotation,detection,0.4781217640231676,2021,180.0,,,,,,,C:\git_repo\Stellar-World-Model\experiments\exp08_menu_channel\mu_cache,C:\git_repo\Stellar-World-Model\experiments\exp08_menu_channel\subset_mu_cache
v1,hann0p3_off_s4,hann0p3_off,4,mean_std,linear,mu,transit,detection,0.18723657056906412,2021,122.0,,,,,,,C:\git_repo\Stellar-World-Model\experiments\exp08_menu_channel\mu_cache,C:\git_repo\Stellar-World-Model\experiments\exp08_menu_channel\subset_mu_cache
v1,hann0p3_off_s4,hann0p3_off,4,mean_std,linear,features_plus_mu,pulsating,detection,0.8500052375424872,2021,216.0,,,,,,,C:\git_repo\Stellar-World-Model\experiments\exp08_menu_channel\mu_cache,C:\git_repo\Stellar-World-Model\experiments\exp08_menu_channel\subset_mu_cache
v1,hann0p3_off_s4,hann0p3_off,4,mean_std,linear,features_plus_mu,eb,detection,0.7545423966482978,2021,196.0,,,,,,,C:\git_repo\Stellar-World-Model\experiments\exp08_menu_channel\mu_cache,C:\git_repo\Stellar-World-Model\experiments\exp08_menu_channel\subset_mu_cache
v1,hann0p3_off_s4,hann0p3_off,4,mean_std,linear,features_plus_mu,rotation,detection,0.47245113729627186,2021,180.0,,,,,,,C:\git_repo\Stellar-World-Model\experiments\exp08_menu_channel\mu_cache,C:\git_repo\Stellar-World-Model\experiments\exp08_menu_channel\subset_mu_cache
v1,hann0p3_off_s4,hann0p3_off,4,mean_std,linear,features_plus_mu,transit,detection,0.199843038914663,2021,122.0,,,,,,,C:\git_repo\Stellar-World-Model\experiments\exp08_menu_channel\mu_cache,C:\git_repo\Stellar-World-Model\experiments\exp08_menu_channel\subset_mu_cache
v1,hann0p3_off_s4,hann0p3_off,4,mean_std,linear,mu_perp_full,pulsating,detection,0.32104566303755433,2021,216.0,,,,,,,C:\git_repo\Stellar-World-Model\experiments\exp08_menu_channel\mu_cache,C:\git_repo\Stellar-World-Model\experiments\exp08_menu_channel\subset_mu_cache
v1,hann0p3_off_s4,hann0p3_off,4,mean_std,linear,mu_perp_full,eb,detection,0.3199566832610019,2021,196.0,,,,,,,C:\git_repo\Stellar-World-Model\experiments\exp08_menu_channel\mu_cache,C:\git_repo\Stellar-World-Model\experiments\exp08_menu_channel\subset_mu_cache
v1,hann0p3_off_s4,hann0p3_off,4,mean_std,linear,mu_perp_full,rotation,detection,0.16983623633942063,2021,180.0,,,,,,,C:\git_repo\Stellar-World-Model\experiments\exp08_menu_channel\mu_cache,C:\git_repo\Stellar-World-Model\experiments\exp08_menu_channel\subset_mu_cache
v1,hann0p3_off_s4,hann0p3_off,4,mean_std,linear,mu_perp_full,transit,detection,0.1257733578171975,2021,122.0,,,,,,,C:\git_repo\Stellar-World-Model\experiments\exp08_menu_channel\mu_cache,C:\git_repo\Stellar-World-Model\experiments\exp08_menu_channel\subset_mu_cache
menu,hann0p3_off_s4,hann0p3_off,4,mean_std,linear,mu,osc_giant,detection,0.8691453737618351,3429,1313.0,mean,0.9400797175835076,,,,,C:\git_repo\Stellar-World-Model\experiments\exp08_menu_channel\mu_cache,C:\git_repo\Stellar-World-Model\experiments\exp08_menu_channel\subset_mu_cache
menu,hann0p3_off_s4,hann0p3_off,4,mean_std,linear,mu,solar_like_osc,detection,0.3070487995608006,3429,417.0,mean,0.7823080181273309,,,,,C:\git_repo\Stellar-World-Model\experiments\exp08_menu_channel\mu_cache,C:\git_repo\Stellar-World-Model\experiments\exp08_menu_channel\subset_mu_cache
menu,hann0p3_off_s4,hann0p3_off,4,mean_std,linear,mu,flare,detection,0.4184906996746403,3429,304.0,mean,0.8632463157894736,,,,,C:\git_repo\Stellar-World-Model\experiments\exp08_menu_channel\mu_cache,C:\git_repo\Stellar-World-Model\experiments\exp08_menu_channel\subset_mu_cache
menu,hann0p3_off_s4,hann0p3_off,4,mean_std,linear,mu,rgb_vs_heb,contrastive,0.7811903919116991,161,113.0,mean,0.6406710914454277,,,,,C:\git_repo\Stellar-World-Model\experiments\exp08_menu_channel\mu_cache,C:\git_repo\Stellar-World-Model\experiments\exp08_menu_channel\subset_mu_cache
menu,hann0p3_off_s4,hann0p3_off,4,mean_std,linear,mu,numax_hon,regression,,1313,,mean,,0.7593704061976494,0.10184182807259905,0.8483094437297054,True,C:\git_repo\Stellar-World-Model\experiments\exp08_menu_channel\mu_cache,C:\git_repo\Stellar-World-Model\experiments\exp08_menu_channel\subset_mu_cache
menu,hann0p3_off_s4,hann0p3_off,4,mean_std,linear,mu,numax_hatt,regression,,417,,mean,,0.7879990264390788,0.19773985449095843,0.8920733041340599,True,C:\git_repo\Stellar-World-Model\experiments\exp08_menu_channel\mu_cache,C:\git_repo\Stellar-World-Model\experiments\exp08_menu_channel\subset_mu_cache
menu,hann0p3_off_s4,hann0p3_off,4,mean_std,linear,mu,dnu_hatt,regression,,417,,mean,,0.7745724456960268,0.16324754753842974,0.8843215054199015,True,C:\git_repo\Stellar-World-Model\experiments\exp08_menu_channel\mu_cache,C:\git_repo\Stellar-World-Model\experiments\exp08_menu_channel\subset_mu_cache
menu,hann0p3_off_s4,hann0p3_off,4,mean_std,linear,mu,prot_kounkel,regression,,138,,mean,,0.4388608545247801,1.131459881090394,0.7946030546469296,False,C:\git_repo\Stellar-World-Model\experiments\exp08_menu_channel\mu_cache,C:\git_repo\Stellar-World-Model\experiments\exp08_menu_channel\subset_mu_cache
menu,hann0p3_off_s4,hann0p3_off,4,mean_std,linear,mu,rotation_period,regression,,150,,mean,,0.7016004539848681,0.5940252892890133,0.792371216498511,False,C:\git_repo\Stellar-World-Model\experiments\exp08_menu_channel\mu_cache,C:\git_repo\Stellar-World-Model\experiments\exp08_menu_channel\subset_mu_cache
menu,hann0p3_off_s4,hann0p3_off,4,mean_std,linear,mu,ijspeert,detection,0.45734312486409356,2021,93.0,mean,0.8635947887386785,,,,,C:\git_repo\Stellar-World-Model\experiments\exp08_menu_channel\mu_cache,C:\git_repo\Stellar-World-Model\experiments\exp08_menu_channel\subset_mu_cache
menu,hann0p3_off_s4,hann0p3_off,4,mean_std,linear,mu,ijspeert_excl_villanova,detection,0.256401227771392,1825,19.0,mean,0.732062714926852,,,,,C:\git_repo\Stellar-World-Model\experiments\exp08_menu_channel\mu_cache,C:\git_repo\Stellar-World-Model\experiments\exp08_menu_channel\subset_mu_cache
menu,hann0p3_off_s4,hann0p3_off,4,mean_std,linear,features_plus_mu,osc_giant,detection,0.91837142347443,3429,1313.0,mean,0.9607638893887935,,,,,C:\git_repo\Stellar-World-Model\experiments\exp08_menu_channel\mu_cache,C:\git_repo\Stellar-World-Model\experiments\exp08_menu_channel\subset_mu_cache
menu,hann0p3_off_s4,hann0p3_off,4,mean_std,linear,features_plus_mu,solar_like_osc,detection,0.3613859161774016,3429,417.0,mean,0.8234257215741352,,,,,C:\git_repo\Stellar-World-Model\experiments\exp08_menu_channel\mu_cache,C:\git_repo\Stellar-World-Model\experiments\exp08_menu_channel\subset_mu_cache
menu,hann0p3_off_s4,hann0p3_off,4,mean_std,linear,features_plus_mu,flare,detection,0.47957985046658824,3429,304.0,mean,0.8861821052631579,,,,,C:\git_repo\Stellar-World-Model\experiments\exp08_menu_channel\mu_cache,C:\git_repo\Stellar-World-Model\experiments\exp08_menu_channel\subset_mu_cache
menu,hann0p3_off_s4,hann0p3_off,4,mean_std,linear,features_plus_mu,rgb_vs_heb,contrastive,0.7978167333081413,161,113.0,mean,0.6543141592920355,,,,,C:\git_repo\Stellar-World-Model\experiments\exp08_menu_channel\mu_cache,C:\git_repo\Stellar-World-Model\experiments\exp08_menu_channel\subset_mu_cache
menu,hann0p3_off_s4,hann0p3_off,4,mean_std,linear,features_plus_mu,numax_hon,regression,,1313,,mean,,0.8534453429434802,0.07947883253822954,0.8944481039359985,True,C:\git_repo\Stellar-World-Model\experiments\exp08_menu_channel\mu_cache,C:\git_repo\Stellar-World-Model\experiments\exp08_menu_channel\subset_mu_cache
menu,hann0p3_off_s4,hann0p3_off,4,mean_std,linear,features_plus_mu,numax_hatt,regression,,417,,mean,,0.8663324233799676,0.15701397910446577,0.9208395351277752,True,C:\git_repo\Stellar-World-Model\experiments\exp08_menu_channel\mu_cache,C:\git_repo\Stellar-World-Model\experiments\exp08_menu_channel\subset_mu_cache
menu,hann0p3_off_s4,hann0p3_off,4,mean_std,linear,features_plus_mu,dnu_hatt,regression,,417,,mean,,0.851558882953539,0.1324708347124111,0.9127856737443585,True,C:\git_repo\Stellar-World-Model\experiments\exp08_menu_channel\mu_cache,C:\git_repo\Stellar-World-Model\experiments\exp08_menu_channel\subset_mu_cache
menu,hann0p3_off_s4,hann0p3_off,4,mean_std,linear,features_plus_mu,prot_kounkel,regression,,138,,mean,,0.5200196834139719,1.0464430313259314,0.8144072275875563,False,C:\git_repo\Stellar-World-Model\experiments\exp08_menu_channel\mu_cache,C:\git_repo\Stellar-World-Model\experiments\exp08_menu_channel\subset_mu_cache
menu,hann0p3_off_s4,hann0p3_off,4,mean_std,linear,features_plus_mu,rotation_period,regression,,150,,mean,,0.738577234914924,0.5560035409189099,0.7963180585803813,False,C:\git_repo\Stellar-World-Model\experiments\exp08_menu_channel\mu_cache,C:\git_repo\Stellar-World-Model\experiments\exp08_menu_channel\subset_mu_cache
menu,hann0p3_off_s4,hann0p3_off,4,mean_std,linear,features_plus_mu,ijspeert,detection,0.44267741749825346,2021,93.0,mean,0.8598692722973276,,,,,C:\git_repo\Stellar-World-Model\experiments\exp08_menu_channel\mu_cache,C:\git_repo\Stellar-World-Model\experiments\exp08_menu_channel\subset_mu_cache
menu,hann0p3_off_s4,hann0p3_off,4,mean_std,linear,features_plus_mu,ijspeert_excl_villanova,detection,0.24604120606361574,1825,19.0,mean,0.7453808940957043,,,,,C:\git_repo\Stellar-World-Model\experiments\exp08_menu_channel\mu_cache,C:\git_repo\Stellar-World-Model\experiments\exp08_menu_channel\subset_mu_cache
menu,hann0p3_off_s4,hann0p3_off,4,mean_std,linear,mu_perp_full,osc_giant,detection,0.5153766849003949,3429,1313.0,mean,0.6822544512703416,,,,,C:\git_repo\Stellar-World-Model\experiments\exp08_menu_channel\mu_cache,C:\git_repo\Stellar-World-Model\experiments\exp08_menu_channel\subset_mu_cache
menu,hann0p3_off_s4,hann0p3_off,4,mean_std,linear,mu_perp_full,solar_like_osc,detection,0.20372330289151852,3429,417.0,mean,0.6471715058232299,,,,,C:\git_repo\Stellar-World-Model\experiments\exp08_menu_channel\mu_cache,C:\git_repo\Stellar-World-Model\experiments\exp08_menu_channel\subset_mu_cache
menu,hann0p3_off_s4,hann0p3_off,4,mean_std,linear,mu_perp_full,flare,detection,0.1798302004142902,3429,304.0,mean,0.6199642105263157,,,,,C:\git_repo\Stellar-World-Model\experiments\exp08_menu_channel\mu_cache,C:\git_repo\Stellar-World-Model\experiments\exp08_menu_channel\subset_mu_cache
menu,hann0p3_off_s4,hann0p3_off,4,mean_std,linear,mu_perp_full,rgb_vs_heb,contrastive,0.7103211502979832,161,113.0,mean,0.5020280235988202,,,,,C:\git_repo\Stellar-World-Model\experiments\exp08_menu_channel\mu_cache,C:\git_repo\Stellar-World-Model\experiments\exp08_menu_channel\subset_mu_cache
menu,hann0p3_off_s4,hann0p3_off,4,mean_std,linear,mu_perp_full,numax_hon,regression,,1313,,mean,,0.23624398448703443,0.1814383088715844,0.5002288804600359,True,C:\git_repo\Stellar-World-Model\experiments\exp08_menu_channel\mu_cache,C:\git_repo\Stellar-World-Model\experiments\exp08_menu_channel\subset_mu_cache
menu,hann0p3_off_s4,hann0p3_off,4,mean_std,linear,mu_perp_full,numax_hatt,regression,,417,,mean,,0.24083158499139923,0.37419187060174125,0.4201797204716209,True,C:\git_repo\Stellar-World-Model\experiments\exp08_menu_channel\mu_cache,C:\git_repo\Stellar-World-Model\experiments\exp08_menu_channel\subset_mu_cache
menu,hann0p3_off_s4,hann0p3_off,4,mean_std,linear,mu_perp_full,dnu_hatt,regression,,417,,mean,,0.24437592397811447,0.2988794528592905,0.42813545109812384,True,C:\git_repo\Stellar-World-Model\experiments\exp08_menu_channel\mu_cache,C:\git_repo\Stellar-World-Model\experiments\exp08_menu_channel\subset_mu_cache
menu,hann0p3_off_s4,hann0p3_off,4,mean_std,linear,mu_perp_full,prot_kounkel,regression,,138,,mean,,0.15868957733939293,1.3854217802132198,0.47530700006994614,False,C:\git_repo\Stellar-World-Model\experiments\exp08_menu_channel\mu_cache,C:\git_repo\Stellar-World-Model\experiments\exp08_menu_channel\subset_mu_cache
menu,hann0p3_off_s4,hann0p3_off,4,mean_std,linear,mu_perp_full,rotation_period,regression,,150,,mean,,0.07551818537363841,1.0455746416949256,0.2290572914351749,False,C:\git_repo\Stellar-World-Model\experiments\exp08_menu_channel\mu_cache,C:\git_repo\Stellar-World-Model\experiments\exp08_menu_channel\subset_mu_cache
menu,hann0p3_off_s4,hann0p3_off,4,mean_std,linear,mu_perp_full,ijspeert,detection,0.28625000270642187,2021,93.0,mean,0.6835486101815911,,,,,C:\git_repo\Stellar-World-Model\experiments\exp08_menu_channel\mu_cache,C:\git_repo\Stellar-World-Model\experiments\exp08_menu_channel\subset_mu_cache
menu,hann0p3_off_s4,hann0p3_off,4,mean_std,linear,mu_perp_full,ijspeert_excl_villanova,detection,0.28770539041651005,1825,19.0,mean,0.6255755668240368,,,,,C:\git_repo\Stellar-World-Model\experiments\exp08_menu_channel\mu_cache,C:\git_repo\Stellar-World-Model\experiments\exp08_menu_channel\subset_mu_cache
v1,hann0p3_off_s4,hann0p3_off,4,mean_perp_amp,linear,mu,pulsating,detection,0.7923160747355763,2021,216.0,,,,,,,C:\git_repo\Stellar-World-Model\experiments\exp08_menu_channel\mu_cache,C:\git_repo\Stellar-World-Model\experiments\exp08_menu_channel\subset_mu_cache
v1,hann0p3_off_s4,hann0p3_off,4,mean_perp_amp,linear,mu,eb,detection,0.5335094825456148,2021,196.0,,,,,,,C:\git_repo\Stellar-World-Model\experiments\exp08_menu_channel\mu_cache,C:\git_repo\Stellar-World-Model\experiments\exp08_menu_channel\subset_mu_cache
v1,hann0p3_off_s4,hann0p3_off,4,mean_perp_amp,linear,mu,rotation,detection,0.41083050580865904,2021,180.0,,,,,,,C:\git_repo\Stellar-World-Model\experiments\exp08_menu_channel\mu_cache,C:\git_repo\Stellar-World-Model\experiments\exp08_menu_channel\subset_mu_cache
v1,hann0p3_off_s4,hann0p3_off,4,mean_perp_amp,linear,mu,transit,detection,0.13549802449517445,2021,122.0,,,,,,,C:\git_repo\Stellar-World-Model\experiments\exp08_menu_channel\mu_cache,C:\git_repo\Stellar-World-Model\experiments\exp08_menu_channel\subset_mu_cache
menu,hann0p3_off_s4,hann0p3_off,4,mean_perp_amp,linear,mu,osc_giant,detection,0.8047649908985294,3429,1313.0,mean,0.9019939473953212,,,,,C:\git_repo\Stellar-World-Model\experiments\exp08_menu_channel\mu_cache,C:\git_repo\Stellar-World-Model\experiments\exp08_menu_channel\subset_mu_cache
menu,hann0p3_off_s4,hann0p3_off,4,mean_perp_amp,linear,mu,solar_like_osc,detection,0.26171604619255534,3429,417.0,mean,0.751974516004726,,,,,C:\git_repo\Stellar-World-Model\experiments\exp08_menu_channel\mu_cache,C:\git_repo\Stellar-World-Model\experiments\exp08_menu_channel\subset_mu_cache
menu,hann0p3_off_s4,hann0p3_off,4,mean_perp_amp,linear,mu,flare,detection,0.3591988336563223,3429,304.0,mean,0.7666294736842105,,,,,C:\git_repo\Stellar-World-Model\experiments\exp08_menu_channel\mu_cache,C:\git_repo\Stellar-World-Model\experiments\exp08_menu_channel\subset_mu_cache
menu,hann0p3_off_s4,hann0p3_off,4,mean_perp_amp,linear,mu,rgb_vs_heb,contrastive,0.7667825286335404,161,113.0,mean,0.5739306784660767,,,,,C:\git_repo\Stellar-World-Model\experiments\exp08_menu_channel\mu_cache,C:\git_repo\Stellar-World-Model\experiments\exp08_menu_channel\subset_mu_cache
menu,hann0p3_off_s4,hann0p3_off,4,mean_perp_amp,linear,mu,numax_hon,regression,,1313,,mean,,0.6141031015510601,0.12896958768586567,0.7533788810377537,True,C:\git_repo\Stellar-World-Model\experiments\exp08_menu_channel\mu_cache,C:\git_repo\Stellar-World-Model\experiments\exp08_menu_channel\subset_mu_cache
menu,hann0p3_off_s4,hann0p3_off,4,mean_perp_amp,linear,mu,numax_hatt,regression,,417,,mean,,0.7153736831023325,0.22911989894626655,0.8245385351949595,True,C:\git_repo\Stellar-World-Model\experiments\exp08_menu_channel\mu_cache,C:\git_repo\Stellar-World-Model\experiments\exp08_menu_channel\subset_mu_cache
menu,hann0p3_off_s4,hann0p3_off,4,mean_perp_amp,linear,mu,dnu_hatt,regression,,417,,mean,,0.7109499610912443,0.18485435304766534,0.8221227374923665,True,C:\git_repo\Stellar-World-Model\experiments\exp08_menu_channel\mu_cache,C:\git_repo\Stellar-World-Model\experiments\exp08_menu_channel\subset_mu_cache
menu,hann0p3_off_s4,hann0p3_off,4,mean_perp_amp,linear,mu,prot_kounkel,regression,,138,,mean,,0.26582802911941594,1.2942041148267518,0.6955844731087654,False,C:\git_repo\Stellar-World-Model\experiments\exp08_menu_channel\mu_cache,C:\git_repo\Stellar-World-Model\experiments\exp08_menu_channel\subset_mu_cache
menu,hann0p3_off_s4,hann0p3_off,4,mean_perp_amp,linear,mu,rotation_period,regression,,150,,mean,,0.5159366474625804,0.756583660085937,0.7742228543490821,False,C:\git_repo\Stellar-World-Model\experiments\exp08_menu_channel\mu_cache,C:\git_repo\Stellar-World-Model\experiments\exp08_menu_channel\subset_mu_cache
menu,hann0p3_off_s4,hann0p3_off,4,mean_perp_amp,linear,mu,ijspeert,detection,0.32872387702989986,2021,93.0,mean,0.7659282559229019,,,,,C:\git_repo\Stellar-World-Model\experiments\exp08_menu_channel\mu_cache,C:\git_repo\Stellar-World-Model\experiments\exp08_menu_channel\subset_mu_cache
menu,hann0p3_off_s4,hann0p3_off,4,mean_perp_amp,linear,mu,ijspeert_excl_villanova,detection,0.2173215125341295,1825,19.0,mean,0.6519496415457248,,,,,C:\git_repo\Stellar-World-Model\experiments\exp08_menu_channel\mu_cache,C:\git_repo\Stellar-World-Model\experiments\exp08_menu_channel\subset_mu_cache
v1,hann0p3_off_s5,hann0p3_off,5,mean,linear,mu,pulsating,detection,0.8191509245674863,2021,216.0,,,,,,,C:\git_repo\Stellar-World-Model\experiments\exp08_menu_channel\mu_cache,C:\git_repo\Stellar-World-Model\experiments\exp08_menu_channel\subset_mu_cache
v1,hann0p3_off_s5,hann0p3_off,5,mean,linear,mu,eb,detection,0.7259946854654796,2021,196.0,,,,,,,C:\git_repo\Stellar-World-Model\experiments\exp08_menu_channel\mu_cache,C:\git_repo\Stellar-World-Model\experiments\exp08_menu_channel\subset_mu_cache
v1,hann0p3_off_s5,hann0p3_off,5,mean,linear,mu,rotation,detection,0.5551380763078745,2021,180.0,,,,,,,C:\git_repo\Stellar-World-Model\experiments\exp08_menu_channel\mu_cache,C:\git_repo\Stellar-World-Model\experiments\exp08_menu_channel\subset_mu_cache
v1,hann0p3_off_s5,hann0p3_off,5,mean,linear,mu,transit,detection,0.12004601164334357,2021,122.0,,,,,,,C:\git_repo\Stellar-World-Model\experiments\exp08_menu_channel\mu_cache,C:\git_repo\Stellar-World-Model\experiments\exp08_menu_channel\subset_mu_cache
v1,hann0p3_off_s5,hann0p3_off,5,mean,linear,features_plus_mu,pulsating,detection,0.8520321423864988,2021,216.0,,,,,,,C:\git_repo\Stellar-World-Model\experiments\exp08_menu_channel\mu_cache,C:\git_repo\Stellar-World-Model\experiments\exp08_menu_channel\subset_mu_cache
v1,hann0p3_off_s5,hann0p3_off,5,mean,linear,features_plus_mu,eb,detection,0.7302024549416157,2021,196.0,,,,,,,C:\git_repo\Stellar-World-Model\experiments\exp08_menu_channel\mu_cache,C:\git_repo\Stellar-World-Model\experiments\exp08_menu_channel\subset_mu_cache
v1,hann0p3_off_s5,hann0p3_off,5,mean,linear,features_plus_mu,rotation,detection,0.5394562941519435,2021,180.0,,,,,,,C:\git_repo\Stellar-World-Model\experiments\exp08_menu_channel\mu_cache,C:\git_repo\Stellar-World-Model\experiments\exp08_menu_channel\subset_mu_cache
v1,hann0p3_off_s5,hann0p3_off,5,mean,linear,features_plus_mu,transit,detection,0.21722977262640622,2021,122.0,,,,,,,C:\git_repo\Stellar-World-Model\experiments\exp08_menu_channel\mu_cache,C:\git_repo\Stellar-World-Model\experiments\exp08_menu_channel\subset_mu_cache
v1,hann0p3_off_s5,hann0p3_off,5,mean,linear,mu_perp_full,pulsating,detection,0.30193924112913784,2021,216.0,,,,,,,C:\git_repo\Stellar-World-Model\experiments\exp08_menu_channel\mu_cache,C:\git_repo\Stellar-World-Model\experiments\exp08_menu_channel\subset_mu_cache
v1,hann0p3_off_s5,hann0p3_off,5,mean,linear,mu_perp_full,eb,detection,0.1684210371916309,2021,196.0,,,,,,,C:\git_repo\Stellar-World-Model\experiments\exp08_menu_channel\mu_cache,C:\git_repo\Stellar-World-Model\experiments\exp08_menu_channel\subset_mu_cache
v1,hann0p3_off_s5,hann0p3_off,5,mean,linear,mu_perp_full,rotation,detection,0.1890892730987599,2021,180.0,,,,,,,C:\git_repo\Stellar-World-Model\experiments\exp08_menu_channel\mu_cache,C:\git_repo\Stellar-World-Model\experiments\exp08_menu_channel\subset_mu_cache
v1,hann0p3_off_s5,hann0p3_off,5,mean,linear,mu_perp_full,transit,detection,0.15630991758035134,2021,122.0,,,,,,,C:\git_repo\Stellar-World-Model\experiments\exp08_menu_channel\mu_cache,C:\git_repo\Stellar-World-Model\experiments\exp08_menu_channel\subset_mu_cache
menu,hann0p3_off_s5,hann0p3_off,5,mean,linear,mu,osc_giant,detection,0.8005482180229392,3429,1313.0,mean,0.9076463084726387,,,,,C:\git_repo\Stellar-World-Model\experiments\exp08_menu_channel\mu_cache,C:\git_repo\Stellar-World-Model\experiments\exp08_menu_channel\subset_mu_cache
menu,hann0p3_off_s5,hann0p3_off,5,mean,linear,mu,solar_like_osc,detection,0.3008881684099977,3429,417.0,mean,0.7688733475371098,,,,,C:\git_repo\Stellar-World-Model\experiments\exp08_menu_channel\mu_cache,C:\git_repo\Stellar-World-Model\experiments\exp08_menu_channel\subset_mu_cache
menu,hann0p3_off_s5,hann0p3_off,5,mean,linear,mu,flare,detection,0.4488593308615354,3429,304.0,mean,0.8394568421052632,,,,,C:\git_repo\Stellar-World-Model\experiments\exp08_menu_channel\mu_cache,C:\git_repo\Stellar-World-Model\experiments\exp08_menu_channel\subset_mu_cache
menu,hann0p3_off_s5,hann0p3_off,5,mean,linear,mu,rgb_vs_heb,contrastive,0.8140754123453895,161,113.0,mean,0.6412241887905605,,,,,C:\git_repo\Stellar-World-Model\experiments\exp08_menu_channel\mu_cache,C:\git_repo\Stellar-World-Model\experiments\exp08_menu_channel\subset_mu_cache
menu,hann0p3_off_s5,hann0p3_off,5,mean,linear,mu,numax_hon,regression,,1313,,mean,,0.6782835686418187,0.11775742183167984,0.7797954975035426,True,C:\git_repo\Stellar-World-Model\experiments\exp08_menu_channel\mu_cache,C:\git_repo\Stellar-World-Model\experiments\exp08_menu_channel\subset_mu_cache
menu,hann0p3_off_s5,hann0p3_off,5,mean,linear,mu,numax_hatt,regression,,417,,mean,,0.7296015012085437,0.22331989791475002,0.85169792635831,True,C:\git_repo\Stellar-World-Model\experiments\exp08_menu_channel\mu_cache,C:\git_repo\Stellar-World-Model\experiments\exp08_menu_channel\subset_mu_cache
menu,hann0p3_off_s5,hann0p3_off,5,mean,linear,mu,dnu_hatt,regression,,417,,mean,,0.7141444038464482,0.1838300542301027,0.847133000080005,True,C:\git_repo\Stellar-World-Model\experiments\exp08_menu_channel\mu_cache,C:\git_repo\Stellar-World-Model\experiments\exp08_menu_channel\subset_mu_cache
menu,hann0p3_off_s5,hann0p3_off,5,mean,linear,mu,prot_kounkel,regression,,138,,mean,,0.32019948660937225,1.2453591626196325,0.7395833452252994,False,C:\git_repo\Stellar-World-Model\experiments\exp08_menu_channel\mu_cache,C:\git_repo\Stellar-World-Model\experiments\exp08_menu_channel\subset_mu_cache
menu,hann0p3_off_s5,hann0p3_off,5,mean,linear,mu,rotation_period,regression,,150,,mean,,0.569510088083887,0.7134891033149803,0.7486537179430198,False,C:\git_repo\Stellar-World-Model\experiments\exp08_menu_channel\mu_cache,C:\git_repo\Stellar-World-Model\experiments\exp08_menu_channel\subset_mu_cache
menu,hann0p3_off_s5,hann0p3_off,5,mean,linear,mu,ijspeert,detection,0.3541689391044097,2021,93.0,mean,0.8095580689778253,,,,,C:\git_repo\Stellar-World-Model\experiments\exp08_menu_channel\mu_cache,C:\git_repo\Stellar-World-Model\experiments\exp08_menu_channel\subset_mu_cache
menu,hann0p3_off_s5,hann0p3_off,5,mean,linear,mu,ijspeert_excl_villanova,detection,0.1637719494045828,1825,19.0,mean,0.6569330302500437,,,,,C:\git_repo\Stellar-World-Model\experiments\exp08_menu_channel\mu_cache,C:\git_repo\Stellar-World-Model\experiments\exp08_menu_channel\subset_mu_cache
menu,hann0p3_off_s5,hann0p3_off,5,mean,linear,features_plus_mu,osc_giant,detection,0.9168938335235767,3429,1313.0,mean,0.9616457210647632,,,,,C:\git_repo\Stellar-World-Model\experiments\exp08_menu_channel\mu_cache,C:\git_repo\Stellar-World-Model\experiments\exp08_menu_channel\subset_mu_cache
menu,hann0p3_off_s5,hann0p3_off,5,mean,linear,features_plus_mu,solar_like_osc,detection,0.33807963946192315,3429,417.0,mean,0.8213970656144406,,,,,C:\git_repo\Stellar-World-Model\experiments\exp08_menu_channel\mu_cache,C:\git_repo\Stellar-World-Model\experiments\exp08_menu_channel\subset_mu_cache
menu,hann0p3_off_s5,hann0p3_off,5,mean,linear,features_plus_mu,flare,detection,0.50573312764527,3429,304.0,mean,0.8884,,,,,C:\git_repo\Stellar-World-Model\experiments\exp08_menu_channel\mu_cache,C:\git_repo\Stellar-World-Model\experiments\exp08_menu_channel\subset_mu_cache
menu,hann0p3_off_s5,hann0p3_off,5,mean,linear,features_plus_mu,rgb_vs_heb,contrastive,0.8517712947957449,161,113.0,mean,0.7142330383480826,,,,,C:\git_repo\Stellar-World-Model\experiments\exp08_menu_channel\mu_cache,C:\git_repo\Stellar-World-Model\experiments\exp08_menu_channel\subset_mu_cache
menu,hann0p3_off_s5,hann0p3_off,5,mean,linear,features_plus_mu,numax_hon,regression,,1313,,mean,,0.8382356812465928,0.08350126097611428,0.888256906638881,True,C:\git_repo\Stellar-World-Model\experiments\exp08_menu_channel\mu_cache,C:\git_repo\Stellar-World-Model\experiments\exp08_menu_channel\subset_mu_cache
menu,hann0p3_off_s5,hann0p3_off,5,mean,linear,features_plus_mu,numax_hatt,regression,,417,,mean,,0.8594042334911373,0.1610317099038189,0.9243869284213311,True,C:\git_repo\Stellar-World-Model\experiments\exp08_menu_channel\mu_cache,C:\git_repo\Stellar-World-Model\experiments\exp08_menu_channel\subset_mu_cache
menu,hann0p3_off_s5,hann0p3_off,5,mean,linear,features_plus_mu,dnu_hatt,regression,,417,,mean,,0.8446227863380463,0.13553043445092805,0.9180711648165661,True,C:\git_repo\Stellar-World-Model\experiments\exp08_menu_channel\mu_cache,C:\git_repo\Stellar-World-Model\experiments\exp08_menu_channel\subset_mu_cache
menu,hann0p3_off_s5,hann0p3_off,5,mean,linear,features_plus_mu,prot_kounkel,regression,,138,,mean,,0.5050336911433496,1.0626535454904726,0.7967583623776134,False,C:\git_repo\Stellar-World-Model\experiments\exp08_menu_channel\mu_cache,C:\git_repo\Stellar-World-Model\experiments\exp08_menu_channel\subset_mu_cache
menu,hann0p3_off_s5,hann0p3_off,5,mean,linear,features_plus_mu,rotation_period,regression,,150,,mean,,0.6796979047752445,0.6154400365693482,0.7258260367127428,False,C:\git_repo\Stellar-World-Model\experiments\exp08_menu_channel\mu_cache,C:\git_repo\Stellar-World-Model\experiments\exp08_menu_channel\subset_mu_cache
menu,hann0p3_off_s5,hann0p3_off,5,mean,linear,features_plus_mu,ijspeert,detection,0.4041009784881928,2021,93.0,mean,0.8492002409316022,,,,,C:\git_repo\Stellar-World-Model\experiments\exp08_menu_channel\mu_cache,C:\git_repo\Stellar-World-Model\experiments\exp08_menu_channel\subset_mu_cache
menu,hann0p3_off_s5,hann0p3_off,5,mean,linear,features_plus_mu,ijspeert_excl_villanova,detection,0.24175022324751783,1825,19.0,mean,0.7763012181616833,,,,,C:\git_repo\Stellar-World-Model\experiments\exp08_menu_channel\mu_cache,C:\git_repo\Stellar-World-Model\experiments\exp08_menu_channel\subset_mu_cache
menu,hann0p3_off_s5,hann0p3_off,5,mean,linear,mu_perp_full,osc_giant,detection,0.48873519341927074,3429,1313.0,mean,0.6622627872791642,,,,,C:\git_repo\Stellar-World-Model\experiments\exp08_menu_channel\mu_cache,C:\git_repo\Stellar-World-Model\experiments\exp08_menu_channel\subset_mu_cache
menu,hann0p3_off_s5,hann0p3_off,5,mean,linear,mu_perp_full,solar_like_osc,detection,0.198778291812828,3429,417.0,mean,0.6333076964723043,,,,,C:\git_repo\Stellar-World-Model\experiments\exp08_menu_channel\mu_cache,C:\git_repo\Stellar-World-Model\experiments\exp08_menu_channel\subset_mu_cache
menu,hann0p3_off_s5,hann0p3_off,5,mean,linear,mu_perp_full,flare,detection,0.14903772591859915,3429,304.0,mean,0.6103031578947369,,,,,C:\git_repo\Stellar-World-Model\experiments\exp08_menu_channel\mu_cache,C:\git_repo\Stellar-World-Model\experiments\exp08_menu_channel\subset_mu_cache
menu,hann0p3_off_s5,hann0p3_off,5,mean,linear,mu_perp_full,rgb_vs_heb,contrastive,0.7457029506059238,161,113.0,mean,0.5147492625368731,,,,,C:\git_repo\Stellar-World-Model\experiments\exp08_menu_channel\mu_cache,C:\git_repo\Stellar-World-Model\experiments\exp08_menu_channel\subset_mu_cache
menu,hann0p3_off_s5,hann0p3_off,5,mean,linear,mu_perp_full,numax_hon,regression,,1313,,mean,,0.18908550230204102,0.1869559105679192,0.43381805603272516,True,C:\git_repo\Stellar-World-Model\experiments\exp08_menu_channel\mu_cache,C:\git_repo\Stellar-World-Model\experiments\exp08_menu_channel\subset_mu_cache
menu,hann0p3_off_s5,hann0p3_off,5,mean,linear,mu_perp_full,numax_hatt,regression,,417,,mean,,0.1698961303709835,0.3912834704570181,0.3626490788908164,True,C:\git_repo\Stellar-World-Model\experiments\exp08_menu_channel\mu_cache,C:\git_repo\Stellar-World-Model\experiments\exp08_menu_channel\subset_mu_cache
menu,hann0p3_off_s5,hann0p3_off,5,mean,linear,mu_perp_full,dnu_hatt,regression,,417,,mean,,0.17615359100773442,0.3120802552066766,0.3714303634772144,True,C:\git_repo\Stellar-World-Model\experiments\exp08_menu_channel\mu_cache,C:\git_repo\Stellar-World-Model\experiments\exp08_menu_channel\subset_mu_cache
menu,hann0p3_off_s5,hann0p3_off,5,mean,linear,mu_perp_full,prot_kounkel,regression,,138,,mean,,0.08647164656779083,1.4436598949240376,0.4276345155183801,False,C:\git_repo\Stellar-World-Model\experiments\exp08_menu_channel\mu_cache,C:\git_repo\Stellar-World-Model\experiments\exp08_menu_channel\subset_mu_cache
menu,hann0p3_off_s5,hann0p3_off,5,mean,linear,mu_perp_full,rotation_period,regression,,150,,mean,,0.06776793622101862,1.0499482005576946,0.2255798035468243,False,C:\git_repo\Stellar-World-Model\experiments\exp08_menu_channel\mu_cache,C:\git_repo\Stellar-World-Model\experiments\exp08_menu_channel\subset_mu_cache
menu,hann0p3_off_s5,hann0p3_off,5,mean,linear,mu_perp_full,ijspeert,detection,0.0909031781957304,2021,93.0,mean,0.5713536786686298,,,,,C:\git_repo\Stellar-World-Model\experiments\exp08_menu_channel\mu_cache,C:\git_repo\Stellar-World-Model\experiments\exp08_menu_channel\subset_mu_cache
menu,hann0p3_off_s5,hann0p3_off,5,mean,linear,mu_perp_full,ijspeert_excl_villanova,detection,0.08125525129497871,1825,19.0,mean,0.6580404499621145,,,,,C:\git_repo\Stellar-World-Model\experiments\exp08_menu_channel\mu_cache,C:\git_repo\Stellar-World-Model\experiments\exp08_menu_channel\subset_mu_cache
v1,hann0p3_off_s5,hann0p3_off,5,mean_std,linear,mu,pulsating,detection,0.8074772457678634,2021,216.0,,,,,,,C:\git_repo\Stellar-World-Model\experiments\exp08_menu_channel\mu_cache,C:\git_repo\Stellar-World-Model\experiments\exp08_menu_channel\subset_mu_cache
v1,hann0p3_off_s5,hann0p3_off,5,mean_std,linear,mu,eb,detection,0.7327561073650931,2021,196.0,,,,,,,C:\git_repo\Stellar-World-Model\experiments\exp08_menu_channel\mu_cache,C:\git_repo\Stellar-World-Model\experiments\exp08_menu_channel\subset_mu_cache
v1,hann0p3_off_s5,hann0p3_off,5,mean_std,linear,mu,rotation,detection,0.4748145989433779,2021,180.0,,,,,,,C:\git_repo\Stellar-World-Model\experiments\exp08_menu_channel\mu_cache,C:\git_repo\Stellar-World-Model\experiments\exp08_menu_channel\subset_mu_cache
v1,hann0p3_off_s5,hann0p3_off,5,mean_std,linear,mu,transit,detection,0.16225007182717333,2021,122.0,,,,,,,C:\git_repo\Stellar-World-Model\experiments\exp08_menu_channel\mu_cache,C:\git_repo\Stellar-World-Model\experiments\exp08_menu_channel\subset_mu_cache
v1,hann0p3_off_s5,hann0p3_off,5,mean_std,linear,features_plus_mu,pulsating,detection,0.83352409860115,2021,216.0,,,,,,,C:\git_repo\Stellar-World-Model\experiments\exp08_menu_channel\mu_cache,C:\git_repo\Stellar-World-Model\experiments\exp08_menu_channel\subset_mu_cache
v1,hann0p3_off_s5,hann0p3_off,5,mean_std,linear,features_plus_mu,eb,detection,0.7367779700121961,2021,196.0,,,,,,,C:\git_repo\Stellar-World-Model\experiments\exp08_menu_channel\mu_cache,C:\git_repo\Stellar-World-Model\experiments\exp08_menu_channel\subset_mu_cache
v1,hann0p3_off_s5,hann0p3_off,5,mean_std,linear,features_plus_mu,rotation,detection,0.4757837506673425,2021,180.0,,,,,,,C:\git_repo\Stellar-World-Model\experiments\exp08_menu_channel\mu_cache,C:\git_repo\Stellar-World-Model\experiments\exp08_menu_channel\subset_mu_cache
v1,hann0p3_off_s5,hann0p3_off,5,mean_std,linear,features_plus_mu,transit,detection,0.180636758746671,2021,122.0,,,,,,,C:\git_repo\Stellar-World-Model\experiments\exp08_menu_channel\mu_cache,C:\git_repo\Stellar-World-Model\experiments\exp08_menu_channel\subset_mu_cache
v1,hann0p3_off_s5,hann0p3_off,5,mean_std,linear,mu_perp_full,pulsating,detection,0.3063054382217598,2021,216.0,,,,,,,C:\git_repo\Stellar-World-Model\experiments\exp08_menu_channel\mu_cache,C:\git_repo\Stellar-World-Model\experiments\exp08_menu_channel\subset_mu_cache
v1,hann0p3_off_s5,hann0p3_off,5,mean_std,linear,mu_perp_full,eb,detection,0.2922459491715914,2021,196.0,,,,,,,C:\git_repo\Stellar-World-Model\experiments\exp08_menu_channel\mu_cache,C:\git_repo\Stellar-World-Model\experiments\exp08_menu_channel\subset_mu_cache
v1,hann0p3_off_s5,hann0p3_off,5,mean_std,linear,mu_perp_full,rotation,detection,0.18726369148634703,2021,180.0,,,,,,,C:\git_repo\Stellar-World-Model\experiments\exp08_menu_channel\mu_cache,C:\git_repo\Stellar-World-Model\experiments\exp08_menu_channel\subset_mu_cache
v1,hann0p3_off_s5,hann0p3_off,5,mean_std,linear,mu_perp_full,transit,detection,0.1270584492720304,2021,122.0,,,,,,,C:\git_repo\Stellar-World-Model\experiments\exp08_menu_channel\mu_cache,C:\git_repo\Stellar-World-Model\experiments\exp08_menu_channel\subset_mu_cache
menu,hann0p3_off_s5,hann0p3_off,5,mean_std,linear,mu,osc_giant,detection,0.8566508697263906,3429,1313.0,mean,0.9356525626388434,,,,,C:\git_repo\Stellar-World-Model\experiments\exp08_menu_channel\mu_cache,C:\git_repo\Stellar-World-Model\experiments\exp08_menu_channel\subset_mu_cache
menu,hann0p3_off_s5,hann0p3_off,5,mean_std,linear,mu,solar_like_osc,detection,0.28018835747407195,3429,417.0,mean,0.7681902286935391,,,,,C:\git_repo\Stellar-World-Model\experiments\exp08_menu_channel\mu_cache,C:\git_repo\Stellar-World-Model\experiments\exp08_menu_channel\subset_mu_cache
menu,hann0p3_off_s5,hann0p3_off,5,mean_std,linear,mu,flare,detection,0.4557644288604453,3429,304.0,mean,0.8477,,,,,C:\git_repo\Stellar-World-Model\experiments\exp08_menu_channel\mu_cache,C:\git_repo\Stellar-World-Model\experiments\exp08_menu_channel\subset_mu_cache
menu,hann0p3_off_s5,hann0p3_off,5,mean_std,linear,mu,rgb_vs_heb,contrastive,0.7809929243120014,161,113.0,mean,0.5931047197640118,,,,,C:\git_repo\Stellar-World-Model\experiments\exp08_menu_channel\mu_cache,C:\git_repo\Stellar-World-Model\experiments\exp08_menu_channel\subset_mu_cache
menu,hann0p3_off_s5,hann0p3_off,5,mean_std,linear,mu,numax_hon,regression,,1313,,mean,,0.7296668713052497,0.10794469479833231,0.8213741175500774,True,C:\git_repo\Stellar-World-Model\experiments\exp08_menu_channel\mu_cache,C:\git_repo\Stellar-World-Model\experiments\exp08_menu_channel\subset_mu_cache
menu,hann0p3_off_s5,hann0p3_off,5,mean_std,linear,mu,numax_hatt,regression,,417,,mean,,0.7491438232082261,0.2150986487260102,0.8637246082237177,True,C:\git_repo\Stellar-World-Model\experiments\exp08_menu_channel\mu_cache,C:\git_repo\Stellar-World-Model\experiments\exp08_menu_channel\subset_mu_cache
menu,hann0p3_off_s5,hann0p3_off,5,mean_std,linear,mu,dnu_hatt,regression,,417,,mean,,0.735868264421556,0.17670687983141406,0.8609730331322686,True,C:\git_repo\Stellar-World-Model\experiments\exp08_menu_channel\mu_cache,C:\git_repo\Stellar-World-Model\experiments\exp08_menu_channel\subset_mu_cache
menu,hann0p3_off_s5,hann0p3_off,5,mean_std,linear,mu,prot_kounkel,regression,,138,,mean,,0.42637680767509956,1.143976827196913,0.7875937381922693,False,C:\git_repo\Stellar-World-Model\experiments\exp08_menu_channel\mu_cache,C:\git_repo\Stellar-World-Model\experiments\exp08_menu_channel\subset_mu_cache
menu,hann0p3_off_s5,hann0p3_off,5,mean_std,linear,mu,rotation_period,regression,,150,,mean,,0.6914031643279928,0.6040899209391063,0.7634632650340015,False,C:\git_repo\Stellar-World-Model\experiments\exp08_menu_channel\mu_cache,C:\git_repo\Stellar-World-Model\experiments\exp08_menu_channel\subset_mu_cache
menu,hann0p3_off_s5,hann0p3_off,5,mean_std,linear,mu,ijspeert,detection,0.37910312905146015,2021,93.0,mean,0.8052302235309866,,,,,C:\git_repo\Stellar-World-Model\experiments\exp08_menu_channel\mu_cache,C:\git_repo\Stellar-World-Model\experiments\exp08_menu_channel\subset_mu_cache
menu,hann0p3_off_s5,hann0p3_off,5,mean_std,linear,mu,ijspeert_excl_villanova,detection,0.28603463389887124,1825,19.0,mean,0.7333741330069359,,,,,C:\git_repo\Stellar-World-Model\experiments\exp08_menu_channel\mu_cache,C:\git_repo\Stellar-World-Model\experiments\exp08_menu_channel\subset_mu_cache
menu,hann0p3_off_s5,hann0p3_off,5,mean_std,linear,features_plus_mu,osc_giant,detection,0.9140000489067341,3429,1313.0,mean,0.9606260357023052,,,,,C:\git_repo\Stellar-World-Model\experiments\exp08_menu_channel\mu_cache,C:\git_repo\Stellar-World-Model\experiments\exp08_menu_channel\subset_mu_cache
menu,hann0p3_off_s5,hann0p3_off,5,mean_std,linear,features_plus_mu,solar_like_osc,detection,0.31981949975310164,3429,417.0,mean,0.8155961286747494,,,,,C:\git_repo\Stellar-World-Model\experiments\exp08_menu_channel\mu_cache,C:\git_repo\Stellar-World-Model\experiments\exp08_menu_channel\subset_mu_cache
menu,hann0p3_off_s5,hann0p3_off,5,mean_std,linear,features_plus_mu,flare,detection,0.5169000073934942,3429,304.0,mean,0.884881052631579,,,,,C:\git_repo\Stellar-World-Model\experiments\exp08_menu_channel\mu_cache,C:\git_repo\Stellar-World-Model\experiments\exp08_menu_channel\subset_mu_cache
menu,hann0p3_off_s5,hann0p3_off,5,mean_std,linear,features_plus_mu,rgb_vs_heb,contrastive,0.8020727627700288,161,113.0,mean,0.6231563421828907,,,,,C:\git_repo\Stellar-World-Model\experiments\exp08_menu_channel\mu_cache,C:\git_repo\Stellar-World-Model\experiments\exp08_menu_channel\subset_mu_cache
menu,hann0p3_off_s5,hann0p3_off,5,mean_std,linear,features_plus_mu,numax_hon,regression,,1313,,mean,,0.8400575212919582,0.08302972097973867,0.8883260023734721,True,C:\git_repo\Stellar-World-Model\experiments\exp08_menu_channel\mu_cache,C:\git_repo\Stellar-World-Model\experiments\exp08_menu_channel\subset_mu_cache
menu,hann0p3_off_s5,hann0p3_off,5,mean_std,linear,features_plus_mu,numax_hatt,regression,,417,,mean,,0.8560699820544679,0.1629299680505552,0.9110350732780363,True,C:\git_repo\Stellar-World-Model\experiments\exp08_menu_channel\mu_cache,C:\git_repo\Stellar-World-Model\experiments\exp08_menu_channel\subset_mu_cache
menu,hann0p3_off_s5,hann0p3_off,5,mean_std,linear,features_plus_mu,dnu_hatt,regression,,417,,mean,,0.8538429722957579,0.13144770778454248,0.9048835849095271,True,C:\git_repo\Stellar-World-Model\experiments\exp08_menu_channel\mu_cache,C:\git_repo\Stellar-World-Model\experiments\exp08_menu_channel\subset_mu_cache
menu,hann0p3_off_s5,hann0p3_off,5,mean_std,linear,features_plus_mu,prot_kounkel,regression,,138,,mean,,0.5063371488474239,1.0612534127599462,0.805450371414386,False,C:\git_repo\Stellar-World-Model\experiments\exp08_menu_channel\mu_cache,C:\git_repo\Stellar-World-Model\experiments\exp08_menu_channel\subset_mu_cache
menu,hann0p3_off_s5,hann0p3_off,5,mean_std,linear,features_plus_mu,rotation_period,regression,,150,,mean,,0.7223821444824732,0.5729669254652431,0.7408738166140718,False,C:\git_repo\Stellar-World-Model\experiments\exp08_menu_channel\mu_cache,C:\git_repo\Stellar-World-Model\experiments\exp08_menu_channel\subset_mu_cache
menu,hann0p3_off_s5,hann0p3_off,5,mean_std,linear,features_plus_mu,ijspeert,detection,0.3859286390596084,2021,93.0,mean,0.8151128809173248,,,,,C:\git_repo\Stellar-World-Model\experiments\exp08_menu_channel\mu_cache,C:\git_repo\Stellar-World-Model\experiments\exp08_menu_channel\subset_mu_cache
menu,hann0p3_off_s5,hann0p3_off,5,mean_std,linear,features_plus_mu,ijspeert_excl_villanova,detection,0.19572202528432034,1825,19.0,mean,0.6780031474033923,,,,,C:\git_repo\Stellar-World-Model\experiments\exp08_menu_channel\mu_cache,C:\git_repo\Stellar-World-Model\experiments\exp08_menu_channel\subset_mu_cache
menu,hann0p3_off_s5,hann0p3_off,5,mean_std,linear,mu_perp_full,osc_giant,detection,0.5155638618258032,3429,1313.0,mean,0.6765394621474652,,,,,C:\git_repo\Stellar-World-Model\experiments\exp08_menu_channel\mu_cache,C:\git_repo\Stellar-World-Model\experiments\exp08_menu_channel\subset_mu_cache
menu,hann0p3_off_s5,hann0p3_off,5,mean_std,linear,mu_perp_full,solar_like_osc,detection,0.19049916866531696,3429,417.0,mean,0.6259144079158984,,,,,C:\git_repo\Stellar-World-Model\experiments\exp08_menu_channel\mu_cache,C:\git_repo\Stellar-World-Model\experiments\exp08_menu_channel\subset_mu_cache
menu,hann0p3_off_s5,hann0p3_off,5,mean_std,linear,mu_perp_full,flare,detection,0.18004852544658428,3429,304.0,mean,0.614678947368421,,,,,C:\git_repo\Stellar-World-Model\experiments\exp08_menu_channel\mu_cache,C:\git_repo\Stellar-World-Model\experiments\exp08_menu_channel\subset_mu_cache
menu,hann0p3_off_s5,hann0p3_off,5,mean_std,linear,mu_perp_full,rgb_vs_heb,contrastive,0.7033330533520258,161,113.0,mean,0.4795353982300885,,,,,C:\git_repo\Stellar-World-Model\experiments\exp08_menu_channel\mu_cache,C:\git_repo\Stellar-World-Model\experiments\exp08_menu_channel\subset_mu_cache
menu,hann0p3_off_s5,hann0p3_off,5,mean_std,linear,mu_perp_full,numax_hon,regression,,1313,,mean,,0.2297846783086268,0.1822039317116374,0.4872801404652187,True,C:\git_repo\Stellar-World-Model\experiments\exp08_menu_channel\mu_cache,C:\git_repo\Stellar-World-Model\experiments\exp08_menu_channel\subset_mu_cache
menu,hann0p3_off_s5,hann0p3_off,5,mean_std,linear,mu_perp_full,numax_hatt,regression,,417,,mean,,0.1714194208327282,0.3909242912669564,0.40190871289641145,True,C:\git_repo\Stellar-World-Model\experiments\exp08_menu_channel\mu_cache,C:\git_repo\Stellar-World-Model\experiments\exp08_menu_channel\subset_mu_cache
menu,hann0p3_off_s5,hann0p3_off,5,mean_std,linear,mu_perp_full,dnu_hatt,regression,,417,,mean,,0.17144620487409723,0.3129705848071127,0.39783564287846584,True,C:\git_repo\Stellar-World-Model\experiments\exp08_menu_channel\mu_cache,C:\git_repo\Stellar-World-Model\experiments\exp08_menu_channel\subset_mu_cache
menu,hann0p3_off_s5,hann0p3_off,5,mean_std,linear,mu_perp_full,prot_kounkel,regression,,138,,mean,,0.14784410674508808,1.394323034847419,0.5408886306379148,False,C:\git_repo\Stellar-World-Model\experiments\exp08_menu_channel\mu_cache,C:\git_repo\Stellar-World-Model\experiments\exp08_menu_channel\subset_mu_cache
menu,hann0p3_off_s5,hann0p3_off,5,mean_std,linear,mu_perp_full,rotation_period,regression,,150,,mean,,0.13635536592222097,1.010586273331686,0.37169829770212015,False,C:\git_repo\Stellar-World-Model\experiments\exp08_menu_channel\mu_cache,C:\git_repo\Stellar-World-Model\experiments\exp08_menu_channel\subset_mu_cache
menu,hann0p3_off_s5,hann0p3_off,5,mean_std,linear,mu_perp_full,ijspeert,detection,0.24072713231107445,2021,93.0,mean,0.6076830410922234,,,,,C:\git_repo\Stellar-World-Model\experiments\exp08_menu_channel\mu_cache,C:\git_repo\Stellar-World-Model\experiments\exp08_menu_channel\subset_mu_cache
menu,hann0p3_off_s5,hann0p3_off,5,mean_std,linear,mu_perp_full,ijspeert_excl_villanova,detection,0.21686624054957757,1825,19.0,mean,0.6398845952089526,,,,,C:\git_repo\Stellar-World-Model\experiments\exp08_menu_channel\mu_cache,C:\git_repo\Stellar-World-Model\experiments\exp08_menu_channel\subset_mu_cache
v1,hann0p3_off_s5,hann0p3_off,5,mean_perp_amp,linear,mu,pulsating,detection,0.8032615693596799,2021,216.0,,,,,,,C:\git_repo\Stellar-World-Model\experiments\exp08_menu_channel\mu_cache,C:\git_repo\Stellar-World-Model\experiments\exp08_menu_channel\subset_mu_cache
v1,hann0p3_off_s5,hann0p3_off,5,mean_perp_amp,linear,mu,eb,detection,0.4986618457032571,2021,196.0,,,,,,,C:\git_repo\Stellar-World-Model\experiments\exp08_menu_channel\mu_cache,C:\git_repo\Stellar-World-Model\experiments\exp08_menu_channel\subset_mu_cache
v1,hann0p3_off_s5,hann0p3_off,5,mean_perp_amp,linear,mu,rotation,detection,0.3952966954764698,2021,180.0,,,,,,,C:\git_repo\Stellar-World-Model\experiments\exp08_menu_channel\mu_cache,C:\git_repo\Stellar-World-Model\experiments\exp08_menu_channel\subset_mu_cache
v1,hann0p3_off_s5,hann0p3_off,5,mean_perp_amp,linear,mu,transit,detection,0.14583312488301015,2021,122.0,,,,,,,C:\git_repo\Stellar-World-Model\experiments\exp08_menu_channel\mu_cache,C:\git_repo\Stellar-World-Model\experiments\exp08_menu_channel\subset_mu_cache
menu,hann0p3_off_s5,hann0p3_off,5,mean_perp_amp,linear,mu,osc_giant,detection,0.7845656911168252,3429,1313.0,mean,0.9005761780191397,,,,,C:\git_repo\Stellar-World-Model\experiments\exp08_menu_channel\mu_cache,C:\git_repo\Stellar-World-Model\experiments\exp08_menu_channel\subset_mu_cache
menu,hann0p3_off_s5,hann0p3_off,5,mean_perp_amp,linear,mu,solar_like_osc,detection,0.29156708870969783,3429,417.0,mean,0.7591791108945514,,,,,C:\git_repo\Stellar-World-Model\experiments\exp08_menu_channel\mu_cache,C:\git_repo\Stellar-World-Model\experiments\exp08_menu_channel\subset_mu_cache
menu,hann0p3_off_s5,hann0p3_off,5,mean_perp_amp,linear,mu,flare,detection,0.36519647369641656,3429,304.0,mean,0.7407263157894737,,,,,C:\git_repo\Stellar-World-Model\experiments\exp08_menu_channel\mu_cache,C:\git_repo\Stellar-World-Model\experiments\exp08_menu_channel\subset_mu_cache
menu,hann0p3_off_s5,hann0p3_off,5,mean_perp_amp,linear,mu,rgb_vs_heb,contrastive,0.8273052484357939,161,113.0,mean,0.6598451327433629,,,,,C:\git_repo\Stellar-World-Model\experiments\exp08_menu_channel\mu_cache,C:\git_repo\Stellar-World-Model\experiments\exp08_menu_channel\subset_mu_cache
menu,hann0p3_off_s5,hann0p3_off,5,mean_perp_amp,linear,mu,numax_hon,regression,,1313,,mean,,0.5897013803553557,0.13298470533457266,0.7453142846501255,True,C:\git_repo\Stellar-World-Model\experiments\exp08_menu_channel\mu_cache,C:\git_repo\Stellar-World-Model\experiments\exp08_menu_channel\subset_mu_cache
menu,hann0p3_off_s5,hann0p3_off,5,mean_perp_amp,linear,mu,numax_hatt,regression,,417,,mean,,0.693061275169998,0.23793105201435344,0.8114415369792883,True,C:\git_repo\Stellar-World-Model\experiments\exp08_menu_channel\mu_cache,C:\git_repo\Stellar-World-Model\experiments\exp08_menu_channel\subset_mu_cache
menu,hann0p3_off_s5,hann0p3_off,5,mean_perp_amp,linear,mu,dnu_hatt,regression,,417,,mean,,0.6836090275805486,0.19339943793279155,0.8122430164228028,True,C:\git_repo\Stellar-World-Model\experiments\exp08_menu_channel\mu_cache,C:\git_repo\Stellar-World-Model\experiments\exp08_menu_channel\subset_mu_cache
menu,hann0p3_off_s5,hann0p3_off,5,mean_perp_amp,linear,mu,prot_kounkel,regression,,138,,mean,,0.31758706156354044,1.2477497814419947,0.7402477462312622,False,C:\git_repo\Stellar-World-Model\experiments\exp08_menu_channel\mu_cache,C:\git_repo\Stellar-World-Model\experiments\exp08_menu_channel\subset_mu_cache
menu,hann0p3_off_s5,hann0p3_off,5,mean_perp_amp,linear,mu,rotation_period,regression,,150,,mean,,0.5502420458971502,0.7292816428040981,0.7372007644784212,False,C:\git_repo\Stellar-World-Model\experiments\exp08_menu_channel\mu_cache,C:\git_repo\Stellar-World-Model\experiments\exp08_menu_channel\subset_mu_cache
menu,hann0p3_off_s5,hann0p3_off,5,mean_perp_amp,linear,mu,ijspeert,detection,0.2455964952572126,2021,93.0,mean,0.7158568687815108,,,,,C:\git_repo\Stellar-World-Model\experiments\exp08_menu_channel\mu_cache,C:\git_repo\Stellar-World-Model\experiments\exp08_menu_channel\subset_mu_cache
menu,hann0p3_off_s5,hann0p3_off,5,mean_perp_amp,linear,mu,ijspeert_excl_villanova,detection,0.18328839651841913,1825,19.0,mean,0.6713003438829632,,,,,C:\git_repo\Stellar-World-Model\experiments\exp08_menu_channel\mu_cache,C:\git_repo\Stellar-World-Model\experiments\exp08_menu_channel\subset_mu_cache
v1,untrained,untrained,0,mean,linear,mu,pulsating,detection,0.7674835379513198,2021,216.0,,,,,,,C:\git_repo\Stellar-World-Model\experiments\exp08_menu_channel\mu_cache,C:\git_repo\Stellar-World-Model\experiments\exp08_menu_channel\subset_mu_cache
v1,untrained,untrained,0,mean,linear,mu,eb,detection,0.7125878172203186,2021,196.0,,,,,,,C:\git_repo\Stellar-World-Model\experiments\exp08_menu_channel\mu_cache,C:\git_repo\Stellar-World-Model\experiments\exp08_menu_channel\subset_mu_cache
v1,untrained,untrained,0,mean,linear,mu,rotation,detection,0.5317357169467057,2021,180.0,,,,,,,C:\git_repo\Stellar-World-Model\experiments\exp08_menu_channel\mu_cache,C:\git_repo\Stellar-World-Model\experiments\exp08_menu_channel\subset_mu_cache
v1,untrained,untrained,0,mean,linear,mu,transit,detection,0.08057794257269656,2021,122.0,,,,,,,C:\git_repo\Stellar-World-Model\experiments\exp08_menu_channel\mu_cache,C:\git_repo\Stellar-World-Model\experiments\exp08_menu_channel\subset_mu_cache
v1,untrained,untrained,0,mean,linear,features_plus_mu,pulsating,detection,0.8040656736879009,2021,216.0,,,,,,,C:\git_repo\Stellar-World-Model\experiments\exp08_menu_channel\mu_cache,C:\git_repo\Stellar-World-Model\experiments\exp08_menu_channel\subset_mu_cache
v1,untrained,untrained,0,mean,linear,features_plus_mu,eb,detection,0.7314161792376058,2021,196.0,,,,,,,C:\git_repo\Stellar-World-Model\experiments\exp08_menu_channel\mu_cache,C:\git_repo\Stellar-World-Model\experiments\exp08_menu_channel\subset_mu_cache
v1,untrained,untrained,0,mean,linear,features_plus_mu,rotation,detection,0.5142193327491511,2021,180.0,,,,,,,C:\git_repo\Stellar-World-Model\experiments\exp08_menu_channel\mu_cache,C:\git_repo\Stellar-World-Model\experiments\exp08_menu_channel\subset_mu_cache
v1,untrained,untrained,0,mean,linear,features_plus_mu,transit,detection,0.19400162905832546,2021,122.0,,,,,,,C:\git_repo\Stellar-World-Model\experiments\exp08_menu_channel\mu_cache,C:\git_repo\Stellar-World-Model\experiments\exp08_menu_channel\subset_mu_cache
v1,untrained,untrained,0,mean,linear,mu_perp_full,pulsating,detection,0.26802006018933144,2021,216.0,,,,,,,C:\git_repo\Stellar-World-Model\experiments\exp08_menu_channel\mu_cache,C:\git_repo\Stellar-World-Model\experiments\exp08_menu_channel\subset_mu_cache
v1,untrained,untrained,0,mean,linear,mu_perp_full,eb,detection,0.11578006971113332,2021,196.0,,,,,,,C:\git_repo\Stellar-World-Model\experiments\exp08_menu_channel\mu_cache,C:\git_repo\Stellar-World-Model\experiments\exp08_menu_channel\subset_mu_cache
v1,untrained,untrained,0,mean,linear,mu_perp_full,rotation,detection,0.10577489364006061,2021,180.0,,,,,,,C:\git_repo\Stellar-World-Model\experiments\exp08_menu_channel\mu_cache,C:\git_repo\Stellar-World-Model\experiments\exp08_menu_channel\subset_mu_cache
v1,untrained,untrained,0,mean,linear,mu_perp_full,transit,detection,0.12943671813363167,2021,122.0,,,,,,,C:\git_repo\Stellar-World-Model\experiments\exp08_menu_channel\mu_cache,C:\git_repo\Stellar-World-Model\experiments\exp08_menu_channel\subset_mu_cache
menu,untrained,untrained,0,mean,linear,mu,osc_giant,detection,0.7159896042033664,3429,1313.0,mean,0.8536501352621811,,,,,C:\git_repo\Stellar-World-Model\experiments\exp08_menu_channel\mu_cache,C:\git_repo\Stellar-World-Model\experiments\exp08_menu_channel\subset_mu_cache
menu,untrained,untrained,0,mean,linear,mu,solar_like_osc,detection,0.19527328847049802,3429,417.0,mean,0.6780949742198272,,,,,C:\git_repo\Stellar-World-Model\experiments\exp08_menu_channel\mu_cache,C:\git_repo\Stellar-World-Model\experiments\exp08_menu_channel\subset_mu_cache
menu,untrained,untrained,0,mean,linear,mu,flare,detection,0.39500318335178286,3429,304.0,mean,0.8156778947368419,,,,,C:\git_repo\Stellar-World-Model\experiments\exp08_menu_channel\mu_cache,C:\git_repo\Stellar-World-Model\experiments\exp08_menu_channel\subset_mu_cache
menu,untrained,untrained,0,mean,linear,mu,rgb_vs_heb,contrastive,0.7591403433869308,161,113.0,mean,0.5704277286135693,,,,,C:\git_repo\Stellar-World-Model\experiments\exp08_menu_channel\mu_cache,C:\git_repo\Stellar-World-Model\experiments\exp08_menu_channel\subset_mu_cache
menu,untrained,untrained,0,mean,linear,mu,numax_hon,regression,,1313,,mean,,0.42990047390281794,0.15675702309137524,0.6263366144489151,True,C:\git_repo\Stellar-World-Model\experiments\exp08_menu_channel\mu_cache,C:\git_repo\Stellar-World-Model\experiments\exp08_menu_channel\subset_mu_cache
menu,untrained,untrained,0,mean,linear,mu,numax_hatt,regression,,417,,mean,,0.7079409103923346,0.23209225393007296,0.8328569660176879,True,C:\git_repo\Stellar-World-Model\experiments\exp08_menu_channel\mu_cache,C:\git_repo\Stellar-World-Model\experiments\exp08_menu_channel\subset_mu_cache
menu,untrained,untrained,0,mean,linear,mu,dnu_hatt,regression,,417,,mean,,0.7038681981569429,0.1871051280500323,0.8372643669903348,True,C:\git_repo\Stellar-World-Model\experiments\exp08_menu_channel\mu_cache,C:\git_repo\Stellar-World-Model\experiments\exp08_menu_channel\subset_mu_cache
menu,untrained,untrained,0,mean,linear,mu,prot_kounkel,regression,,138,,mean,,0.11880063838631161,1.417884853487493,0.5315071057805208,False,C:\git_repo\Stellar-World-Model\experiments\exp08_menu_channel\mu_cache,C:\git_repo\Stellar-World-Model\experiments\exp08_menu_channel\subset_mu_cache
menu,untrained,untrained,0,mean,linear,mu,rotation_period,regression,,150,,mean,,0.37695015040341884,0.8583556164852106,0.71417040757367,False,C:\git_repo\Stellar-World-Model\experiments\exp08_menu_channel\mu_cache,C:\git_repo\Stellar-World-Model\experiments\exp08_menu_channel\subset_mu_cache
menu,untrained,untrained,0,mean,linear,mu,ijspeert,detection,0.3774757171303753,2021,93.0,mean,0.7944440726364163,,,,,C:\git_repo\Stellar-World-Model\experiments\exp08_menu_channel\mu_cache,C:\git_repo\Stellar-World-Model\experiments\exp08_menu_channel\subset_mu_cache
menu,untrained,untrained,0,mean,linear,mu,ijspeert_excl_villanova,detection,0.08073816026370167,1825,19.0,mean,0.673719181675118,,,,,C:\git_repo\Stellar-World-Model\experiments\exp08_menu_channel\mu_cache,C:\git_repo\Stellar-World-Model\experiments\exp08_menu_channel\subset_mu_cache
menu,untrained,untrained,0,mean,linear,features_plus_mu,osc_giant,detection,0.9172649819269606,3429,1313.0,mean,0.9613826112871574,,,,,C:\git_repo\Stellar-World-Model\experiments\exp08_menu_channel\mu_cache,C:\git_repo\Stellar-World-Model\experiments\exp08_menu_channel\subset_mu_cache
menu,untrained,untrained,0,mean,linear,features_plus_mu,solar_like_osc,detection,0.31292069258616817,3429,417.0,mean,0.8069257741217385,,,,,C:\git_repo\Stellar-World-Model\experiments\exp08_menu_channel\mu_cache,C:\git_repo\Stellar-World-Model\experiments\exp08_menu_channel\subset_mu_cache
menu,untrained,untrained,0,mean,linear,features_plus_mu,flare,detection,0.4798055587265005,3429,304.0,mean,0.8880947368421053,,,,,C:\git_repo\Stellar-World-Model\experiments\exp08_menu_channel\mu_cache,C:\git_repo\Stellar-World-Model\experiments\exp08_menu_channel\subset_mu_cache
menu,untrained,untrained,0,mean,linear,features_plus_mu,rgb_vs_heb,contrastive,0.8376711849694766,161,113.0,mean,0.7205014749262537,,,,,C:\git_repo\Stellar-World-Model\experiments\exp08_menu_channel\mu_cache,C:\git_repo\Stellar-World-Model\experiments\exp08_menu_channel\subset_mu_cache
menu,untrained,untrained,0,mean,linear,features_plus_mu,numax_hon,regression,,1313,,mean,,0.8293798391667093,0.08575645915165381,0.8846188612793886,True,C:\git_repo\Stellar-World-Model\experiments\exp08_menu_channel\mu_cache,C:\git_repo\Stellar-World-Model\experiments\exp08_menu_channel\subset_mu_cache
menu,untrained,untrained,0,mean,linear,features_plus_mu,numax_hatt,regression,,417,,mean,,0.8601183531040086,0.16062222994520842,0.9276402432990514,True,C:\git_repo\Stellar-World-Model\experiments\exp08_menu_channel\mu_cache,C:\git_repo\Stellar-World-Model\experiments\exp08_menu_channel\subset_mu_cache
menu,untrained,untrained,0,mean,linear,features_plus_mu,dnu_hatt,regression,,417,,mean,,0.8604159832146151,0.12845795733578366,0.9282186523259457,True,C:\git_repo\Stellar-World-Model\experiments\exp08_menu_channel\mu_cache,C:\git_repo\Stellar-World-Model\experiments\exp08_menu_channel\subset_mu_cache
menu,untrained,untrained,0,mean,linear,features_plus_mu,prot_kounkel,regression,,138,,mean,,0.47731507854401267,1.0920030769665288,0.7789816399294096,False,C:\git_repo\Stellar-World-Model\experiments\exp08_menu_channel\mu_cache,C:\git_repo\Stellar-World-Model\experiments\exp08_menu_channel\subset_mu_cache
menu,untrained,untrained,0,mean,linear,features_plus_mu,rotation_period,regression,,150,,mean,,0.6466434295610423,0.6464165113216601,0.715091337392773,False,C:\git_repo\Stellar-World-Model\experiments\exp08_menu_channel\mu_cache,C:\git_repo\Stellar-World-Model\experiments\exp08_menu_channel\subset_mu_cache
menu,untrained,untrained,0,mean,linear,features_plus_mu,ijspeert,detection,0.41262651091801833,2021,93.0,mean,0.8359490028108687,,,,,C:\git_repo\Stellar-World-Model\experiments\exp08_menu_channel\mu_cache,C:\git_repo\Stellar-World-Model\experiments\exp08_menu_channel\subset_mu_cache
menu,untrained,untrained,0,mean,linear,features_plus_mu,ijspeert_excl_villanova,detection,0.3480328780306649,1825,19.0,mean,0.7589030716325698,,,,,C:\git_repo\Stellar-World-Model\experiments\exp08_menu_channel\mu_cache,C:\git_repo\Stellar-World-Model\experiments\exp08_menu_channel\subset_mu_cache
menu,untrained,untrained,0,mean,linear,mu_perp_full,osc_giant,detection,0.4332607984568475,3429,1313.0,mean,0.6209783076606337,,,,,C:\git_repo\Stellar-World-Model\experiments\exp08_menu_channel\mu_cache,C:\git_repo\Stellar-World-Model\experiments\exp08_menu_channel\subset_mu_cache
menu,untrained,untrained,0,mean,linear,mu_perp_full,solar_like_osc,detection,0.1402996428317711,3429,417.0,mean,0.5677561536428228,,,,,C:\git_repo\Stellar-World-Model\experiments\exp08_menu_channel\mu_cache,C:\git_repo\Stellar-World-Model\experiments\exp08_menu_channel\subset_mu_cache
menu,untrained,untrained,0,mean,linear,mu_perp_full,flare,detection,0.12004459608598136,3429,304.0,mean,0.5855831578947368,,,,,C:\git_repo\Stellar-World-Model\experiments\exp08_menu_channel\mu_cache,C:\git_repo\Stellar-World-Model\experiments\exp08_menu_channel\subset_mu_cache
menu,untrained,untrained,0,mean,linear,mu_perp_full,rgb_vs_heb,contrastive,0.7377532342433873,161,113.0,mean,0.5578908554572272,,,,,C:\git_repo\Stellar-World-Model\experiments\exp08_menu_channel\mu_cache,C:\git_repo\Stellar-World-Model\experiments\exp08_menu_channel\subset_mu_cache
menu,untrained,untrained,0,mean,linear,mu_perp_full,numax_hon,regression,,1313,,mean,,0.07440819163017742,0.19973833189832899,0.2986304077452086,True,C:\git_repo\Stellar-World-Model\experiments\exp08_menu_channel\mu_cache,C:\git_repo\Stellar-World-Model\experiments\exp08_menu_channel\subset_mu_cache
menu,untrained,untrained,0,mean,linear,mu_perp_full,numax_hatt,regression,,417,,mean,,0.03833160349375275,0.4211511147496556,0.19262467220269927,True,C:\git_repo\Stellar-World-Model\experiments\exp08_menu_channel\mu_cache,C:\git_repo\Stellar-World-Model\experiments\exp08_menu_channel\subset_mu_cache
menu,untrained,untrained,0,mean,linear,mu_perp_full,dnu_hatt,regression,,417,,mean,,0.044978899923501015,0.33600802459344853,0.21700641257836745,True,C:\git_repo\Stellar-World-Model\experiments\exp08_menu_channel\mu_cache,C:\git_repo\Stellar-World-Model\experiments\exp08_menu_channel\subset_mu_cache
menu,untrained,untrained,0,mean,linear,mu_perp_full,prot_kounkel,regression,,138,,mean,,0.033662407121356264,1.484801213312465,0.19830429337769503,False,C:\git_repo\Stellar-World-Model\experiments\exp08_menu_channel\mu_cache,C:\git_repo\Stellar-World-Model\experiments\exp08_menu_channel\subset_mu_cache
menu,untrained,untrained,0,mean,linear,mu_perp_full,rotation_period,regression,,150,,mean,,0.10639412631164946,1.027966265637618,0.2622463220587582,False,C:\git_repo\Stellar-World-Model\experiments\exp08_menu_channel\mu_cache,C:\git_repo\Stellar-World-Model\experiments\exp08_menu_channel\subset_mu_cache
menu,untrained,untrained,0,mean,linear,mu_perp_full,ijspeert,detection,0.06779049918921344,2021,93.0,mean,0.5569200910186053,,,,,C:\git_repo\Stellar-World-Model\experiments\exp08_menu_channel\mu_cache,C:\git_repo\Stellar-World-Model\experiments\exp08_menu_channel\subset_mu_cache
menu,untrained,untrained,0,mean,linear,mu_perp_full,ijspeert_excl_villanova,detection,0.21435835408516316,1825,19.0,mean,0.7026578073089701,,,,,C:\git_repo\Stellar-World-Model\experiments\exp08_menu_channel\mu_cache,C:\git_repo\Stellar-World-Model\experiments\exp08_menu_channel\subset_mu_cache
v1,untrained,untrained,0,mean_std,linear,mu,pulsating,detection,0.7622697580082534,2021,216.0,,,,,,,C:\git_repo\Stellar-World-Model\experiments\exp08_menu_channel\mu_cache,C:\git_repo\Stellar-World-Model\experiments\exp08_menu_channel\subset_mu_cache
v1,untrained,untrained,0,mean_std,linear,mu,eb,detection,0.7385717985790154,2021,196.0,,,,,,,C:\git_repo\Stellar-World-Model\experiments\exp08_menu_channel\mu_cache,C:\git_repo\Stellar-World-Model\experiments\exp08_menu_channel\subset_mu_cache
v1,untrained,untrained,0,mean_std,linear,mu,rotation,detection,0.49214964037342623,2021,180.0,,,,,,,C:\git_repo\Stellar-World-Model\experiments\exp08_menu_channel\mu_cache,C:\git_repo\Stellar-World-Model\experiments\exp08_menu_channel\subset_mu_cache
v1,untrained,untrained,0,mean_std,linear,mu,transit,detection,0.1467514540417333,2021,122.0,,,,,,,C:\git_repo\Stellar-World-Model\experiments\exp08_menu_channel\mu_cache,C:\git_repo\Stellar-World-Model\experiments\exp08_menu_channel\subset_mu_cache
v1,untrained,untrained,0,mean_std,linear,features_plus_mu,pulsating,detection,0.8038903111225206,2021,216.0,,,,,,,C:\git_repo\Stellar-World-Model\experiments\exp08_menu_channel\mu_cache,C:\git_repo\Stellar-World-Model\experiments\exp08_menu_channel\subset_mu_cache
v1,untrained,untrained,0,mean_std,linear,features_plus_mu,eb,detection,0.7501377103010585,2021,196.0,,,,,,,C:\git_repo\Stellar-World-Model\experiments\exp08_menu_channel\mu_cache,C:\git_repo\Stellar-World-Model\experiments\exp08_menu_channel\subset_mu_cache
v1,untrained,untrained,0,mean_std,linear,features_plus_mu,rotation,detection,0.47688052811066906,2021,180.0,,,,,,,C:\git_repo\Stellar-World-Model\experiments\exp08_menu_channel\mu_cache,C:\git_repo\Stellar-World-Model\experiments\exp08_menu_channel\subset_mu_cache
v1,untrained,untrained,0,mean_std,linear,features_plus_mu,transit,detection,0.1808554077617433,2021,122.0,,,,,,,C:\git_repo\Stellar-World-Model\experiments\exp08_menu_channel\mu_cache,C:\git_repo\Stellar-World-Model\experiments\exp08_menu_channel\subset_mu_cache
v1,untrained,untrained,0,mean_std,linear,mu_perp_full,pulsating,detection,0.23655487988955545,2021,216.0,,,,,,,C:\git_repo\Stellar-World-Model\experiments\exp08_menu_channel\mu_cache,C:\git_repo\Stellar-World-Model\experiments\exp08_menu_channel\subset_mu_cache
v1,untrained,untrained,0,mean_std,linear,mu_perp_full,eb,detection,0.15500368300166298,2021,196.0,,,,,,,C:\git_repo\Stellar-World-Model\experiments\exp08_menu_channel\mu_cache,C:\git_repo\Stellar-World-Model\experiments\exp08_menu_channel\subset_mu_cache
v1,untrained,untrained,0,mean_std,linear,mu_perp_full,rotation,detection,0.13097434335187338,2021,180.0,,,,,,,C:\git_repo\Stellar-World-Model\experiments\exp08_menu_channel\mu_cache,C:\git_repo\Stellar-World-Model\experiments\exp08_menu_channel\subset_mu_cache
v1,untrained,untrained,0,mean_std,linear,mu_perp_full,transit,detection,0.12596726597833222,2021,122.0,,,,,,,C:\git_repo\Stellar-World-Model\experiments\exp08_menu_channel\mu_cache,C:\git_repo\Stellar-World-Model\experiments\exp08_menu_channel\subset_mu_cache
menu,untrained,untrained,0,mean_std,linear,mu,osc_giant,detection,0.8532014768339172,3429,1313.0,mean,0.9270682012217508,,,,,C:\git_repo\Stellar-World-Model\experiments\exp08_menu_channel\mu_cache,C:\git_repo\Stellar-World-Model\experiments\exp08_menu_channel\subset_mu_cache
menu,untrained,untrained,0,mean_std,linear,mu,solar_like_osc,detection,0.2517324135786666,3429,417.0,mean,0.7521648020229236,,,,,C:\git_repo\Stellar-World-Model\experiments\exp08_menu_channel\mu_cache,C:\git_repo\Stellar-World-Model\experiments\exp08_menu_channel\subset_mu_cache
menu,untrained,untrained,0,mean_std,linear,mu,flare,detection,0.44306559515325095,3429,304.0,mean,0.8451968421052632,,,,,C:\git_repo\Stellar-World-Model\experiments\exp08_menu_channel\mu_cache,C:\git_repo\Stellar-World-Model\experiments\exp08_menu_channel\subset_mu_cache
menu,untrained,untrained,0,mean_std,linear,mu,rgb_vs_heb,contrastive,0.7923132891359641,161,113.0,mean,0.6561578171091446,,,,,C:\git_repo\Stellar-World-Model\experiments\exp08_menu_channel\mu_cache,C:\git_repo\Stellar-World-Model\experiments\exp08_menu_channel\subset_mu_cache
menu,untrained,untrained,0,mean_std,linear,mu,numax_hon,regression,,1313,,mean,,0.6838362228328245,0.11673678356627168,0.8106612250848231,True,C:\git_repo\Stellar-World-Model\experiments\exp08_menu_channel\mu_cache,C:\git_repo\Stellar-World-Model\experiments\exp08_menu_channel\subset_mu_cache
menu,untrained,untrained,0,mean_std,linear,mu,numax_hatt,regression,,417,,mean,,0.7476353211725428,0.21574441797027963,0.8789287271088486,True,C:\git_repo\Stellar-World-Model\experiments\exp08_menu_channel\mu_cache,C:\git_repo\Stellar-World-Model\experiments\exp08_menu_channel\subset_mu_cache
menu,untrained,untrained,0,mean_std,linear,mu,dnu_hatt,regression,,417,,mean,,0.7377565444773395,0.17607410737496837,0.8799722039336254,True,C:\git_repo\Stellar-World-Model\experiments\exp08_menu_channel\mu_cache,C:\git_repo\Stellar-World-Model\experiments\exp08_menu_channel\subset_mu_cache
menu,untrained,untrained,0,mean_std,linear,mu,prot_kounkel,regression,,138,,mean,,0.43545227620703364,1.134891142873285,0.7658648571828223,False,C:\git_repo\Stellar-World-Model\experiments\exp08_menu_channel\mu_cache,C:\git_repo\Stellar-World-Model\experiments\exp08_menu_channel\subset_mu_cache
menu,untrained,untrained,0,mean_std,linear,mu,rotation_period,regression,,150,,mean,,0.7070424981494702,0.5885836139343323,0.7749482199208854,False,C:\git_repo\Stellar-World-Model\experiments\exp08_menu_channel\mu_cache,C:\git_repo\Stellar-World-Model\experiments\exp08_menu_channel\subset_mu_cache
menu,untrained,untrained,0,mean_std,linear,mu,ijspeert,detection,0.3610149862329717,2021,93.0,mean,0.7813099540445277,,,,,C:\git_repo\Stellar-World-Model\experiments\exp08_menu_channel\mu_cache,C:\git_repo\Stellar-World-Model\experiments\exp08_menu_channel\subset_mu_cache
menu,untrained,untrained,0,mean_std,linear,mu,ijspeert_excl_villanova,detection,0.15835363684076986,1825,19.0,mean,0.5524275805793554,,,,,C:\git_repo\Stellar-World-Model\experiments\exp08_menu_channel\mu_cache,C:\git_repo\Stellar-World-Model\experiments\exp08_menu_channel\subset_mu_cache
menu,untrained,untrained,0,mean_std,linear,features_plus_mu,osc_giant,detection,0.9169836524685631,3429,1313.0,mean,0.9614509982334573,,,,,C:\git_repo\Stellar-World-Model\experiments\exp08_menu_channel\mu_cache,C:\git_repo\Stellar-World-Model\experiments\exp08_menu_channel\subset_mu_cache
menu,untrained,untrained,0,mean_std,linear,features_plus_mu,solar_like_osc,detection,0.3198594257171946,3429,417.0,mean,0.8079799108920036,,,,,C:\git_repo\Stellar-World-Model\experiments\exp08_menu_channel\mu_cache,C:\git_repo\Stellar-World-Model\experiments\exp08_menu_channel\subset_mu_cache
menu,untrained,untrained,0,mean_std,linear,features_plus_mu,flare,detection,0.5097669726938137,3429,304.0,mean,0.8845347368421052,,,,,C:\git_repo\Stellar-World-Model\experiments\exp08_menu_channel\mu_cache,C:\git_repo\Stellar-World-Model\experiments\exp08_menu_channel\subset_mu_cache
menu,untrained,untrained,0,mean_std,linear,features_plus_mu,rgb_vs_heb,contrastive,0.8075510389725696,161,113.0,mean,0.6672197640117995,,,,,C:\git_repo\Stellar-World-Model\experiments\exp08_menu_channel\mu_cache,C:\git_repo\Stellar-World-Model\experiments\exp08_menu_channel\subset_mu_cache
menu,untrained,untrained,0,mean_std,linear,features_plus_mu,numax_hon,regression,,1313,,mean,,0.8296236114578989,0.08569517530116436,0.8818750579161888,True,C:\git_repo\Stellar-World-Model\experiments\exp08_menu_channel\mu_cache,C:\git_repo\Stellar-World-Model\experiments\exp08_menu_channel\subset_mu_cache
menu,untrained,untrained,0,mean_std,linear,features_plus_mu,numax_hatt,regression,,417,,mean,,0.855526415247743,0.1632373391746268,0.9210546740926523,True,C:\git_repo\Stellar-World-Model\experiments\exp08_menu_channel\mu_cache,C:\git_repo\Stellar-World-Model\experiments\exp08_menu_channel\subset_mu_cache
menu,untrained,untrained,0,mean_std,linear,features_plus_mu,dnu_hatt,regression,,417,,mean,,0.8468598796716315,0.13455122557547633,0.9215883713341199,True,C:\git_repo\Stellar-World-Model\experiments\exp08_menu_channel\mu_cache,C:\git_repo\Stellar-World-Model\experiments\exp08_menu_channel\subset_mu_cache
menu,untrained,untrained,0,mean_std,linear,features_plus_mu,prot_kounkel,regression,,138,,mean,,0.49976727868040693,1.0682918729691355,0.7930824667776124,False,C:\git_repo\Stellar-World-Model\experiments\exp08_menu_channel\mu_cache,C:\git_repo\Stellar-World-Model\experiments\exp08_menu_channel\subset_mu_cache
menu,untrained,untrained,0,mean_std,linear,features_plus_mu,rotation_period,regression,,150,,mean,,0.721226444355689,0.5741582937760105,0.7479461309391529,False,C:\git_repo\Stellar-World-Model\experiments\exp08_menu_channel\mu_cache,C:\git_repo\Stellar-World-Model\experiments\exp08_menu_channel\subset_mu_cache
menu,untrained,untrained,0,mean_std,linear,features_plus_mu,ijspeert,detection,0.40336651769483234,2021,93.0,mean,0.8059162093427922,,,,,C:\git_repo\Stellar-World-Model\experiments\exp08_menu_channel\mu_cache,C:\git_repo\Stellar-World-Model\experiments\exp08_menu_channel\subset_mu_cache
menu,untrained,untrained,0,mean_std,linear,features_plus_mu,ijspeert_excl_villanova,detection,0.15029392251256246,1825,19.0,mean,0.6564376056420119,,,,,C:\git_repo\Stellar-World-Model\experiments\exp08_menu_channel\mu_cache,C:\git_repo\Stellar-World-Model\experiments\exp08_menu_channel\subset_mu_cache
menu,untrained,untrained,0,mean_std,linear,mu_perp_full,osc_giant,detection,0.4678331057344814,3429,1313.0,mean,0.634322400540185,,,,,C:\git_repo\Stellar-World-Model\experiments\exp08_menu_channel\mu_cache,C:\git_repo\Stellar-World-Model\experiments\exp08_menu_channel\subset_mu_cache
menu,untrained,untrained,0,mean_std,linear,mu_perp_full,solar_like_osc,detection,0.15612872312977677,3429,417.0,mean,0.5892743972152955,,,,,C:\git_repo\Stellar-World-Model\experiments\exp08_menu_channel\mu_cache,C:\git_repo\Stellar-World-Model\experiments\exp08_menu_channel\subset_mu_cache
menu,untrained,untrained,0,mean_std,linear,mu_perp_full,flare,detection,0.17294565380604365,3429,304.0,mean,0.6130147368421053,,,,,C:\git_repo\Stellar-World-Model\experiments\exp08_menu_channel\mu_cache,C:\git_repo\Stellar-World-Model\experiments\exp08_menu_channel\subset_mu_cache
menu,untrained,untrained,0,mean_std,linear,mu_perp_full,rgb_vs_heb,contrastive,0.7400315374588744,161,113.0,mean,0.5855457227138643,,,,,C:\git_repo\Stellar-World-Model\experiments\exp08_menu_channel\mu_cache,C:\git_repo\Stellar-World-Model\experiments\exp08_menu_channel\subset_mu_cache
menu,untrained,untrained,0,mean_std,linear,mu_perp_full,numax_hon,regression,,1313,,mean,,0.12145470916871715,0.1945959265383428,0.40103084835699226,True,C:\git_repo\Stellar-World-Model\experiments\exp08_menu_channel\mu_cache,C:\git_repo\Stellar-World-Model\experiments\exp08_menu_channel\subset_mu_cache
menu,untrained,untrained,0,mean_std,linear,mu_perp_full,numax_hatt,regression,,417,,mean,,0.05441898013446533,0.4176136214041371,0.23527224843057415,True,C:\git_repo\Stellar-World-Model\experiments\exp08_menu_channel\mu_cache,C:\git_repo\Stellar-World-Model\experiments\exp08_menu_channel\subset_mu_cache
menu,untrained,untrained,0,mean_std,linear,mu_perp_full,dnu_hatt,regression,,417,,mean,,0.05604781471336895,0.33405514427196925,0.24402864703996058,True,C:\git_repo\Stellar-World-Model\experiments\exp08_menu_channel\mu_cache,C:\git_repo\Stellar-World-Model\experiments\exp08_menu_channel\subset_mu_cache
menu,untrained,untrained,0,mean_std,linear,mu_perp_full,prot_kounkel,regression,,138,,mean,,0.09716211287270127,1.4351878997968495,0.37882501481227954,False,C:\git_repo\Stellar-World-Model\experiments\exp08_menu_channel\mu_cache,C:\git_repo\Stellar-World-Model\experiments\exp08_menu_channel\subset_mu_cache
menu,untrained,untrained,0,mean_std,linear,mu_perp_full,rotation_period,regression,,150,,mean,,0.12547801608884124,1.0169303785545625,0.22953375705586915,False,C:\git_repo\Stellar-World-Model\experiments\exp08_menu_channel\mu_cache,C:\git_repo\Stellar-World-Model\experiments\exp08_menu_channel\subset_mu_cache
menu,untrained,untrained,0,mean_std,linear,mu_perp_full,ijspeert,detection,0.1494363303049692,2021,93.0,mean,0.6222002855485655,,,,,C:\git_repo\Stellar-World-Model\experiments\exp08_menu_channel\mu_cache,C:\git_repo\Stellar-World-Model\experiments\exp08_menu_channel\subset_mu_cache
menu,untrained,untrained,0,mean_std,linear,mu_perp_full,ijspeert_excl_villanova,detection,0.132590718124247,1825,19.0,mean,0.6273241242641487,,,,,C:\git_repo\Stellar-World-Model\experiments\exp08_menu_channel\mu_cache,C:\git_repo\Stellar-World-Model\experiments\exp08_menu_channel\subset_mu_cache
v1,untrained,untrained,0,mean_perp_amp,linear,mu,pulsating,detection,0.7045709643743062,2021,216.0,,,,,,,C:\git_repo\Stellar-World-Model\experiments\exp08_menu_channel\mu_cache,C:\git_repo\Stellar-World-Model\experiments\exp08_menu_channel\subset_mu_cache
v1,untrained,untrained,0,mean_perp_amp,linear,mu,eb,detection,0.4553947896024117,2021,196.0,,,,,,,C:\git_repo\Stellar-World-Model\experiments\exp08_menu_channel\mu_cache,C:\git_repo\Stellar-World-Model\experiments\exp08_menu_channel\subset_mu_cache
v1,untrained,untrained,0,mean_perp_amp,linear,mu,rotation,detection,0.3513416661887752,2021,180.0,,,,,,,C:\git_repo\Stellar-World-Model\experiments\exp08_menu_channel\mu_cache,C:\git_repo\Stellar-World-Model\experiments\exp08_menu_channel\subset_mu_cache
v1,untrained,untrained,0,mean_perp_amp,linear,mu,transit,detection,0.15034607611863562,2021,122.0,,,,,,,C:\git_repo\Stellar-World-Model\experiments\exp08_menu_channel\mu_cache,C:\git_repo\Stellar-World-Model\experiments\exp08_menu_channel\subset_mu_cache
menu,untrained,untrained,0,mean_perp_amp,linear,mu,osc_giant,detection,0.6916396340061084,3429,1313.0,mean,0.8422449922758745,,,,,C:\git_repo\Stellar-World-Model\experiments\exp08_menu_channel\mu_cache,C:\git_repo\Stellar-World-Model\experiments\exp08_menu_channel\subset_mu_cache
menu,untrained,untrained,0,mean_perp_amp,linear,mu,solar_like_osc,detection,0.1911181880172796,3429,417.0,mean,0.6726244502406044,,,,,C:\git_repo\Stellar-World-Model\experiments\exp08_menu_channel\mu_cache,C:\git_repo\Stellar-World-Model\experiments\exp08_menu_channel\subset_mu_cache
menu,untrained,untrained,0,mean_perp_amp,linear,mu,flare,detection,0.24996132674051016,3429,304.0,mean,0.697117894736842,,,,,C:\git_repo\Stellar-World-Model\experiments\exp08_menu_channel\mu_cache,C:\git_repo\Stellar-World-Model\experiments\exp08_menu_channel\subset_mu_cache
menu,untrained,untrained,0,mean_perp_amp,linear,mu,rgb_vs_heb,contrastive,0.7656962284969251,161,113.0,mean,0.5696902654867256,,,,,C:\git_repo\Stellar-World-Model\experiments\exp08_menu_channel\mu_cache,C:\git_repo\Stellar-World-Model\experiments\exp08_menu_channel\subset_mu_cache
menu,untrained,untrained,0,mean_perp_amp,linear,mu,numax_hon,regression,,1313,,mean,,0.35808290660129416,0.16633787065595698,0.5677294676407232,True,C:\git_repo\Stellar-World-Model\experiments\exp08_menu_channel\mu_cache,C:\git_repo\Stellar-World-Model\experiments\exp08_menu_channel\subset_mu_cache
menu,untrained,untrained,0,mean_perp_amp,linear,mu,numax_hatt,regression,,417,,mean,,0.6512579136052166,0.2536164757476091,0.791372050403462,True,C:\git_repo\Stellar-World-Model\experiments\exp08_menu_channel\mu_cache,C:\git_repo\Stellar-World-Model\experiments\exp08_menu_channel\subset_mu_cache
menu,untrained,untrained,0,mean_perp_amp,linear,mu,dnu_hatt,regression,,417,,mean,,0.6551913863940414,0.2018980940256863,0.7960653227737433,True,C:\git_repo\Stellar-World-Model\experiments\exp08_menu_channel\mu_cache,C:\git_repo\Stellar-World-Model\experiments\exp08_menu_channel\subset_mu_cache
menu,untrained,untrained,0,mean_perp_amp,linear,mu,prot_kounkel,regression,,138,,mean,,0.12557776846650348,1.4124219937221758,0.5251484913420098,False,C:\git_repo\Stellar-World-Model\experiments\exp08_menu_channel\mu_cache,C:\git_repo\Stellar-World-Model\experiments\exp08_menu_channel\subset_mu_cache
menu,untrained,untrained,0,mean_perp_amp,linear,mu,rotation_period,regression,,150,,mean,,0.40574341084380783,0.8382872454390542,0.7168727498999956,False,C:\git_repo\Stellar-World-Model\experiments\exp08_menu_channel\mu_cache,C:\git_repo\Stellar-World-Model\experiments\exp08_menu_channel\subset_mu_cache
menu,untrained,untrained,0,mean_perp_amp,linear,mu,ijspeert,detection,0.23494968564083663,2021,93.0,mean,0.7358619997322984,,,,,C:\git_repo\Stellar-World-Model\experiments\exp08_menu_channel\mu_cache,C:\git_repo\Stellar-World-Model\experiments\exp08_menu_channel\subset_mu_cache
menu,untrained,untrained,0,mean_perp_amp,linear,mu,ijspeert_excl_villanova,detection,0.19157931393851396,1825,19.0,mean,0.6635775485224689,,,,,C:\git_repo\Stellar-World-Model\experiments\exp08_menu_channel\mu_cache,C:\git_repo\Stellar-World-Model\experiments\exp08_menu_channel\subset_mu_cache
